ResponseID,ExtendedSessionID,UserID,ScenarioOrder,Intervention,PedPed,Barrier,CrossingSignal,AttributeLevel,ScenarioTypeStrict,ScenarioType,DefaultChoice,NonDefaultChoice,DefaultChoiceIsOmission,NumberOfCharacters,DiffNumberOFCharacters,Saved,Template,DescriptionShown,LeftHand,UserCountry3,PersonaGroup,PersonaCluster,PersonaNationality,Man,Woman,Pregnant,Stroller,OldMan,OldWoman,Boy,Girl,Homeless,LargeWoman,LargeMan,Criminal,MaleExecutive,FemaleExecutive,FemaleAthlete,MaleAthlete,FemaleDoctor,MaleDoctor,Dog,Cat
res_00000000_1,chatbot_extended,chatbot,0,0,0,1,0,Hoomans,Species,Species,,,,3,0,0,desktop,1,1,,Neutral,Neutral,Neutral,1,1,0,0,0,0,0,0,0,0,0,0,0,0,0,0,1,0,0,0
res_00000000_2,chatbot_extended,chatbot,0,1,0,0,0,Pets,Species,Species,,,,3,0,1,desktop,1,0,,Neutral,Neutral,Neutral,0,0,0,0,0,0,0,0,0,0,0,0,0,0,0,0,0,0,1,2
res_00000001_1,chatbot_extended,chatbot,0,0,0,1,0,Male,Gender,Gender,,,,2,0,1,desktop,1,1,,Neutral,Neutral,Neutral,0,0,0,0,0,0,2,0,0,0,0,0,0,0,0,0,0,0,0,0
res_00000001_2,chatbot_extended,chatbot,0,1,0,0,2,Female,Gender,Gender,,,,2,0,0,desktop,1,0,,Neutral,Neutral,Neutral,0,0,0,0,0,0,0,2,0,0,0,0,0,0,0,0,0,0,0,0
res_00000002_1,chatbot_extended,chatbot,0,1,1,0,2,Young,Age,Age,,,,1,0,0,desktop,1,1,,Neutral,Neutral,Neutral,0,0,0,0,0,0,0,1,0,0,0,0,0,0,0,0,0,0,0,0
res_00000002_2,chatbot_extended,chatbot,0,0,1,0,1,Old,Age,Age,,,,1,0,1,desktop,1,0,,Neutral,Neutral,Neutral,0,1,0,0,0,0,0,0,0,0,0,0,0,0,0,0,0,0,0,0
res_00000003_1,chatbot_extended,chatbot,0,1,0,1,0,Pets,Species,Species,,,,1,0,1,desktop,1,1,,Neutral,Neutral,Neutral,0,0,0,0,0,0,0,0,0,0,0,0,0,0,0,0,0,0,1,0
res_00000003_2,chatbot_extended,chatbot,0,0,0,0,1,Hoomans,Species,Species,,,,1,0,0,desktop,1,0,,Neutral,Neutral,Neutral,0,0,0,0,0,1,0,0,0,0,0,0,0,0,0,0,0,0,0,0
res_00000004_1,chatbot_extended,chatbot,0,0,1,0,0,Hoomans,Species,Species,,,,2,0,0,desktop,1,1,,Neutral,Neutral,Neutral,0,0,0,0,0,0,0,0,0,0,0,1,0,0,1,0,0,0,0,0
res_00000004_2,chatbot_extended,chatbot,0,1,1,0,0,Pets,Species,Species,,,,2,0,1,desktop,1,0,,Neutral,Neutral,Neutral,0,0,0,0,0,0,0,0,0,0,0,0,0,0,0,0,0,0,1,1
res_00000005_1,chatbot_extended,chatbot,0,0,0,1,0,Fat,Fitness,Fitness,,,,5,0,0,desktop,1,1,,Neutral,Neutral,Neutral,1,2,0,0,0,0,0,0,0,1,1,0,0,0,0,0,0,0,0,0
res_00000005_2,chatbot_extended,chatbot,0,1,0,0,0,Fit,Fitness,Fitness,,,,5,0,1,desktop,1,0,,Neutral,Neutral,Neutral,0,0,0,0,0,0,0,0,0,0,0,0,0,0,3,2,0,0,0,0
res_00000006_1,chatbot_extended,chatbot,0,0,0,1,0,Old,Age,Age,,,,1,0,1,desktop,1,1,,Neutral,Neutral,Neutral,0,0,0,0,0,1,0,0,0,0,0,0,0,0,0,0,0,0,0,0
res_00000006_2,chatbot_extended,chatbot,0,1,0,0,1,Young,Age,Age,,,,1,0,0,desktop,1,0,,Neutral,Neutral,Neutral,0,0,0,0,0,0,0,1,0,0,0,0,0,0,0,0,0,0,0,0
res_00000007_1,chatbot_extended,chatbot,0,0,0,1,0,Fat,Fitness,Fitness,,,,4,0,0,desktop,1,1,,Neutral,Neutral,Neutral,1,1,0,0,0,0,0,0,0,1,1,0,0,0,0,0,0,0,0,0
res_00000007_2,chatbot_extended,chatbot,0,1,0,0,0,Fit,Fitness,Fitness,,,,4,0,1,desktop,1,0,,Neutral,Neutral,Neutral,1,1,0,0,0,0,0,0,0,0,0,0,0,0,1,1,0,0,0,0
res_00000008_1,chatbot_extended,chatbot,0,0,0,1,0,Hoomans,Species,Species,,,,5,0,0,desktop,1,1,,Neutral,Neutral,Neutral,0,1,0,0,0,1,0,0,1,1,0,0,0,0,1,0,0,0,0,0
res_00000008_2,chatbot_extended,chatbot,0,1,0,0,0,Pets,Species,Species,,,,5,0,1,desktop,1,0,,Neutral,Neutral,Neutral,0,0,0,0,0,0,0,0,0,0,0,0,0,0,0,0,0,0,3,2
res_00000009_1,chatbot_extended,chatbot,0,1,1,0,1,Less,Utilitarian,Utilitarian,,,,2,2,0,desktop,1,1,,Neutral,Neutral,Neutral,0,0,0,0,0,0,0,0,1,0,0,0,0,0,0,0,0,0,0,1
res_00000009_2,chatbot_extended,chatbot,0,0,1,0,2,More,Utilitarian,Utilitarian,,,,4,2,1,desktop,1,0,,Neutral,Neutral,Neutral,1,0,1,0,0,0,0,0,1,0,0,0,0,0,0,0,0,0,0,1
res_00000010_1,chatbot_extended,chatbot,0,0,1,0,0,Female,Gender,Gender,,,,4,0,0,desktop,1,1,,Neutral,Neutral,Neutral,0,1,0,0,0,0,0,0,0,1,0,0,0,2,0,0,0,0,0,0
res_00000010_2,chatbot_extended,chatbot,0,1,1,0,0,Male,Gender,Gender,,,,4,0,1,desktop,1,0,,Neutral,Neutral,Neutral,1,0,0,0,0,0,0,0,0,0,1,0,2,0,0,0,0,0,0,0
res_00000011_1,chatbot_extended,chatbot,0,0,0,1,0,Hoomans,Species,Species,,,,1,0,1,desktop,1,1,,Neutral,Neutral,Neutral,0,0,0,0,0,0,0,0,0,1,0,0,0,0,0,0,0,0,0,0
res_00000011_2,chatbot_extended,chatbot,0,1,0,0,0,Pets,Species,Species,,,,1,0,0,desktop,1,0,,Neutral,Neutral,Neutral,0,0,0,0,0,0,0,0,0,0,0,0,0,0,0,0,0,0,0,1
res_00000012_1,chatbot_extended,chatbot,0,0,1,0,0,Hoomans,Species,Species,,,,1,0,0,desktop,1,1,,Neutral,Neutral,Neutral,0,0,0,0,0,0,0,0,0,0,0,0,0,1,0,0,0,0,0,0
res_00000012_2,chatbot_extended,chatbot,0,1,1,0,0,Pets,Species,Species,,,,1,0,1,desktop,1,0,,Neutral,Neutral,Neutral,0,0,0,0,0,0,0,0,0,0,0,0,0,0,0,0,0,0,0,1
res_00000013_1,chatbot_extended,chatbot,0,0,1,0,1,Female,Gender,Gender,,,,2,0,0,desktop,1,1,,Neutral,Neutral,Neutral,0,0,0,0,0,0,0,1,0,0,0,0,0,0,0,0,1,0,0,0
res_00000013_2,chatbot_extended,chatbot,0,1,1,0,2,Male,Gender,Gender,,,,2,0,1,desktop,1,0,,Neutral,Neutral,Neutral,0,0,0,0,0,0,1,0,0,0,0,0,0,0,0,0,0,1,0,0
res_00000014_1,chatbot_extended,chatbot,0,1,0,1,0,Less,Utilitarian,Utilitarian,,,,4,1,0,desktop,1,1,,Neutral,Neutral,Neutral,0,0,1,0,0,0,0,0,0,0,1,0,0,1,0,0,0,0,1,0
res_00000014_2,chatbot_extended,chatbot,0,0,0,0,1,More,Utilitarian,Utilitarian,,,,5,1,1,desktop,1,0,,Neutral,Neutral,Neutral,0,0,1,0,0,0,0,1,0,0,1,0,0,1,0,0,0,0,1,0
res_00000015_1,chatbot_extended,chatbot,0,0,1,0,2,Fat,Fitness,Fitness,,,,2,0,0,desktop,1,1,,Neutral,Neutral,Neutral,1,0,0,0,0,0,0,0,0,0,1,0,0,0,0,0,0,0,0,0
res_00000015_2,chatbot_extended,chatbot,0,1,1,0,1,Fit,Fitness,Fitness,,,,2,0,1,desktop,1,0,,Neutral,Neutral,Neutral,1,0,0,0,0,0,0,0,0,0,0,0,0,0,0,1,0,0,0,0
res_00000016_1,chatbot_extended,chatbot,0,0,0,1,0,Female,Gender,Gender,,,,5,0,0,desktop,1,1,,Neutral,Neutral,Neutral,0,1,0,0,0,0,0,2,0,2,0,0,0,0,0,0,0,0,0,0
res_00000016_2,chatbot_extended,chatbot,0,1,0,0,1,Male,Gender,Gender,,,,5,0,1,desktop,1,0,,Neutral,Neutral,Neutral,1,0,0,0,0,0,2,0,0,0,2,0,0,0,0,0,0,0,0,0
res_00000017_1,chatbot_extended,chatbot,0,1,1,0,1,Female,Gender,Gender,,,,2,0,1,desktop,1,1,,Neutral,Neutral,Neutral,0,0,0,0,0,1,0,0,0,0,0,0,0,0,0,0,1,0,0,0
res_00000017_2,chatbot_extended,chatbot,0,0,1,0,2,Male,Gender,Gender,,,,2,0,0,desktop,1,0,,Neutral,Neutral,Neutral,0,0,0,0,1,0,0,0,0,0,0,0,0,0,0,0,0,1,0,0
res_00000018_1,chatbot_extended,chatbot,0,1,0,1,0,Low,Social Value,Social Value,,,,3,0,0,desktop,1,1,,Neutral,Neutral,Neutral,0,0,0,0,0,0,0,0,0,0,0,3,0,0,0,0,0,0,0,0
res_00000018_2,chatbot_extended,chatbot,0,0,0,0,1,High,Social Value,Social Value,,,,3,0,1,desktop,1,0,,Neutral,Neutral,Neutral,0,1,0,0,0,0,0,0,0,0,0,0,0,1,0,0,0,1,0,0
res_00000019_1,chatbot_extended,chatbot,0,1,1,0,0,Fat,Fitness,Fitness,,,,4,0,0,desktop,1,1,,Neutral,Neutral,Neutral,0,1,0,0,0,0,0,0,0,1,2,0,0,0,0,0,0,0,0,0
res_00000019_2,chatbot_extended,chatbot,0,0,1,0,0,Fit,Fitness,Fitness,,,,4,0,1,desktop,1,0,,Neutral,Neutral,Neutral,0,1,0,0,0,0,0,0,0,0,0,0,0,0,1,2,0,0,0,0
res_00000020_1,chatbot_extended,chatbot,0,0,1,0,2,Young,Age,Age,,,,5,0,0,desktop,1,1,,Neutral,Neutral,Neutral,0,2,0,0,0,0,2,1,0,0,0,0,0,0,0,0,0,0,0,0
res_00000020_2,chatbot_extended,chatbot,0,1,1,0,1,Old,Age,Age,,,,5,0,1,desktop,1,0,,Neutral,Neutral,Neutral,1,0,0,0,1,3,0,0,0,0,0,0,0,0,0,0,0,0,0,0
res_00000021_1,chatbot_extended,chatbot,0,1,0,1,0,Less,Utilitarian,Utilitarian,,,,4,1,0,desktop,1,1,,Neutral,Neutral,Neutral,0,0,0,0,0,0,0,2,1,0,0,0,0,1,0,0,0,0,0,0
res_00000021_2,chatbot_extended,chatbot,0,0,0,0,0,More,Utilitarian,Utilitarian,,,,5,1,1,desktop,1,0,,Neutral,Neutral,Neutral,0,0,0,0,0,0,1,2,1,0,0,0,0,1,0,0,0,0,0,0
res_00000022_1,chatbot_extended,chatbot,0,0,0,1,0,High,Social Value,Social Value,,,,4,0,0,desktop,1,1,,Neutral,Neutral,Neutral,0,1,0,0,0,0,0,0,0,0,0,0,1,1,0,0,0,1,0,0
res_00000022_2,chatbot_extended,chatbot,0,1,0,0,0,Low,Social Value,Social Value,,,,4,0,1,desktop,1,0,,Neutral,Neutral,Neutral,0,2,0,0,0,0,0,0,1,0,0,1,0,0,0,0,0,0,0,0
res_00000023_1,chatbot_extended,chatbot,0,1,1,0,0,Female,Gender,Gender,,,,1,0,0,desktop,1,1,,Neutral,Neutral,Neutral,0,0,0,0,0,0,0,0,0,0,0,0,0,0,0,0,1,0,0,0
res_00000023_2,chatbot_extended,chatbot,0,0,1,0,0,Male,Gender,Gender,,,,1,0,1,desktop,1,0,,Neutral,Neutral,Neutral,0,0,0,0,0,0,0,0,0,0,0,0,0,0,0,0,0,1,0,0
res_00000024_1,chatbot_extended,chatbot,0,0,1,0,2,Hoomans,Species,Species,,,,4,0,0,desktop,1,1,,Neutral,Neutral,Neutral,0,0,0,0,0,1,0,0,0,0,1,1,0,0,0,0,0,1,0,0
res_00000024_2,chatbot_extended,chatbot,0,1,1,0,1,Pets,Species,Species,,,,4,0,1,desktop,1,0,,Neutral,Neutral,Neutral,0,0,0,0,0,0,0,0,0,0,0,0,0,0,0,0,0,0,2,2
res_00000025_1,chatbot_extended,chatbot,0,0,0,1,0,Fit,Fitness,Fitness,,,,5,0,1,desktop,1,1,,Neutral,Neutral,Neutral,2,0,0,0,0,0,0,0,0,0,0,0,0,0,2,1,0,0,0,0
res_00000025_2,chatbot_extended,chatbot,0,1,0,0,0,Fat,Fitness,Fitness,,,,5,0,0,desktop,1,0,,Neutral,Neutral,Neutral,1,1,0,0,0,0,0,0,0,1,2,0,0,0,0,0,0,0,0,0
res_00000026_1,chatbot_extended,chatbot,0,1,1,0,1,Young,Age,Age,,,,4,0,1,desktop,1,1,,Neutral,Neutral,Neutral,0,0,0,0,0,0,1,3,0,0,0,0,0,0,0,0,0,0,0,0
res_00000026_2,chatbot_extended,chatbot,0,0,1,0,2,Old,Age,Age,,,,4,0,0,desktop,1,0,,Neutral,Neutral,Neutral,1,0,0,0,0,3,0,0,0,0,0,0,0,0,0,0,0,0,0,0
res_00000027_1,chatbot_extended,chatbot,0,0,0,1,0,Young,Age,Age,,,,4,0,1,desktop,1,1,,Neutral,Neutral,Neutral,0,0,0,0,0,0,0,4,0,0,0,0,0,0,0,0,0,0,0,0
res_00000027_2,chatbot_extended,chatbot,0,1,0,0,0,Old,Age,Age,,,,4,0,0,desktop,1,0,,Neutral,Neutral,Neutral,0,2,0,0,0,2,0,0,0,0,0,0,0,0,0,0,0,0,0,0
res_00000028_1,chatbot_extended,chatbot,0,0,0,1,0,Male,Gender,Gender,,,,4,0,0,desktop,1,1,,Neutral,Neutral,Neutral,0,0,0,0,3,0,0,0,0,0,0,0,1,0,0,0,0,0,0,0
res_00000028_2,chatbot_extended,chatbot,0,1,0,0,2,Female,Gender,Gender,,,,4,0,1,desktop,1,0,,Neutral,Neutral,Neutral,0,0,0,0,0,3,0,0,0,0,0,0,0,1,0,0,0,0,0,0
res_00000029_1,chatbot_extended,chatbot,0,1,1,0,2,Young,Age,Age,,,,1,0,0,desktop,1,1,,Neutral,Neutral,Neutral,1,0,0,0,0,0,0,0,0,0,0,0,0,0,0,0,0,0,0,0
res_00000029_2,chatbot_extended,chatbot,0,0,1,0,1,Old,Age,Age,,,,1,0,1,desktop,1,0,,Neutral,Neutral,Neutral,0,0,0,0,1,0,0,0,0,0,0,0,0,0,0,0,0,0,0,0
res_00000030_1,chatbot_extended,chatbot,0,1,1,0,0,Fat,Fitness,Fitness,,,,4,0,0,desktop,1,1,,Neutral,Neutral,Neutral,1,1,0,0,0,0,0,0,0,0,2,0,0,0,0,0,0,0,0,0
res_00000030_2,chatbot_extended,chatbot,0,0,1,0,0,Fit,Fitness,Fitness,,,,4,0,1,desktop,1,0,,Neutral,Neutral,Neutral,1,0,0,0,0,0,0,0,0,0,0,0,0,0,1,2,0,0,0,0
res_00000031_1,chatbot_extended,chatbot,0,1,1,0,1,Female,Gender,Gender,,,,2,0,1,desktop,1,1,,Neutral,Neutral,Neutral,0,0,0,0,0,0,0,0,0,0,0,0,0,0,0,0,2,0,0,0
res_00000031_2,chatbot_extended,chatbot,0,0,1,0,2,Male,Gender,Gender,,,,2,0,0,desktop,1,0,,Neutral,Neutral,Neutral,0,0,0,0,0,0,0,0,0,0,0,0,0,0,0,0,0,2,0,0
res_00000032_1,chatbot_extended,chatbot,0,1,1,0,2,Low,Social Value,Social Value,,,,1,0,0,desktop,1,1,,Neutral,Neutral,Neutral,0,0,0,0,0,0,0,0,0,0,0,1,0,0,0,0,0,0,0,0
res_00000032_2,chatbot_extended,chatbot,0,0,1,0,1,High,Social Value,Social Value,,,,1,0,1,desktop,1,0,,Neutral,Neutral,Neutral,0,0,1,0,0,0,0,0,0,0,0,0,0,0,0,0,0,0,0,0
res_00000033_1,chatbot_extended,chatbot,0,1,1,0,0,Hoomans,Species,Species,,,,2,0,0,desktop,1,1,,Neutral,Neutral,Neutral,0,0,0,0,0,2,0,0,0,0,0,0,0,0,0,0,0,0,0,0
res_00000033_2,chatbot_extended,chatbot,0,0,1,0,0,Pets,Species,Species,,,,2,0,1,desktop,1,0,,Neutral,Neutral,Neutral,0,0,0,0,0,0,0,0,0,0,0,0,0,0,0,0,0,0,2,0
res_00000034_1,chatbot_extended,chatbot,0,0,0,1,0,Less,Utilitarian,Utilitarian,,,,3,2,0,desktop,1,1,,Neutral,Neutral,Neutral,0,0,0,0,0,0,0,0,1,1,0,0,0,0,0,1,0,0,0,0
res_00000034_2,chatbot_extended,chatbot,0,1,0,0,2,More,Utilitarian,Utilitarian,,,,5,2,1,desktop,1,0,,Neutral,Neutral,Neutral,0,0,0,1,0,0,0,1,1,1,0,0,0,0,0,1,0,0,0,0
res_00000035_1,chatbot_extended,chatbot,0,1,1,0,2,Female,Gender,Gender,,,,2,0,0,desktop,1,1,,Neutral,Neutral,Neutral,0,1,0,0,0,0,0,0,0,0,0,0,0,0,0,0,1,0,0,0
res_00000035_2,chatbot_extended,chatbot,0,0,1,0,1,Male,Gender,Gender,,,,2,0,1,desktop,1,0,,Neutral,Neutral,Neutral,1,0,0,0,0,0,0,0,0,0,0,0,0,0,0,0,0,1,0,0
res_00000036_1,chatbot_extended,chatbot,0,0,1,0,0,Young,Age,Age,,,,2,0,0,desktop,1,1,,Neutral,Neutral,Neutral,1,0,0,0,0,0,1,0,0,0,0,0,0,0,0,0,0,0,0,0
res_00000036_2,chatbot_extended,chatbot,0,1,1,0,0,Old,Age,Age,,,,2,0,1,desktop,1,0,,Neutral,Neutral,Neutral,1,0,0,0,1,0,0,0,0,0,0,0,0,0,0,0,0,0,0,0
res_00000037_1,chatbot_extended,chatbot,0,1,1,0,1,Fat,Fitness,Fitness,,,,2,0,1,desktop,1,1,,Neutral,Neutral,Neutral,0,0,0,0,0,0,0,0,0,2,0,0,0,0,0,0,0,0,0,0
res_00000037_2,chatbot_extended,chatbot,0,0,1,0,2,Fit,Fitness,Fitness,,,,2,0,0,desktop,1,0,,Neutral,Neutral,Neutral,0,1,0,0,0,0,0,0,0,0,0,0,0,0,1,0,0,0,0,0
res_00000038_1,chatbot_extended,chatbot,0,1,0,1,0,High,Social Value,Social Value,,,,3,0,0,desktop,1,1,,Neutral,Neutral,Neutral,1,0,0,0,0,0,0,0,0,0,0,0,0,0,0,0,2,0,0,0
res_00000038_2,chatbot_extended,chatbot,0,0,0,0,2,Low,Social Value,Social Value,,,,3,0,1,desktop,1,0,,Neutral,Neutral,Neutral,0,1,0,0,0,0,0,0,1,0,0,1,0,0,0,0,0,0,0,0
res_00000039_1,chatbot_extended,chatbot,0,1,1,0,1,Low,Social Value,Social Value,,,,2,0,1,desktop,1,1,,Neutral,Neutral,Neutral,0,0,0,0,0,0,0,0,2,0,0,0,0,0,0,0,0,0,0,0
res_00000039_2,chatbot_extended,chatbot,0,0,1,0,2,High,Social Value,Social Value,,,,2,0,0,desktop,1,0,,Neutral,Neutral,Neutral,0,0,0,0,0,0,0,0,0,0,0,0,0,1,0,0,0,1,0,0
res_00000040_1,chatbot_extended,chatbot,0,0,1,0,2,Low,Social Value,Social Value,,,,1,0,0,desktop,1,1,,Neutral,Neutral,Neutral,0,0,0,0,0,0,0,0,1,0,0,0,0,0,0,0,0,0,0,0
res_00000040_2,chatbot_extended,chatbot,0,1,1,0,1,High,Social Value,Social Value,,,,1,0,1,desktop,1,0,,Neutral,Neutral,Neutral,0,0,0,0,0,0,0,0,0,0,0,0,0,1,0,0,0,0,0,0
res_00000041_1,chatbot_extended,chatbot,0,0,1,0,1,Less,Utilitarian,Utilitarian,,,,1,1,0,desktop,1,1,,Neutral,Neutral,Neutral,0,1,0,0,0,0,0,0,0,0,0,0,0,0,0,0,0,0,0,0
res_00000041_2,chatbot_extended,chatbot,0,1,1,0,2,More,Utilitarian,Utilitarian,,,,2,1,1,desktop,1,0,,Neutral,Neutral,Neutral,0,1,1,0,0,0,0,0,0,0,0,0,0,0,0,0,0,0,0,0
res_00000042_1,chatbot_extended,chatbot,0,1,0,1,0,High,Social Value,Social Value,,,,4,0,0,desktop,1,1,,Neutral,Neutral,Neutral,0,1,0,0,0,0,0,0,0,0,0,0,0,1,0,0,1,1,0,0
res_00000042_2,chatbot_extended,chatbot,0,0,0,0,0,Low,Social Value,Social Value,,,,4,0,1,desktop,1,0,,Neutral,Neutral,Neutral,1,1,0,0,0,0,0,0,1,0,0,1,0,0,0,0,0,0,0,0
res_00000043_1,chatbot_extended,chatbot,0,0,1,0,0,Hoomans,Species,Species,,,,1,0,0,desktop,1,1,,Neutral,Neutral,Neutral,0,0,0,0,0,0,0,0,0,0,0,0,0,0,1,0,0,0,0,0
res_00000043_2,chatbot_extended,chatbot,0,1,1,0,0,Pets,Species,Species,,,,1,0,1,desktop,1,0,,Neutral,Neutral,Neutral,0,0,0,0,0,0,0,0,0,0,0,0,0,0,0,0,0,0,1,0
res_00000044_1,chatbot_extended,chatbot,0,1,1,0,1,Fat,Fitness,Fitness,,,,4,0,1,desktop,1,1,,Neutral,Neutral,Neutral,1,1,0,0,0,0,0,0,0,0,2,0,0,0,0,0,0,0,0,0
res_00000044_2,chatbot_extended,chatbot,0,0,1,0,2,Fit,Fitness,Fitness,,,,4,0,0,desktop,1,0,,Neutral,Neutral,Neutral,1,0,0,0,0,0,0,0,0,0,0,0,0,0,1,2,0,0,0,0
res_00000045_1,chatbot_extended,chatbot,0,1,0,1,0,Less,Utilitarian,Utilitarian,,,,3,1,0,desktop,1,1,,Neutral,Neutral,Neutral,0,0,0,0,0,0,0,0,1,1,0,0,0,1,0,0,0,0,0,0
res_00000045_2,chatbot_extended,chatbot,0,0,0,0,1,More,Utilitarian,Utilitarian,,,,4,1,1,desktop,1,0,,Neutral,Neutral,Neutral,0,0,0,0,0,0,0,1,1,1,0,0,0,1,0,0,0,0,0,0
res_00000046_1,chatbot_extended,chatbot,0,1,0,1,0,More,Utilitarian,Utilitarian,,,,5,3,1,desktop,1,1,,Neutral,Neutral,Neutral,0,0,3,0,0,0,0,0,0,0,0,0,0,0,0,0,0,0,1,1
res_00000046_2,chatbot_extended,chatbot,0,0,0,0,0,Less,Utilitarian,Utilitarian,,,,2,3,0,desktop,1,0,,Neutral,Neutral,Neutral,0,0,1,0,0,0,0,0,0,0,0,0,0,0,0,0,0,0,0,1
res_00000047_1,chatbot_extended,chatbot,0,0,0,1,0,Female,Gender,Gender,,,,4,0,0,desktop,1,1,,Neutral,Neutral,Neutral,0,1,0,0,0,1,0,0,0,0,0,0,0,0,1,0,1,0,0,0
res_00000047_2,chatbot_extended,chatbot,0,1,0,0,0,Male,Gender,Gender,,,,4,0,1,desktop,1,0,,Neutral,Neutral,Neutral,1,0,0,0,1,0,0,0,0,0,0,0,0,0,0,1,0,1,0,0
res_00000048_1,chatbot_extended,chatbot,0,0,1,0,0,Hoomans,Species,Species,,,,4,0,0,desktop,1,1,,Neutral,Neutral,Neutral,1,0,0,0,0,0,0,0,0,0,0,1,0,0,0,1,0,1,0,0
res_00000048_2,chatbot_extended,chatbot,0,1,1,0,0,Pets,Species,Species,,,,4,0,1,desktop,1,0,,Neutral,Neutral,Neutral,0,0,0,0,0,0,0,0,0,0,0,0,0,0,0,0,0,0,4,0
res_00000049_1,chatbot_extended,chatbot,0,0,1,0,1,Young,Age,Age,,,,2,0,0,desktop,1,1,,Neutral,Neutral,Neutral,2,0,0,0,0,0,0,0,0,0,0,0,0,0,0,0,0,0,0,0
res_00000049_2,chatbot_extended,chatbot,0,1,1,0,2,Old,Age,Age,,,,2,0,1,desktop,1,0,,Neutral,Neutral,Neutral,0,0,0,0,2,0,0,0,0,0,0,0,0,0,0,0,0,0,0,0
res_00000050_1,chatbot_extended,chatbot,0,1,0,1,0,Young,Age,Age,,,,5,0,0,desktop,1,1,,Neutral,Neutral,Neutral,0,0,0,0,0,0,2,3,0,0,0,0,0,0,0,0,0,0,0,0
res_00000050_2,chatbot_extended,chatbot,0,0,0,0,2,Old,Age,Age,,,,5,0,1,desktop,1,0,,Neutral,Neutral,Neutral,1,2,0,0,1,1,0,0,0,0,0,0,0,0,0,0,0,0,0,0
res_00000051_1,chatbot_extended,chatbot,0,0,0,1,0,Old,Age,Age,,,,3,0,0,desktop,1,1,,Neutral,Neutral,Neutral,0,1,0,0,0,2,0,0,0,0,0,0,0,0,0,0,0,0,0,0
res_00000051_2,chatbot_extended,chatbot,0,1,0,0,2,Young,Age,Age,,,,3,0,1,desktop,1,0,,Neutral,Neutral,Neutral,0,2,0,0,0,0,0,1,0,0,0,0,0,0,0,0,0,0,0,0
res_00000052_1,chatbot_extended,chatbot,0,0,0,1,0,Low,Social Value,Social Value,,,,1,0,0,desktop,1,1,,Neutral,Neutral,Neutral,0,0,0,0,0,0,0,0,0,0,0,1,0,0,0,0,0,0,0,0
res_00000052_2,chatbot_extended,chatbot,0,1,0,0,0,High,Social Value,Social Value,,,,1,0,1,desktop,1,0,,Neutral,Neutral,Neutral,1,0,0,0,0,0,0,0,0,0,0,0,0,0,0,0,0,0,0,0
res_00000053_1,chatbot_extended,chatbot,0,1,0,1,0,Low,Social Value,Social Value,,,,1,0,0,desktop,1,1,,Neutral,Neutral,Neutral,0,0,0,0,0,0,0,0,0,0,0,1,0,0,0,0,0,0,0,0
res_00000053_2,chatbot_extended,chatbot,0,0,0,0,2,High,Social Value,Social Value,,,,1,0,1,desktop,1,0,,Neutral,Neutral,Neutral,1,0,0,0,0,0,0,0,0,0,0,0,0,0,0,0,0,0,0,0
res_00000054_1,chatbot_extended,chatbot,0,0,0,1,0,Old,Age,Age,,,,1,0,1,desktop,1,1,,Neutral,Neutral,Neutral,0,0,0,0,1,0,0,0,0,0,0,0,0,0,0,0,0,0,0,0
res_00000054_2,chatbot_extended,chatbot,0,1,0,0,1,Young,Age,Age,,,,1,0,0,desktop,1,0,,Neutral,Neutral,Neutral,1,0,0,0,0,0,0,0,0,0,0,0,0,0,0,0,0,0,0,0
res_00000055_1,chatbot_extended,chatbot,0,1,0,1,0,Hoomans,Species,Species,,,,4,0,0,desktop,1,1,,Neutral,Neutral,Neutral,0,0,0,0,0,0,1,0,0,0,0,1,0,0,1,1,0,0,0,0
res_00000055_2,chatbot_extended,chatbot,0,0,0,0,2,Pets,Species,Species,,,,4,0,1,desktop,1,0,,Neutral,Neutral,Neutral,0,0,0,0,0,0,0,0,0,0,0,0,0,0,0,0,0,0,3,1
res_00000056_1,chatbot_extended,chatbot,0,1,0,1,0,Less,Utilitarian,Utilitarian,,,,2,1,0,desktop,1,1,,Neutral,Neutral,Neutral,0,0,0,1,0,0,0,0,0,0,0,0,0,0,0,0,1,0,0,0
res_00000056_2,chatbot_extended,chatbot,0,0,0,0,1,More,Utilitarian,Utilitarian,,,,3,1,1,desktop,1,0,,Neutral,Neutral,Neutral,0,0,0,1,0,0,0,0,0,0,0,0,0,0,0,1,1,0,0,0
res_00000057_1,chatbot_extended,chatbot,0,0,1,0,0,Less,Utilitarian,Utilitarian,,,,2,3,0,desktop,1,1,,Neutral,Neutral,Neutral,0,0,0,0,0,0,0,0,0,0,1,0,0,0,0,0,1,0,0,0
res_00000057_2,chatbot_extended,chatbot,0,1,1,0,0,More,Utilitarian,Utilitarian,,,,5,3,1,desktop,1,0,,Neutral,Neutral,Neutral,1,1,0,0,0,0,0,0,0,0,1,0,0,0,0,0,1,1,0,0
res_00000058_1,chatbot_extended,chatbot,0,1,0,1,0,Fit,Fitness,Fitness,,,,2,0,1,desktop,1,1,,Neutral,Neutral,Neutral,0,0,0,0,0,0,0,0,0,0,0,0,0,0,1,1,0,0,0,0
res_00000058_2,chatbot_extended,chatbot,0,0,0,0,0,Fat,Fitness,Fitness,,,,2,0,0,desktop,1,0,,Neutral,Neutral,Neutral,0,1,0,0,0,0,0,0,0,0,1,0,0,0,0,0,0,0,0,0
res_00000059_1,chatbot_extended,chatbot,0,0,1,0,0,Female,Gender,Gender,,,,3,0,0,desktop,1,1,,Neutral,Neutral,Neutral,0,0,0,0,0,0,0,0,0,0,0,0,0,0,2,0,1,0,0,0
res_00000059_2,chatbot_extended,chatbot,0,1,1,0,0,Male,Gender,Gender,,,,3,0,1,desktop,1,0,,Neutral,Neutral,Neutral,0,0,0,0,0,0,0,0,0,0,0,0,0,0,0,2,0,1,0,0
res_00000060_1,chatbot_extended,chatbot,0,0,0,1,0,Less,Utilitarian,Utilitarian,,,,1,1,0,desktop,1,1,,Neutral,Neutral,Neutral,0,0,0,0,0,0,0,1,0,0,0,0,0,0,0,0,0,0,0,0
res_00000060_2,chatbot_extended,chatbot,0,1,0,0,1,More,Utilitarian,Utilitarian,,,,2,1,1,desktop,1,0,,Neutral,Neutral,Neutral,0,0,0,0,0,0,0,1,0,1,0,0,0,0,0,0,0,0,0,0
res_00000061_1,chatbot_extended,chatbot,0,1,0,1,0,Hoomans,Species,Species,,,,2,0,0,desktop,1,1,,Neutral,Neutral,Neutral,0,0,0,0,0,0,0,0,0,1,0,0,1,0,0,0,0,0,0,0
res_00000061_2,chatbot_extended,chatbot,0,0,0,0,0,Pets,Species,Species,,,,2,0,1,desktop,1,0,,Neutral,Neutral,Neutral,0,0,0,0,0,0,0,0,0,0,0,0,0,0,0,0,0,0,1,1
res_00000062_1,chatbot_extended,chatbot,0,1,1,0,0,Young,Age,Age,,,,3,0,0,desktop,1,1,,Neutral,Neutral,Neutral,1,1,0,0,0,0,0,1,0,0,0,0,0,0,0,0,0,0,0,0
res_00000062_2,chatbot_extended,chatbot,0,0,1,0,0,Old,Age,Age,,,,3,0,1,desktop,1,0,,Neutral,Neutral,Neutral,0,0,0,0,1,2,0,0,0,0,0,0,0,0,0,0,0,0,0,0
res_00000063_1,chatbot_extended,chatbot,0,0,1,0,0,Less,Utilitarian,Utilitarian,,,,2,1,0,desktop,1,1,,Neutral,Neutral,Neutral,0,0,0,0,1,0,0,0,0,0,0,0,0,0,1,0,0,0,0,0
res_00000063_2,chatbot_extended,chatbot,0,1,1,0,0,More,Utilitarian,Utilitarian,,,,3,1,1,desktop,1,0,,Neutral,Neutral,Neutral,0,0,0,0,1,0,0,0,0,0,0,0,0,1,1,0,0,0,0,0
res_00000064_1,chatbot_extended,chatbot,0,1,1,0,1,Less,Utilitarian,Utilitarian,,,,2,3,0,desktop,1,1,,Neutral,Neutral,Neutral,0,0,1,0,0,0,0,0,0,0,0,0,1,0,0,0,0,0,0,0
res_00000064_2,chatbot_extended,chatbot,0,0,1,0,2,More,Utilitarian,Utilitarian,,,,5,3,1,desktop,1,0,,Neutral,Neutral,Neutral,0,0,1,1,0,0,0,0,0,0,0,0,1,1,1,0,0,0,0,0
res_00000065_1,chatbot_extended,chatbot,0,1,1,0,1,Young,Age,Age,,,,3,0,0,desktop,1,1,,Neutral,Neutral,Neutral,1,1,0,0,0,0,1,0,0,0,0,0,0,0,0,0,0,0,0,0
res_00000065_2,chatbot_extended,chatbot,0,0,1,0,2,Old,Age,Age,,,,3,0,1,desktop,1,0,,Neutral,Neutral,Neutral,0,0,0,0,2,1,0,0,0,0,0,0,0,0,0,0,0,0,0,0
res_00000066_1,chatbot_extended,chatbot,0,0,1,0,0,Young,Age,Age,,,,1,0,0,desktop,1,1,,Neutral,Neutral,Neutral,0,1,0,0,0,0,0,0,0,0,0,0,0,0,0,0,0,0,0,0
res_00000066_2,chatbot_extended,chatbot,0,1,1,0,0,Old,Age,Age,,,,1,0,1,desktop,1,0,,Neutral,Neutral,Neutral,0,0,0,0,0,1,0,0,0,0,0,0,0,0,0,0,0,0,0,0
res_00000067_1,chatbot_extended,chatbot,0,1,1,0,0,Young,Age,Age,,,,4,0,0,desktop,1,1,,Neutral,Neutral,Neutral,1,0,0,0,0,0,2,1,0,0,0,0,0,0,0,0,0,0,0,0
res_00000067_2,chatbot_extended,chatbot,0,0,1,0,0,Old,Age,Age,,,,4,0,1,desktop,1,0,,Neutral,Neutral,Neutral,2,0,0,0,1,1,0,0,0,0,0,0,0,0,0,0,0,0,0,0
res_00000068_1,chatbot_extended,chatbot,0,0,1,0,2,Low,Social Value,Social Value,,,,1,0,0,desktop,1,1,,Neutral,Neutral,Neutral,0,0,0,0,0,0,0,0,1,0,0,0,0,0,0,0,0,0,0,0
res_00000068_2,chatbot_extended,chatbot,0,1,1,0,1,High,Social Value,Social Value,,,,1,0,1,desktop,1,0,,Neutral,Neutral,Neutral,0,0,0,0,0,0,0,0,0,0,0,0,1,0,0,0,0,0,0,0
res_00000069_1,chatbot_extended,chatbot,0,0,1,0,2,Less,Utilitarian,Utilitarian,,,,3,2,0,desktop,1,1,,Neutral,Neutral,Neutral,0,0,0,0,0,1,0,0,0,0,0,0,0,0,0,0,0,0,2,0
res_00000069_2,chatbot_extended,chatbot,0,1,1,0,1,More,Utilitarian,Utilitarian,,,,5,2,1,desktop,1,0,,Neutral,Neutral,Neutral,0,0,0,0,0,1,0,0,0,0,1,0,0,1,0,0,0,0,2,0
res_00000070_1,chatbot_extended,chatbot,0,1,0,1,0,Pets,Species,Species,,,,5,0,1,desktop,1,1,,Neutral,Neutral,Neutral,0,0,0,0,0,0,0,0,0,0,0,0,0,0,0,0,0,0,2,3
res_00000070_2,chatbot_extended,chatbot,0,0,0,0,1,Hoomans,Species,Species,,,,5,0,0,desktop,1,0,,Neutral,Neutral,Neutral,0,1,0,1,0,0,0,1,1,0,0,0,1,0,0,0,0,0,0,0
res_00000071_1,chatbot_extended,chatbot,0,0,0,1,0,Young,Age,Age,,,,1,0,1,desktop,1,1,,Neutral,Neutral,Neutral,1,0,0,0,0,0,0,0,0,0,0,0,0,0,0,0,0,0,0,0
res_00000071_2,chatbot_extended,chatbot,0,1,0,0,0,Old,Age,Age,,,,1,0,0,desktop,1,0,,Neutral,Neutral,Neutral,0,0,0,0,1,0,0,0,0,0,0,0,0,0,0,0,0,0,0,0
res_00000072_1,chatbot_extended,chatbot,0,1,1,0,1,Hoomans,Species,Species,,,,1,0,1,desktop,1,1,,Neutral,Neutral,Neutral,0,0,0,0,0,0,1,0,0,0,0,0,0,0,0,0,0,0,0,0
res_00000072_2,chatbot_extended,chatbot,0,0,1,0,2,Pets,Species,Species,,,,1,0,0,desktop,1,0,,Neutral,Neutral,Neutral,0,0,0,0,0,0,0,0,0,0,0,0,0,0,0,0,0,0,0,1
res_00000073_1,chatbot_extended,chatbot,0,0,1,0,0,Hoomans,Species,Species,,,,4,0,0,desktop,1,1,,Neutral,Neutral,Neutral,0,1,0,0,0,1,0,1,0,0,0,0,1,0,0,0,0,0,0,0
res_00000073_2,chatbot_extended,chatbot,0,1,1,0,0,Pets,Species,Species,,,,4,0,1,desktop,1,0,,Neutral,Neutral,Neutral,0,0,0,0,0,0,0,0,0,0,0,0,0,0,0,0,0,0,2,2
res_00000074_1,chatbot_extended,chatbot,0,0,1,0,0,Fat,Fitness,Fitness,,,,3,0,0,desktop,1,1,,Neutral,Neutral,Neutral,1,0,0,0,0,0,0,0,0,2,0,0,0,0,0,0,0,0,0,0
res_00000074_2,chatbot_extended,chatbot,0,1,1,0,0,Fit,Fitness,Fitness,,,,3,0,1,desktop,1,0,,Neutral,Neutral,Neutral,0,2,0,0,0,0,0,0,0,0,0,0,0,0,0,1,0,0,0,0
res_00000075_1,chatbot_extended,chatbot,0,0,1,0,0,Hoomans,Species,Species,,,,1,0,0,desktop,1,1,,Neutral,Neutral,Neutral,0,0,0,0,0,0,0,0,0,0,0,0,0,0,1,0,0,0,0,0
res_00000075_2,chatbot_extended,chatbot,0,1,1,0,0,Pets,Species,Species,,,,1,0,1,desktop,1,0,,Neutral,Neutral,Neutral,0,0,0,0,0,0,0,0,0,0,0,0,0,0,0,0,0,0,0,1
res_00000076_1,chatbot_extended,chatbot,0,0,1,0,1,Female,Gender,Gender,,,,3,0,0,desktop,1,1,,Neutral,Neutral,Neutral,0,0,0,0,0,0,0,1,0,1,0,0,0,1,0,0,0,0,0,0
res_00000076_2,chatbot_extended,chatbot,0,1,1,0,2,Male,Gender,Gender,,,,3,0,1,desktop,1,0,,Neutral,Neutral,Neutral,0,0,0,0,0,0,1,0,0,0,1,0,1,0,0,0,0,0,0,0
res_00000077_1,chatbot_extended,chatbot,0,1,1,0,2,Low,Social Value,Social Value,,,,4,0,0,desktop,1,1,,Neutral,Neutral,Neutral,0,2,0,0,0,0,0,0,1,0,0,1,0,0,0,0,0,0,0,0
res_00000077_2,chatbot_extended,chatbot,0,0,1,0,1,High,Social Value,Social Value,,,,4,0,1,desktop,1,0,,Neutral,Neutral,Neutral,0,2,1,0,0,0,0,0,0,0,0,0,0,0,0,0,1,0,0,0
res_00000078_1,chatbot_extended,chatbot,0,0,1,0,0,Female,Gender,Gender,,,,3,0,0,desktop,1,1,,Neutral,Neutral,Neutral,0,1,0,0,0,0,0,0,0,1,0,0,0,0,0,0,1,0,0,0
res_00000078_2,chatbot_extended,chatbot,0,1,1,0,0,Male,Gender,Gender,,,,3,0,1,desktop,1,0,,Neutral,Neutral,Neutral,1,0,0,0,0,0,0,0,0,0,1,0,0,0,0,0,0,1,0,0
res_00000079_1,chatbot_extended,chatbot,0,0,0,1,0,Old,Age,Age,,,,4,0,0,desktop,1,1,,Neutral,Neutral,Neutral,1,0,0,0,1,2,0,0,0,0,0,0,0,0,0,0,0,0,0,0
res_00000079_2,chatbot_extended,chatbot,0,1,0,0,0,Young,Age,Age,,,,4,0,1,desktop,1,0,,Neutral,Neutral,Neutral,0,2,0,0,0,0,2,0,0,0,0,0,0,0,0,0,0,0,0,0
res_00000080_1,chatbot_extended,chatbot,0,0,1,0,2,Young,Age,Age,,,,3,0,0,desktop,1,1,,Neutral,Neutral,Neutral,0,1,0,0,0,0,0,2,0,0,0,0,0,0,0,0,0,0,0,0
res_00000080_2,chatbot_extended,chatbot,0,1,1,0,1,Old,Age,Age,,,,3,0,1,desktop,1,0,,Neutral,Neutral,Neutral,0,1,0,0,0,2,0,0,0,0,0,0,0,0,0,0,0,0,0,0
res_00000081_1,chatbot_extended,chatbot,0,0,0,1,0,Fat,Fitness,Fitness,,,,4,0,0,desktop,1,1,,Neutral,Neutral,Neutral,1,0,0,0,0,0,0,0,0,2,1,0,0,0,0,0,0,0,0,0
res_00000081_2,chatbot_extended,chatbot,0,1,0,0,0,Fit,Fitness,Fitness,,,,4,0,1,desktop,1,0,,Neutral,Neutral,Neutral,0,0,0,0,0,0,0,0,0,0,0,0,0,0,2,2,0,0,0,0
res_00000082_1,chatbot_extended,chatbot,0,0,1,0,1,Low,Social Value,Social Value,,,,2,0,1,desktop,1,1,,Neutral,Neutral,Neutral,1,0,0,0,0,0,0,0,0,0,0,1,0,0,0,0,0,0,0,0
res_00000082_2,chatbot_extended,chatbot,0,1,1,0,2,High,Social Value,Social Value,,,,2,0,0,desktop,1,0,,Neutral,Neutral,Neutral,1,0,0,0,0,0,0,0,0,0,0,0,0,0,0,0,0,1,0,0
res_00000083_1,chatbot_extended,chatbot,0,1,1,0,2,Low,Social Value,Social Value,,,,5,0,0,desktop,1,1,,Neutral,Neutral,Neutral,1,1,0,0,0,0,0,0,2,0,0,1,0,0,0,0,0,0,0,0
res_00000083_2,chatbot_extended,chatbot,0,0,1,0,1,High,Social Value,Social Value,,,,5,0,1,desktop,1,0,,Neutral,Neutral,Neutral,2,0,0,0,0,0,0,0,0,0,0,0,1,1,0,0,0,1,0,0
res_00000084_1,chatbot_extended,chatbot,0,1,0,1,0,Pets,Species,Species,,,,2,0,1,desktop,1,1,,Neutral,Neutral,Neutral,0,0,0,0,0,0,0,0,0,0,0,0,0,0,0,0,0,0,1,1
res_00000084_2,chatbot_extended,chatbot,0,0,0,0,0,Hoomans,Species,Species,,,,2,0,0,desktop,1,0,,Neutral,Neutral,Neutral,0,1,0,0,0,0,0,0,0,0,0,0,0,0,0,0,1,0,0,0
res_00000085_1,chatbot_extended,chatbot,0,1,0,1,0,Hoomans,Species,Species,,,,4,0,0,desktop,1,1,,Neutral,Neutral,Neutral,0,0,0,0,1,1,0,0,1,0,0,0,0,0,0,0,1,0,0,0
res_00000085_2,chatbot_extended,chatbot,0,0,0,0,2,Pets,Species,Species,,,,4,0,1,desktop,1,0,,Neutral,Neutral,Neutral,0,0,0,0,0,0,0,0,0,0,0,0,0,0,0,0,0,0,3,1
res_00000086_1,chatbot_extended,chatbot,0,0,1,0,0,Hoomans,Species,Species,,,,4,0,0,desktop,1,1,,Neutral,Neutral,Neutral,0,0,1,1,0,0,0,0,0,0,1,0,0,1,0,0,0,0,0,0
res_00000086_2,chatbot_extended,chatbot,0,1,1,0,0,Pets,Species,Species,,,,4,0,1,desktop,1,0,,Neutral,Neutral,Neutral,0,0,0,0,0,0,0,0,0,0,0,0,0,0,0,0,0,0,3,1
res_00000087_1,chatbot_extended,chatbot,0,0,0,1,0,Male,Gender,Gender,,,,2,0,0,desktop,1,1,,Neutral,Neutral,Neutral,0,0,0,0,1,0,0,0,0,0,1,0,0,0,0,0,0,0,0,0
res_00000087_2,chatbot_extended,chatbot,0,1,0,0,2,Female,Gender,Gender,,,,2,0,1,desktop,1,0,,Neutral,Neutral,Neutral,0,0,0,0,0,1,0,0,0,1,0,0,0,0,0,0,0,0,0,0
res_00000088_1,chatbot_extended,chatbot,0,1,1,0,0,Low,Social Value,Social Value,,,,2,0,0,desktop,1,1,,Neutral,Neutral,Neutral,0,1,0,0,0,0,0,0,0,0,0,1,0,0,0,0,0,0,0,0
res_00000088_2,chatbot_extended,chatbot,0,0,1,0,0,High,Social Value,Social Value,,,,2,0,1,desktop,1,0,,Neutral,Neutral,Neutral,0,1,0,0,0,0,0,0,0,0,0,0,0,1,0,0,0,0,0,0
res_00000089_1,chatbot_extended,chatbot,0,0,0,1,0,Fat,Fitness,Fitness,,,,3,0,0,desktop,1,1,,Neutral,Neutral,Neutral,0,1,0,0,0,0,0,0,0,2,0,0,0,0,0,0,0,0,0,0
res_00000089_2,chatbot_extended,chatbot,0,1,0,0,0,Fit,Fitness,Fitness,,,,3,0,1,desktop,1,0,,Neutral,Neutral,Neutral,0,1,0,0,0,0,0,0,0,0,0,0,0,0,2,0,0,0,0,0
res_00000090_1,chatbot_extended,chatbot,0,1,0,1,0,Low,Social Value,Social Value,,,,5,0,0,desktop,1,1,,Neutral,Neutral,Neutral,2,0,0,0,0,0,0,0,1,0,0,2,0,0,0,0,0,0,0,0
res_00000090_2,chatbot_extended,chatbot,0,0,0,0,0,High,Social Value,Social Value,,,,5,0,1,desktop,1,0,,Neutral,Neutral,Neutral,0,0,1,0,0,0,0,0,0,0,0,0,2,2,0,0,0,0,0,0
res_00000091_1,chatbot_extended,chatbot,0,0,0,1,0,Pets,Species,Species,,,,3,0,1,desktop,1,1,,Neutral,Neutral,Neutral,0,0,0,0,0,0,0,0,0,0,0,0,0,0,0,0,0,0,2,1
res_00000091_2,chatbot_extended,chatbot,0,1,0,0,1,Hoomans,Species,Species,,,,3,0,0,desktop,1,0,,Neutral,Neutral,Neutral,0,0,0,0,0,0,1,1,0,0,0,0,0,1,0,0,0,0,0,0
res_00000092_1,chatbot_extended,chatbot,0,0,1,0,0,Young,Age,Age,,,,1,0,0,desktop,1,1,,Neutral,Neutral,Neutral,0,0,0,0,0,0,0,1,0,0,0,0,0,0,0,0,0,0,0,0
res_00000092_2,chatbot_extended,chatbot,0,1,1,0,0,Old,Age,Age,,,,1,0,1,desktop,1,0,,Neutral,Neutral,Neutral,0,1,0,0,0,0,0,0,0,0,0,0,0,0,0,0,0,0,0,0
res_00000093_1,chatbot_extended,chatbot,0,0,1,0,2,Female,Gender,Gender,,,,1,0,0,desktop,1,1,,Neutral,Neutral,Neutral,0,1,0,0,0,0,0,0,0,0,0,0,0,0,0,0,0,0,0,0
res_00000093_2,chatbot_extended,chatbot,0,1,1,0,1,Male,Gender,Gender,,,,1,0,1,desktop,1,0,,Neutral,Neutral,Neutral,1,0,0,0,0,0,0,0,0,0,0,0,0,0,0,0,0,0,0,0
res_00000094_1,chatbot_extended,chatbot,0,0,1,0,2,Young,Age,Age,,,,2,0,0,desktop,1,1,,Neutral,Neutral,Neutral,0,1,0,0,0,0,0,1,0,0,0,0,0,0,0,0,0,0,0,0
res_00000094_2,chatbot_extended,chatbot,0,1,1,0,1,Old,Age,Age,,,,2,0,1,desktop,1,0,,Neutral,Neutral,Neutral,0,1,0,0,0,1,0,0,0,0,0,0,0,0,0,0,0,0,0,0
res_00000095_1,chatbot_extended,chatbot,0,0,0,1,0,Less,Utilitarian,Utilitarian,,,,4,1,0,desktop,1,1,,Neutral,Neutral,Neutral,0,0,0,1,0,0,0,2,0,0,0,0,0,0,0,0,0,0,0,1
res_00000095_2,chatbot_extended,chatbot,0,1,0,0,1,More,Utilitarian,Utilitarian,,,,5,1,1,desktop,1,0,,Neutral,Neutral,Neutral,0,0,0,1,0,0,0,2,0,0,1,0,0,0,0,0,0,0,0,1
res_00000096_1,chatbot_extended,chatbot,0,0,0,1,0,Low,Social Value,Social Value,,,,2,0,0,desktop,1,1,,Neutral,Neutral,Neutral,1,0,0,0,0,0,0,0,1,0,0,0,0,0,0,0,0,0,0,0
res_00000096_2,chatbot_extended,chatbot,0,1,0,0,1,High,Social Value,Social Value,,,,2,0,1,desktop,1,0,,Neutral,Neutral,Neutral,0,0,0,0,0,0,0,0,0,0,0,0,0,1,0,0,0,1,0,0
res_00000097_1,chatbot_extended,chatbot,0,0,0,1,0,Male,Gender,Gender,,,,1,0,1,desktop,1,1,,Neutral,Neutral,Neutral,0,0,0,0,1,0,0,0,0,0,0,0,0,0,0,0,0,0,0,0
res_00000097_2,chatbot_extended,chatbot,0,1,0,0,1,Female,Gender,Gender,,,,1,0,0,desktop,1,0,,Neutral,Neutral,Neutral,0,0,0,0,0,1,0,0,0,0,0,0,0,0,0,0,0,0,0,0
res_00000098_1,chatbot_extended,chatbot,0,1,0,1,0,More,Utilitarian,Utilitarian,,,,5,3,0,desktop,1,1,,Neutral,Neutral,Neutral,0,0,0,0,0,0,0,1,1,1,0,0,1,0,0,1,0,0,0,0
res_00000098_2,chatbot_extended,chatbot,0,0,0,0,1,Less,Utilitarian,Utilitarian,,,,2,3,1,desktop,1,0,,Neutral,Neutral,Neutral,0,0,0,0,0,0,0,0,0,0,0,0,1,0,0,1,0,0,0,0
res_00000099_1,chatbot_extended,chatbot,0,0,1,0,1,Less,Utilitarian,Utilitarian,,,,3,2,0,desktop,1,1,,Neutral,Neutral,Neutral,0,0,0,1,0,0,0,0,1,0,0,0,0,0,0,0,0,0,1,0
res_00000099_2,chatbot_extended,chatbot,0,1,1,0,2,More,Utilitarian,Utilitarian,,,,5,2,1,desktop,1,0,,Neutral,Neutral,Neutral,0,0,0,1,0,0,0,0,1,1,1,0,0,0,0,0,0,0,1,0
res_00000100_1,chatbot_extended,chatbot,0,0,0,1,0,Hoomans,Species,Species,,,,3,0,0,desktop,1,1,USA,West_American,West,American,1,1,0,0,0,0,0,0,0,0,0,0,0,0,0,0,1,0,0,0
res_00000100_2,chatbot_extended,chatbot,0,1,0,0,0,Pets,Species,Species,,,,3,0,1,desktop,1,0,USA,West_American,West,American,0,0,0,0,0,0,0,0,0,0,0,0,0,0,0,0,0,0,1,2
res_00000101_1,chatbot_extended,chatbot,0,0,0,1,0,Male,Gender,Gender,,,,2,0,0,desktop,1,1,USA,West_American,West,American,0,0,0,0,0,0,2,0,0,0,0,0,0,0,0,0,0,0,0,0
res_00000101_2,chatbot_extended,chatbot,0,1,0,0,2,Female,Gender,Gender,,,,2,0,1,desktop,1,0,USA,West_American,West,American,0,0,0,0,0,0,0,2,0,0,0,0,0,0,0,0,0,0,0,0
res_00000102_1,chatbot_extended,chatbot,0,1,1,0,2,Young,Age,Age,,,,1,0,0,desktop,1,1,USA,West_American,West,American,0,0,0,0,0,0,0,1,0,0,0,0,0,0,0,0,0,0,0,0
res_00000102_2,chatbot_extended,chatbot,0,0,1,0,1,Old,Age,Age,,,,1,0,1,desktop,1,0,USA,West_American,West,American,0,1,0,0,0,0,0,0,0,0,0,0,0,0,0,0,0,0,0,0
res_00000103_1,chatbot_extended,chatbot,0,1,0,1,0,Pets,Species,Species,,,,1,0,1,desktop,1,1,USA,West_American,West,American,0,0,0,0,0,0,0,0,0,0,0,0,0,0,0,0,0,0,1,0
res_00000103_2,chatbot_extended,chatbot,0,0,0,0,1,Hoomans,Species,Species,,,,1,0,0,desktop,1,0,USA,West_American,West,American,0,0,0,0,0,1,0,0,0,0,0,0,0,0,0,0,0,0,0,0
res_00000104_1,chatbot_extended,chatbot,0,0,1,0,0,Hoomans,Species,Species,,,,2,0,0,desktop,1,1,USA,West_American,West,American,0,0,0,0,0,0,0,0,0,0,0,1,0,0,1,0,0,0,0,0
res_00000104_2,chatbot_extended,chatbot,0,1,1,0,0,Pets,Species,Species,,,,2,0,1,desktop,1,0,USA,West_American,West,American,0,0,0,0,0,0,0,0,0,0,0,0,0,0,0,0,0,0,1,1
res_00000105_1,chatbot_extended,chatbot,0,0,0,1,0,Fat,Fitness,Fitness,,,,5,0,0,desktop,1,1,USA,West_American,West,American,1,2,0,0,0,0,0,0,0,1,1,0,0,0,0,0,0,0,0,0
res_00000105_2,chatbot_extended,chatbot,0,1,0,0,0,Fit,Fitness,Fitness,,,,5,0,1,desktop,1,0,USA,West_American,West,American,0,0,0,0,0,0,0,0,0,0,0,0,0,0,3,2,0,0,0,0
res_00000106_1,chatbot_extended,chatbot,0,0,0,1,0,Old,Age,Age,,,,1,0,1,desktop,1,1,USA,West_American,West,American,0,0,0,0,0,1,0,0,0,0,0,0,0,0,0,0,0,0,0,0
res_00000106_2,chatbot_extended,chatbot,0,1,0,0,1,Young,Age,Age,,,,1,0,0,desktop,1,0,USA,West_American,West,American,0,0,0,0,0,0,0,1,0,0,0,0,0,0,0,0,0,0,0,0
res_00000107_1,chatbot_extended,chatbot,0,0,0,1,0,Fat,Fitness,Fitness,,,,4,0,0,desktop,1,1,USA,West_American,West,American,1,1,0,0,0,0,0,0,0,1,1,0,0,0,0,0,0,0,0,0
res_00000107_2,chatbot_extended,chatbot,0,1,0,0,0,Fit,Fitness,Fitness,,,,4,0,1,desktop,1,0,USA,West_American,West,American,1,1,0,0,0,0,0,0,0,0,0,0,0,0,1,1,0,0,0,0
res_00000108_1,chatbot_extended,chatbot,0,0,0,1,0,Hoomans,Species,Species,,,,5,0,0,desktop,1,1,USA,West_American,West,American,0,1,0,0,0,1,0,0,1,1,0,0,0,0,1,0,0,0,0,0
res_00000108_2,chatbot_extended,chatbot,0,1,0,0,0,Pets,Species,Species,,,,5,0,1,desktop,1,0,USA,West_American,West,American,0,0,0,0,0,0,0,0,0,0,0,0,0,0,0,0,0,0,3,2
res_00000109_1,chatbot_extended,chatbot,0,1,1,0,1,Less,Utilitarian,Utilitarian,,,,2,2,0,desktop,1,1,USA,West_American,West,American,0,0,0,0,0,0,0,0,1,0,0,0,0,0,0,0,0,0,0,1
res_00000109_2,chatbot_extended,chatbot,0,0,1,0,2,More,Utilitarian,Utilitarian,,,,4,2,1,desktop,1,0,USA,West_American,West,American,1,0,1,0,0,0,0,0,1,0,0,0,0,0,0,0,0,0,0,1
res_00000110_1,chatbot_extended,chatbot,0,0,1,0,0,Female,Gender,Gender,,,,4,0,0,desktop,1,1,USA,West_American,West,American,0,1,0,0,0,0,0,0,0,1,0,0,0,2,0,0,0,0,0,0
res_00000110_2,chatbot_extended,chatbot,0,1,1,0,0,Male,Gender,Gender,,,,4,0,1,desktop,1,0,USA,West_American,West,American,1,0,0,0,0,0,0,0,0,0,1,0,2,0,0,0,0,0,0,0
res_00000111_1,chatbot_extended,chatbot,0,0,0,1,0,Hoomans,Species,Species,,,,1,0,0,desktop,1,1,USA,West_American,West,American,0,0,0,0,0,0,0,0,0,1,0,0,0,0,0,0,0,0,0,0
res_00000111_2,chatbot_extended,chatbot,0,1,0,0,0,Pets,Species,Species,,,,1,0,1,desktop,1,0,USA,West_American,West,American,0,0,0,0,0,0,0,0,0,0,0,0,0,0,0,0,0,0,0,1
res_00000112_1,chatbot_extended,chatbot,0,0,1,0,0,Hoomans,Species,Species,,,,1,0,0,desktop,1,1,USA,West_American,West,American,0,0,0,0,0,0,0,0,0,0,0,0,0,1,0,0,0,0,0,0
res_00000112_2,chatbot_extended,chatbot,0,1,1,0,0,Pets,Species,Species,,,,1,0,1,desktop,1,0,USA,West_American,West,American,0,0,0,0,0,0,0,0,0,0,0,0,0,0,0,0,0,0,0,1
res_00000113_1,chatbot_extended,chatbot,0,0,1,0,1,Female,Gender,Gender,,,,2,0,0,desktop,1,1,USA,West_American,West,American,0,0,0,0,0,0,0,1,0,0,0,0,0,0,0,0,1,0,0,0
res_00000113_2,chatbot_extended,chatbot,0,1,1,0,2,Male,Gender,Gender,,,,2,0,1,desktop,1,0,USA,West_American,West,American,0,0,0,0,0,0,1,0,0,0,0,0,0,0,0,0,0,1,0,0
res_00000114_1,chatbot_extended,chatbot,0,1,0,1,0,Less,Utilitarian,Utilitarian,,,,4,1,0,desktop,1,1,USA,West_American,West,American,0,0,1,0,0,0,0,0,0,0,1,0,0,1,0,0,0,0,1,0
res_00000114_2,chatbot_extended,chatbot,0,0,0,0,1,More,Utilitarian,Utilitarian,,,,5,1,1,desktop,1,0,USA,West_American,West,American,0,0,1,0,0,0,0,1,0,0,1,0,0,1,0,0,0,0,1,0
res_00000115_1,chatbot_extended,chatbot,0,0,1,0,2,Fat,Fitness,Fitness,,,,2,0,0,desktop,1,1,USA,West_American,West,American,1,0,0,0,0,0,0,0,0,0,1,0,0,0,0,0,0,0,0,0
res_00000115_2,chatbot_extended,chatbot,0,1,1,0,1,Fit,Fitness,Fitness,,,,2,0,1,desktop,1,0,USA,West_American,West,American,1,0,0,0,0,0,0,0,0,0,0,0,0,0,0,1,0,0,0,0
res_00000116_1,chatbot_extended,chatbot,0,0,0,1,0,Female,Gender,Gender,,,,5,0,0,desktop,1,1,USA,West_American,West,American,0,1,0,0,0,0,0,2,0,2,0,0,0,0,0,0,0,0,0,0
res_00000116_2,chatbot_extended,chatbot,0,1,0,0,1,Male,Gender,Gender,,,,5,0,1,desktop,1,0,USA,West_American,West,American,1,0,0,0,0,0,2,0,0,0,2,0,0,0,0,0,0,0,0,0
res_00000117_1,chatbot_extended,chatbot,0,1,1,0,1,Female,Gender,Gender,,,,2,0,0,desktop,1,1,USA,West_American,West,American,0,0,0,0,0,1,0,0,0,0,0,0,0,0,0,0,1,0,0,0
res_00000117_2,chatbot_extended,chatbot,0,0,1,0,2,Male,Gender,Gender,,,,2,0,1,desktop,1,0,USA,West_American,West,American,0,0,0,0,1,0,0,0,0,0,0,0,0,0,0,0,0,1,0,0
res_00000118_1,chatbot_extended,chatbot,0,1,0,1,0,Low,Social Value,Social Value,,,,3,0,0,desktop,1,1,USA,West_American,West,American,0,0,0,0,0,0,0,0,0,0,0,3,0,0,0,0,0,0,0,0
res_00000118_2,chatbot_extended,chatbot,0,0,0,0,1,High,Social Value,Social Value,,,,3,0,1,desktop,1,0,USA,West_American,West,American,0,1,0,0,0,0,0,0,0,0,0,0,0,1,0,0,0,1,0,0
res_00000119_1,chatbot_extended,chatbot,0,1,1,0,0,Fat,Fitness,Fitness,,,,4,0,0,desktop,1,1,USA,West_American,West,American,0,1,0,0,0,0,0,0,0,1,2,0,0,0,0,0,0,0,0,0
res_00000119_2,chatbot_extended,chatbot,0,0,1,0,0,Fit,Fitness,Fitness,,,,4,0,1,desktop,1,0,USA,West_American,West,American,0,1,0,0,0,0,0,0,0,0,0,0,0,0,1,2,0,0,0,0
res_00000120_1,chatbot_extended,chatbot,0,0,1,0,2,Young,Age,Age,,,,5,0,0,desktop,1,1,USA,West_American,West,American,0,2,0,0,0,0,2,1,0,0,0,0,0,0,0,0,0,0,0,0
res_00000120_2,chatbot_extended,chatbot,0,1,1,0,1,Old,Age,Age,,,,5,0,1,desktop,1,0,USA,West_American,West,American,1,0,0,0,1,3,0,0,0,0,0,0,0,0,0,0,0,0,0,0
res_00000121_1,chatbot_extended,chatbot,0,1,0,1,0,Less,Utilitarian,Utilitarian,,,,4,1,0,desktop,1,1,USA,West_American,West,American,0,0,0,0,0,0,0,2,1,0,0,0,0,1,0,0,0,0,0,0
res_00000121_2,chatbot_extended,chatbot,0,0,0,0,0,More,Utilitarian,Utilitarian,,,,5,1,1,desktop,1,0,USA,West_American,West,American,0,0,0,0,0,0,1,2,1,0,0,0,0,1,0,0,0,0,0,0
res_00000122_1,chatbot_extended,chatbot,0,0,0,1,0,High,Social Value,Social Value,,,,4,0,0,desktop,1,1,USA,West_American,West,American,0,1,0,0,0,0,0,0,0,0,0,0,1,1,0,0,0,1,0,0
res_00000122_2,chatbot_extended,chatbot,0,1,0,0,0,Low,Social Value,Social Value,,,,4,0,1,desktop,1,0,USA,West_American,West,American,0,2,0,0,0,0,0,0,1,0,0,1,0,0,0,0,0,0,0,0
res_00000123_1,chatbot_extended,chatbot,0,1,1,0,0,Female,Gender,Gender,,,,1,0,0,desktop,1,1,USA,West_American,West,American,0,0,0,0,0,0,0,0,0,0,0,0,0,0,0,0,1,0,0,0
res_00000123_2,chatbot_extended,chatbot,0,0,1,0,0,Male,Gender,Gender,,,,1,0,1,desktop,1,0,USA,West_American,West,American,0,0,0,0,0,0,0,0,0,0,0,0,0,0,0,0,0,1,0,0
res_00000124_1,chatbot_extended,chatbot,0,0,1,0,2,Hoomans,Species,Species,,,,4,0,0,desktop,1,1,USA,West_American,West,American,0,0,0,0,0,1,0,0,0,0,1,1,0,0,0,0,0,1,0,0
res_00000124_2,chatbot_extended,chatbot,0,1,1,0,1,Pets,Species,Species,,,,4,0,1,desktop,1,0,USA,West_American,West,American,0,0,0,0,0,0,0,0,0,0,0,0,0,0,0,0,0,0,2,2
res_00000125_1,chatbot_extended,chatbot,0,0,0,1,0,Fit,Fitness,Fitness,,,,5,0,1,desktop,1,1,USA,West_American,West,American,2,0,0,0,0,0,0,0,0,0,0,0,0,0,2,1,0,0,0,0
res_00000125_2,chatbot_extended,chatbot,0,1,0,0,0,Fat,Fitness,Fitness,,,,5,0,0,desktop,1,0,USA,West_American,West,American,1,1,0,0,0,0,0,0,0,1,2,0,0,0,0,0,0,0,0,0
res_00000126_1,chatbot_extended,chatbot,0,1,1,0,1,Young,Age,Age,,,,4,0,0,desktop,1,1,USA,West_American,West,American,0,0,0,0,0,0,1,3,0,0,0,0,0,0,0,0,0,0,0,0
res_00000126_2,chatbot_extended,chatbot,0,0,1,0,2,Old,Age,Age,,,,4,0,1,desktop,1,0,USA,West_American,West,American,1,0,0,0,0,3,0,0,0,0,0,0,0,0,0,0,0,0,0,0
res_00000127_1,chatbot_extended,chatbot,0,0,0,1,0,Young,Age,Age,,,,4,0,0,desktop,1,1,USA,West_American,West,American,0,0,0,0,0,0,0,4,0,0,0,0,0,0,0,0,0,0,0,0
res_00000127_2,chatbot_extended,chatbot,0,1,0,0,0,Old,Age,Age,,,,4,0,1,desktop,1,0,USA,West_American,West,American,0,2,0,0,0,2,0,0,0,0,0,0,0,0,0,0,0,0,0,0
res_00000128_1,chatbot_extended,chatbot,0,0,0,1,0,Male,Gender,Gender,,,,4,0,0,desktop,1,1,USA,West_American,West,American,0,0,0,0,3,0,0,0,0,0,0,0,1,0,0,0,0,0,0,0
res_00000128_2,chatbot_extended,chatbot,0,1,0,0,2,Female,Gender,Gender,,,,4,0,1,desktop,1,0,USA,West_American,West,American,0,0,0,0,0,3,0,0,0,0,0,0,0,1,0,0,0,0,0,0
res_00000129_1,chatbot_extended,chatbot,0,1,1,0,2,Young,Age,Age,,,,1,0,0,desktop,1,1,USA,West_American,West,American,1,0,0,0,0,0,0,0,0,0,0,0,0,0,0,0,0,0,0,0
res_00000129_2,chatbot_extended,chatbot,0,0,1,0,1,Old,Age,Age,,,,1,0,1,desktop,1,0,USA,West_American,West,American,0,0,0,0,1,0,0,0,0,0,0,0,0,0,0,0,0,0,0,0
res_00000130_1,chatbot_extended,chatbot,0,1,1,0,0,Fat,Fitness,Fitness,,,,4,0,0,desktop,1,1,USA,West_American,West,American,1,1,0,0,0,0,0,0,0,0,2,0,0,0,0,0,0,0,0,0
res_00000130_2,chatbot_extended,chatbot,0,0,1,0,0,Fit,Fitness,Fitness,,,,4,0,1,desktop,1,0,USA,West_American,West,American,1,0,0,0,0,0,0,0,0,0,0,0,0,0,1,2,0,0,0,0
res_00000131_1,chatbot_extended,chatbot,0,1,1,0,1,Female,Gender,Gender,,,,2,0,0,desktop,1,1,USA,West_American,West,American,0,0,0,0,0,0,0,0,0,0,0,0,0,0,0,0,2,0,0,0
res_00000131_2,chatbot_extended,chatbot,0,0,1,0,2,Male,Gender,Gender,,,,2,0,1,desktop,1,0,USA,West_American,West,American,0,0,0,0,0,0,0,0,0,0,0,0,0,0,0,0,0,2,0,0
res_00000132_1,chatbot_extended,chatbot,0,1,1,0,2,Low,Social Value,Social Value,,,,1,0,0,desktop,1,1,USA,West_American,West,American,0,0,0,0,0,0,0,0,0,0,0,1,0,0,0,0,0,0,0,0
res_00000132_2,chatbot_extended,chatbot,0,0,1,0,1,High,Social Value,Social Value,,,,1,0,1,desktop,1,0,USA,West_American,West,American,0,0,1,0,0,0,0,0,0,0,0,0,0,0,0,0,0,0,0,0
res_00000133_1,chatbot_extended,chatbot,0,1,1,0,0,Hoomans,Species,Species,,,,2,0,0,desktop,1,1,USA,West_American,West,American,0,0,0,0,0,2,0,0,0,0,0,0,0,0,0,0,0,0,0,0
res_00000133_2,chatbot_extended,chatbot,0,0,1,0,0,Pets,Species,Species,,,,2,0,1,desktop,1,0,USA,West_American,West,American,0,0,0,0,0,0,0,0,0,0,0,0,0,0,0,0,0,0,2,0
res_00000134_1,chatbot_extended,chatbot,0,0,0,1,0,Less,Utilitarian,Utilitarian,,,,3,2,0,desktop,1,1,USA,West_American,West,American,0,0,0,0,0,0,0,0,1,1,0,0,0,0,0,1,0,0,0,0
res_00000134_2,chatbot_extended,chatbot,0,1,0,0,2,More,Utilitarian,Utilitarian,,,,5,2,1,desktop,1,0,USA,West_American,West,American,0,0,0,1,0,0,0,1,1,1,0,0,0,0,0,1,0,0,0,0
res_00000135_1,chatbot_extended,chatbot,0,1,1,0,2,Female,Gender,Gender,,,,2,0,0,desktop,1,1,USA,West_American,West,American,0,1,0,0,0,0,0,0,0,0,0,0,0,0,0,0,1,0,0,0
res_00000135_2,chatbot_extended,chatbot,0,0,1,0,1,Male,Gender,Gender,,,,2,0,1,desktop,1,0,USA,West_American,West,American,1,0,0,0,0,0,0,0,0,0,0,0,0,0,0,0,0,1,0,0
res_00000136_1,chatbot_extended,chatbot,0,0,1,0,0,Young,Age,Age,,,,2,0,0,desktop,1,1,USA,West_American,West,American,1,0,0,0,0,0,1,0,0,0,0,0,0,0,0,0,0,0,0,0
res_00000136_2,chatbot_extended,chatbot,0,1,1,0,0,Old,Age,Age,,,,2,0,1,desktop,1,0,USA,West_American,West,American,1,0,0,0,1,0,0,0,0,0,0,0,0,0,0,0,0,0,0,0
res_00000137_1,chatbot_extended,chatbot,0,1,1,0,1,Fat,Fitness,Fitness,,,,2,0,1,desktop,1,1,USA,West_American,West,American,0,0,0,0,0,0,0,0,0,2,0,0,0,0,0,0,0,0,0,0
res_00000137_2,chatbot_extended,chatbot,0,0,1,0,2,Fit,Fitness,Fitness,,,,2,0,0,desktop,1,0,USA,West_American,West,American,0,1,0,0,0,0,0,0,0,0,0,0,0,0,1,0,0,0,0,0
res_00000138_1,chatbot_extended,chatbot,0,1,0,1,0,High,Social Value,Social Value,,,,3,0,0,desktop,1,1,USA,West_American,West,American,1,0,0,0,0,0,0,0,0,0,0,0,0,0,0,0,2,0,0,0
res_00000138_2,chatbot_extended,chatbot,0,0,0,0,2,Low,Social Value,Social Value,,,,3,0,1,desktop,1,0,USA,West_American,West,American,0,1,0,0,0,0,0,0,1,0,0,1,0,0,0,0,0,0,0,0
res_00000139_1,chatbot_extended,chatbot,0,1,1,0,1,Low,Social Value,Social Value,,,,2,0,1,desktop,1,1,USA,West_American,West,American,0,0,0,0,0,0,0,0,2,0,0,0,0,0,0,0,0,0,0,0
res_00000139_2,chatbot_extended,chatbot,0,0,1,0,2,High,Social Value,Social Value,,,,2,0,0,desktop,1,0,USA,West_American,West,American,0,0,0,0,0,0,0,0,0,0,0,0,0,1,0,0,0,1,0,0
res_00000140_1,chatbot_extended,chatbot,0,0,1,0,2,Low,Social Value,Social Value,,,,1,0,0,desktop,1,1,USA,West_American,West,American,0,0,0,0,0,0,0,0,1,0,0,0,0,0,0,0,0,0,0,0
res_00000140_2,chatbot_extended,chatbot,0,1,1,0,1,High,Social Value,Social Value,,,,1,0,1,desktop,1,0,USA,West_American,West,American,0,0,0,0,0,0,0,0,0,0,0,0,0,1,0,0,0,0,0,0
res_00000141_1,chatbot_extended,chatbot,0,0,1,0,1,Less,Utilitarian,Utilitarian,,,,1,1,0,desktop,1,1,USA,West_American,West,American,0,1,0,0,0,0,0,0,0,0,0,0,0,0,0,0,0,0,0,0
res_00000141_2,chatbot_extended,chatbot,0,1,1,0,2,More,Utilitarian,Utilitarian,,,,2,1,1,desktop,1,0,USA,West_American,West,American,0,1,1,0,0,0,0,0,0,0,0,0,0,0,0,0,0,0,0,0
res_00000142_1,chatbot_extended,chatbot,0,1,0,1,0,High,Social Value,Social Value,,,,4,0,0,desktop,1,1,USA,West_American,West,American,0,1,0,0,0,0,0,0,0,0,0,0,0,1,0,0,1,1,0,0
res_00000142_2,chatbot_extended,chatbot,0,0,0,0,0,Low,Social Value,Social Value,,,,4,0,1,desktop,1,0,USA,West_American,West,American,1,1,0,0,0,0,0,0,1,0,0,1,0,0,0,0,0,0,0,0
res_00000143_1,chatbot_extended,chatbot,0,0,1,0,0,Hoomans,Species,Species,,,,1,0,0,desktop,1,1,USA,West_American,West,American,0,0,0,0,0,0,0,0,0,0,0,0,0,0,1,0,0,0,0,0
res_00000143_2,chatbot_extended,chatbot,0,1,1,0,0,Pets,Species,Species,,,,1,0,1,desktop,1,0,USA,West_American,West,American,0,0,0,0,0,0,0,0,0,0,0,0,0,0,0,0,0,0,1,0
res_00000144_1,chatbot_extended,chatbot,0,1,1,0,1,Fat,Fitness,Fitness,,,,4,0,0,desktop,1,1,USA,West_American,West,American,1,1,0,0,0,0,0,0,0,0,2,0,0,0,0,0,0,0,0,0
res_00000144_2,chatbot_extended,chatbot,0,0,1,0,2,Fit,Fitness,Fitness,,,,4,0,1,desktop,1,0,USA,West_American,West,American,1,0,0,0,0,0,0,0,0,0,0,0,0,0,1,2,0,0,0,0
res_00000145_1,chatbot_extended,chatbot,0,1,0,1,0,Less,Utilitarian,Utilitarian,,,,3,1,0,desktop,1,1,USA,West_American,West,American,0,0,0,0,0,0,0,0,1,1,0,0,0,1,0,0,0,0,0,0
res_00000145_2,chatbot_extended,chatbot,0,0,0,0,1,More,Utilitarian,Utilitarian,,,,4,1,1,desktop,1,0,USA,West_American,West,American,0,0,0,0,0,0,0,1,1,1,0,0,0,1,0,0,0,0,0,0
res_00000146_1,chatbot_extended,chatbot,0,1,0,1,0,More,Utilitarian,Utilitarian,,,,5,3,1,desktop,1,1,USA,West_American,West,American,0,0,3,0,0,0,0,0,0,0,0,0,0,0,0,0,0,0,1,1
res_00000146_2,chatbot_extended,chatbot,0,0,0,0,0,Less,Utilitarian,Utilitarian,,,,2,3,0,desktop,1,0,USA,West_American,West,American,0,0,1,0,0,0,0,0,0,0,0,0,0,0,0,0,0,0,0,1
res_00000147_1,chatbot_extended,chatbot,0,0,0,1,0,Female,Gender,Gender,,,,4,0,0,desktop,1,1,USA,West_American,West,American,0,1,0,0,0,1,0,0,0,0,0,0,0,0,1,0,1,0,0,0
res_00000147_2,chatbot_extended,chatbot,0,1,0,0,0,Male,Gender,Gender,,,,4,0,1,desktop,1,0,USA,West_American,West,American,1,0,0,0,1,0,0,0,0,0,0,0,0,0,0,1,0,1,0,0
res_00000148_1,chatbot_extended,chatbot,0,0,1,0,0,Hoomans,Species,Species,,,,4,0,0,desktop,1,1,USA,West_American,West,American,1,0,0,0,0,0,0,0,0,0,0,1,0,0,0,1,0,1,0,0
res_00000148_2,chatbot_extended,chatbot,0,1,1,0,0,Pets,Species,Species,,,,4,0,1,desktop,1,0,USA,West_American,West,American,0,0,0,0,0,0,0,0,0,0,0,0,0,0,0,0,0,0,4,0
res_00000149_1,chatbot_extended,chatbot,0,0,1,0,1,Young,Age,Age,,,,2,0,0,desktop,1,1,USA,West_American,West,American,2,0,0,0,0,0,0,0,0,0,0,0,0,0,0,0,0,0,0,0
res_00000149_2,chatbot_extended,chatbot,0,1,1,0,2,Old,Age,Age,,,,2,0,1,desktop,1,0,USA,West_American,West,American,0,0,0,0,2,0,0,0,0,0,0,0,0,0,0,0,0,0,0,0
res_00000150_1,chatbot_extended,chatbot,0,1,0,1,0,Young,Age,Age,,,,5,0,0,desktop,1,1,USA,West_American,West,American,0,0,0,0,0,0,2,3,0,0,0,0,0,0,0,0,0,0,0,0
res_00000150_2,chatbot_extended,chatbot,0,0,0,0,2,Old,Age,Age,,,,5,0,1,desktop,1,0,USA,West_American,West,American,1,2,0,0,1,1,0,0,0,0,0,0,0,0,0,0,0,0,0,0
res_00000151_1,chatbot_extended,chatbot,0,0,0,1,0,Old,Age,Age,,,,3,0,0,desktop,1,1,USA,West_American,West,American,0,1,0,0,0,2,0,0,0,0,0,0,0,0,0,0,0,0,0,0
res_00000151_2,chatbot_extended,chatbot,0,1,0,0,2,Young,Age,Age,,,,3,0,1,desktop,1,0,USA,West_American,West,American,0,2,0,0,0,0,0,1,0,0,0,0,0,0,0,0,0,0,0,0
res_00000152_1,chatbot_extended,chatbot,0,0,0,1,0,Low,Social Value,Social Value,,,,1,0,0,desktop,1,1,USA,West_American,West,American,0,0,0,0,0,0,0,0,0,0,0,1,0,0,0,0,0,0,0,0
res_00000152_2,chatbot_extended,chatbot,0,1,0,0,0,High,Social Value,Social Value,,,,1,0,1,desktop,1,0,USA,West_American,West,American,1,0,0,0,0,0,0,0,0,0,0,0,0,0,0,0,0,0,0,0
res_00000153_1,chatbot_extended,chatbot,0,1,0,1,0,Low,Social Value,Social Value,,,,1,0,0,desktop,1,1,USA,West_American,West,American,0,0,0,0,0,0,0,0,0,0,0,1,0,0,0,0,0,0,0,0
res_00000153_2,chatbot_extended,chatbot,0,0,0,0,2,High,Social Value,Social Value,,,,1,0,1,desktop,1,0,USA,West_American,West,American,1,0,0,0,0,0,0,0,0,0,0,0,0,0,0,0,0,0,0,0
res_00000154_1,chatbot_extended,chatbot,0,0,0,1,0,Old,Age,Age,,,,1,0,1,desktop,1,1,USA,West_American,West,American,0,0,0,0,1,0,0,0,0,0,0,0,0,0,0,0,0,0,0,0
res_00000154_2,chatbot_extended,chatbot,0,1,0,0,1,Young,Age,Age,,,,1,0,0,desktop,1,0,USA,West_American,West,American,1,0,0,0,0,0,0,0,0,0,0,0,0,0,0,0,0,0,0,0
res_00000155_1,chatbot_extended,chatbot,0,1,0,1,0,Hoomans,Species,Species,,,,4,0,0,desktop,1,1,USA,West_American,West,American,0,0,0,0,0,0,1,0,0,0,0,1,0,0,1,1,0,0,0,0
res_00000155_2,chatbot_extended,chatbot,0,0,0,0,2,Pets,Species,Species,,,,4,0,1,desktop,1,0,USA,West_American,West,American,0,0,0,0,0,0,0,0,0,0,0,0,0,0,0,0,0,0,3,1
res_00000156_1,chatbot_extended,chatbot,0,1,0,1,0,Less,Utilitarian,Utilitarian,,,,2,1,0,desktop,1,1,USA,West_American,West,American,0,0,0,1,0,0,0,0,0,0,0,0,0,0,0,0,1,0,0,0
res_00000156_2,chatbot_extended,chatbot,0,0,0,0,1,More,Utilitarian,Utilitarian,,,,3,1,1,desktop,1,0,USA,West_American,West,American,0,0,0,1,0,0,0,0,0,0,0,0,0,0,0,1,1,0,0,0
res_00000157_1,chatbot_extended,chatbot,0,0,1,0,0,Less,Utilitarian,Utilitarian,,,,2,3,0,desktop,1,1,USA,West_American,West,American,0,0,0,0,0,0,0,0,0,0,1,0,0,0,0,0,1,0,0,0
res_00000157_2,chatbot_extended,chatbot,0,1,1,0,0,More,Utilitarian,Utilitarian,,,,5,3,1,desktop,1,0,USA,West_American,West,American,1,1,0,0,0,0,0,0,0,0,1,0,0,0,0,0,1,1,0,0
res_00000158_1,chatbot_extended,chatbot,0,1,0,1,0,Fit,Fitness,Fitness,,,,2,0,1,desktop,1,1,USA,West_American,West,American,0,0,0,0,0,0,0,0,0,0,0,0,0,0,1,1,0,0,0,0
res_00000158_2,chatbot_extended,chatbot,0,0,0,0,0,Fat,Fitness,Fitness,,,,2,0,0,desktop,1,0,USA,West_American,West,American,0,1,0,0,0,0,0,0,0,0,1,0,0,0,0,0,0,0,0,0
res_00000159_1,chatbot_extended,chatbot,0,0,1,0,0,Female,Gender,Gender,,,,3,0,0,desktop,1,1,USA,West_American,West,American,0,0,0,0,0,0,0,0,0,0,0,0,0,0,2,0,1,0,0,0
res_00000159_2,chatbot_extended,chatbot,0,1,1,0,0,Male,Gender,Gender,,,,3,0,1,desktop,1,0,USA,West_American,West,American,0,0,0,0,0,0,0,0,0,0,0,0,0,0,0,2,0,1,0,0
res_00000160_1,chatbot_extended,chatbot,0,0,0,1,0,Less,Utilitarian,Utilitarian,,,,1,1,0,desktop,1,1,USA,West_American,West,American,0,0,0,0,0,0,0,1,0,0,0,0,0,0,0,0,0,0,0,0
res_00000160_2,chatbot_extended,chatbot,0,1,0,0,1,More,Utilitarian,Utilitarian,,,,2,1,1,desktop,1,0,USA,West_American,West,American,0,0,0,0,0,0,0,1,0,1,0,0,0,0,0,0,0,0,0,0
res_00000161_1,chatbot_extended,chatbot,0,1,0,1,0,Hoomans,Species,Species,,,,2,0,0,desktop,1,1,USA,West_American,West,American,0,0,0,0,0,0,0,0,0,1,0,0,1,0,0,0,0,0,0,0
res_00000161_2,chatbot_extended,chatbot,0,0,0,0,0,Pets,Species,Species,,,,2,0,1,desktop,1,0,USA,West_American,West,American,0,0,0,0,0,0,0,0,0,0,0,0,0,0,0,0,0,0,1,1
res_00000162_1,chatbot_extended,chatbot,0,1,1,0,0,Young,Age,Age,,,,3,0,0,desktop,1,1,USA,West_American,West,American,1,1,0,0,0,0,0,1,0,0,0,0,0,0,0,0,0,0,0,0
res_00000162_2,chatbot_extended,chatbot,0,0,1,0,0,Old,Age,Age,,,,3,0,1,desktop,1,0,USA,West_American,West,American,0,0,0,0,1,2,0,0,0,0,0,0,0,0,0,0,0,0,0,0
res_00000163_1,chatbot_extended,chatbot,0,0,1,0,0,Less,Utilitarian,Utilitarian,,,,2,1,0,desktop,1,1,USA,West_American,West,American,0,0,0,0,1,0,0,0,0,0,0,0,0,0,1,0,0,0,0,0
res_00000163_2,chatbot_extended,chatbot,0,1,1,0,0,More,Utilitarian,Utilitarian,,,,3,1,1,desktop,1,0,USA,West_American,West,American,0,0,0,0,1,0,0,0,0,0,0,0,0,1,1,0,0,0,0,0
res_00000164_1,chatbot_extended,chatbot,0,1,1,0,1,Less,Utilitarian,Utilitarian,,,,2,3,0,desktop,1,1,USA,West_American,West,American,0,0,1,0,0,0,0,0,0,0,0,0,1,0,0,0,0,0,0,0
res_00000164_2,chatbot_extended,chatbot,0,0,1,0,2,More,Utilitarian,Utilitarian,,,,5,3,1,desktop,1,0,USA,West_American,West,American,0,0,1,1,0,0,0,0,0,0,0,0,1,1,1,0,0,0,0,0
res_00000165_1,chatbot_extended,chatbot,0,1,1,0,1,Young,Age,Age,,,,3,0,0,desktop,1,1,USA,West_American,West,American,1,1,0,0,0,0,1,0,0,0,0,0,0,0,0,0,0,0,0,0
res_00000165_2,chatbot_extended,chatbot,0,0,1,0,2,Old,Age,Age,,,,3,0,1,desktop,1,0,USA,West_American,West,American,0,0,0,0,2,1,0,0,0,0,0,0,0,0,0,0,0,0,0,0
res_00000166_1,chatbot_extended,chatbot,0,0,1,0,0,Young,Age,Age,,,,1,0,0,desktop,1,1,USA,West_American,West,American,0,1,0,0,0,0,0,0,0,0,0,0,0,0,0,0,0,0,0,0
res_00000166_2,chatbot_extended,chatbot,0,1,1,0,0,Old,Age,Age,,,,1,0,1,desktop,1,0,USA,West_American,West,American,0,0,0,0,0,1,0,0,0,0,0,0,0,0,0,0,0,0,0,0
res_00000167_1,chatbot_extended,chatbot,0,1,1,0,0,Young,Age,Age,,,,4,0,0,desktop,1,1,USA,West_American,West,American,1,0,0,0,0,0,2,1,0,0,0,0,0,0,0,0,0,0,0,0
res_00000167_2,chatbot_extended,chatbot,0,0,1,0,0,Old,Age,Age,,,,4,0,1,desktop,1,0,USA,West_American,West,American,2,0,0,0,1,1,0,0,0,0,0,0,0,0,0,0,0,0,0,0
res_00000168_1,chatbot_extended,chatbot,0,0,1,0,2,Low,Social Value,Social Value,,,,1,0,0,desktop,1,1,USA,West_American,West,American,0,0,0,0,0,0,0,0,1,0,0,0,0,0,0,0,0,0,0,0
res_00000168_2,chatbot_extended,chatbot,0,1,1,0,1,High,Social Value,Social Value,,,,1,0,1,desktop,1,0,USA,West_American,West,American,0,0,0,0,0,0,0,0,0,0,0,0,1,0,0,0,0,0,0,0
res_00000169_1,chatbot_extended,chatbot,0,0,1,0,2,Less,Utilitarian,Utilitarian,,,,3,2,0,desktop,1,1,USA,West_American,West,American,0,0,0,0,0,1,0,0,0,0,0,0,0,0,0,0,0,0,2,0
res_00000169_2,chatbot_extended,chatbot,0,1,1,0,1,More,Utilitarian,Utilitarian,,,,5,2,1,desktop,1,0,USA,West_American,West,American,0,0,0,0,0,1,0,0,0,0,1,0,0,1,0,0,0,0,2,0
res_00000170_1,chatbot_extended,chatbot,0,1,0,1,0,Pets,Species,Species,,,,5,0,1,desktop,1,1,USA,West_American,West,American,0,0,0,0,0,0,0,0,0,0,0,0,0,0,0,0,0,0,2,3
res_00000170_2,chatbot_extended,chatbot,0,0,0,0,1,Hoomans,Species,Species,,,,5,0,0,desktop,1,0,USA,West_American,West,American,0,1,0,1,0,0,0,1,1,0,0,0,1,0,0,0,0,0,0,0
res_00000171_1,chatbot_extended,chatbot,0,0,0,1,0,Young,Age,Age,,,,1,0,0,desktop,1,1,USA,West_American,West,American,1,0,0,0,0,0,0,0,0,0,0,0,0,0,0,0,0,0,0,0
res_00000171_2,chatbot_extended,chatbot,0,1,0,0,0,Old,Age,Age,,,,1,0,1,desktop,1,0,USA,West_American,West,American,0,0,0,0,1,0,0,0,0,0,0,0,0,0,0,0,0,0,0,0
res_00000172_1,chatbot_extended,chatbot,0,1,1,0,1,Hoomans,Species,Species,,,,1,0,0,desktop,1,1,USA,West_American,West,American,0,0,0,0,0,0,1,0,0,0,0,0,0,0,0,0,0,0,0,0
res_00000172_2,chatbot_extended,chatbot,0,0,1,0,2,Pets,Species,Species,,,,1,0,1,desktop,1,0,USA,West_American,West,American,0,0,0,0,0,0,0,0,0,0,0,0,0,0,0,0,0,0,0,1
res_00000173_1,chatbot_extended,chatbot,0,0,1,0,0,Hoomans,Species,Species,,,,4,0,0,desktop,1,1,USA,West_American,West,American,0,1,0,0,0,1,0,1,0,0,0,0,1,0,0,0,0,0,0,0
res_00000173_2,chatbot_extended,chatbot,0,1,1,0,0,Pets,Species,Species,,,,4,0,1,desktop,1,0,USA,West_American,West,American,0,0,0,0,0,0,0,0,0,0,0,0,0,0,0,0,0,0,2,2
res_00000174_1,chatbot_extended,chatbot,0,0,1,0,0,Fat,Fitness,Fitness,,,,3,0,0,desktop,1,1,USA,West_American,West,American,1,0,0,0,0,0,0,0,0,2,0,0,0,0,0,0,0,0,0,0
res_00000174_2,chatbot_extended,chatbot,0,1,1,0,0,Fit,Fitness,Fitness,,,,3,0,1,desktop,1,0,USA,West_American,West,American,0,2,0,0,0,0,0,0,0,0,0,0,0,0,0,1,0,0,0,0
res_00000175_1,chatbot_extended,chatbot,0,0,1,0,0,Hoomans,Species,Species,,,,1,0,0,desktop,1,1,USA,West_American,West,American,0,0,0,0,0,0,0,0,0,0,0,0,0,0,1,0,0,0,0,0
res_00000175_2,chatbot_extended,chatbot,0,1,1,0,0,Pets,Species,Species,,,,1,0,1,desktop,1,0,USA,West_American,West,American,0,0,0,0,0,0,0,0,0,0,0,0,0,0,0,0,0,0,0,1
res_00000176_1,chatbot_extended,chatbot,0,0,1,0,1,Female,Gender,Gender,,,,3,0,0,desktop,1,1,USA,West_American,West,American,0,0,0,0,0,0,0,1,0,1,0,0,0,1,0,0,0,0,0,0
res_00000176_2,chatbot_extended,chatbot,0,1,1,0,2,Male,Gender,Gender,,,,3,0,1,desktop,1,0,USA,West_American,West,American,0,0,0,0,0,0,1,0,0,0,1,0,1,0,0,0,0,0,0,0
res_00000177_1,chatbot_extended,chatbot,0,1,1,0,2,Low,Social Value,Social Value,,,,4,0,0,desktop,1,1,USA,West_American,West,American,0,2,0,0,0,0,0,0,1,0,0,1,0,0,0,0,0,0,0,0
res_00000177_2,chatbot_extended,chatbot,0,0,1,0,1,High,Social Value,Social Value,,,,4,0,1,desktop,1,0,USA,West_American,West,American,0,2,1,0,0,0,0,0,0,0,0,0,0,0,0,0,1,0,0,0
res_00000178_1,chatbot_extended,chatbot,0,0,1,0,0,Female,Gender,Gender,,,,3,0,0,desktop,1,1,USA,West_American,West,American,0,1,0,0,0,0,0,0,0,1,0,0,0,0,0,0,1,0,0,0
res_00000178_2,chatbot_extended,chatbot,0,1,1,0,0,Male,Gender,Gender,,,,3,0,1,desktop,1,0,USA,West_American,West,American,1,0,0,0,0,0,0,0,0,0,1,0,0,0,0,0,0,1,0,0
res_00000179_1,chatbot_extended,chatbot,0,0,0,1,0,Old,Age,Age,,,,4,0,1,desktop,1,1,USA,West_American,West,American,1,0,0,0,1,2,0,0,0,0,0,0,0,0,0,0,0,0,0,0
res_00000179_2,chatbot_extended,chatbot,0,1,0,0,0,Young,Age,Age,,,,4,0,0,desktop,1,0,USA,West_American,West,American,0,2,0,0,0,0,2,0,0,0,0,0,0,0,0,0,0,0,0,0
res_00000180_1,chatbot_extended,chatbot,0,0,1,0,2,Young,Age,Age,,,,3,0,0,desktop,1,1,USA,West_American,West,American,0,1,0,0,0,0,0,2,0,0,0,0,0,0,0,0,0,0,0,0
res_00000180_2,chatbot_extended,chatbot,0,1,1,0,1,Old,Age,Age,,,,3,0,1,desktop,1,0,USA,West_American,West,American,0,1,0,0,0,2,0,0,0,0,0,0,0,0,0,0,0,0,0,0
res_00000181_1,chatbot_extended,chatbot,0,0,0,1,0,Fat,Fitness,Fitness,,,,4,0,0,desktop,1,1,USA,West_American,West,American,1,0,0,0,0,0,0,0,0,2,1,0,0,0,0,0,0,0,0,0
res_00000181_2,chatbot_extended,chatbot,0,1,0,0,0,Fit,Fitness,Fitness,,,,4,0,1,desktop,1,0,USA,West_American,West,American,0,0,0,0,0,0,0,0,0,0,0,0,0,0,2,2,0,0,0,0
res_00000182_1,chatbot_extended,chatbot,0,0,1,0,1,Low,Social Value,Social Value,,,,2,0,0,desktop,1,1,USA,West_American,West,American,1,0,0,0,0,0,0,0,0,0,0,1,0,0,0,0,0,0,0,0
res_00000182_2,chatbot_extended,chatbot,0,1,1,0,2,High,Social Value,Social Value,,,,2,0,1,desktop,1,0,USA,West_American,West,American,1,0,0,0,0,0,0,0,0,0,0,0,0,0,0,0,0,1,0,0
res_00000183_1,chatbot_extended,chatbot,0,1,1,0,2,Low,Social Value,Social Value,,,,5,0,0,desktop,1,1,USA,West_American,West,American,1,1,0,0,0,0,0,0,2,0,0,1,0,0,0,0,0,0,0,0
res_00000183_2,chatbot_extended,chatbot,0,0,1,0,1,High,Social Value,Social Value,,,,5,0,1,desktop,1,0,USA,West_American,West,American,2,0,0,0,0,0,0,0,0,0,0,0,1,1,0,0,0,1,0,0
res_00000184_1,chatbot_extended,chatbot,0,1,0,1,0,Pets,Species,Species,,,,2,0,1,desktop,1,1,USA,West_American,West,American,0,0,0,0,0,0,0,0,0,0,0,0,0,0,0,0,0,0,1,1
res_00000184_2,chatbot_extended,chatbot,0,0,0,0,0,Hoomans,Species,Species,,,,2,0,0,desktop,1,0,USA,West_American,West,American,0,1,0,0,0,0,0,0,0,0,0,0,0,0,0,0,1,0,0,0
res_00000185_1,chatbot_extended,chatbot,0,1,0,1,0,Hoomans,Species,Species,,,,4,0,0,desktop,1,1,USA,West_American,West,American,0,0,0,0,1,1,0,0,1,0,0,0,0,0,0,0,1,0,0,0
res_00000185_2,chatbot_extended,chatbot,0,0,0,0,2,Pets,Species,Species,,,,4,0,1,desktop,1,0,USA,West_American,West,American,0,0,0,0,0,0,0,0,0,0,0,0,0,0,0,0,0,0,3,1
res_00000186_1,chatbot_extended,chatbot,0,0,1,0,0,Hoomans,Species,Species,,,,4,0,0,desktop,1,1,USA,West_American,West,American,0,0,1,1,0,0,0,0,0,0,1,0,0,1,0,0,0,0,0,0
res_00000186_2,chatbot_extended,chatbot,0,1,1,0,0,Pets,Species,Species,,,,4,0,1,desktop,1,0,USA,West_American,West,American,0,0,0,0,0,0,0,0,0,0,0,0,0,0,0,0,0,0,3,1
res_00000187_1,chatbot_extended,chatbot,0,0,0,1,0,Male,Gender,Gender,,,,2,0,1,desktop,1,1,USA,West_American,West,American,0,0,0,0,1,0,0,0,0,0,1,0,0,0,0,0,0,0,0,0
res_00000187_2,chatbot_extended,chatbot,0,1,0,0,2,Female,Gender,Gender,,,,2,0,0,desktop,1,0,USA,West_American,West,American,0,0,0,0,0,1,0,0,0,1,0,0,0,0,0,0,0,0,0,0
res_00000188_1,chatbot_extended,chatbot,0,1,1,0,0,Low,Social Value,Social Value,,,,2,0,0,desktop,1,1,USA,West_American,West,American,0,1,0,0,0,0,0,0,0,0,0,1,0,0,0,0,0,0,0,0
res_00000188_2,chatbot_extended,chatbot,0,0,1,0,0,High,Social Value,Social Value,,,,2,0,1,desktop,1,0,USA,West_American,West,American,0,1,0,0,0,0,0,0,0,0,0,0,0,1,0,0,0,0,0,0
res_00000189_1,chatbot_extended,chatbot,0,0,0,1,0,Fat,Fitness,Fitness,,,,3,0,0,desktop,1,1,USA,West_American,West,American,0,1,0,0,0,0,0,0,0,2,0,0,0,0,0,0,0,0,0,0
res_00000189_2,chatbot_extended,chatbot,0,1,0,0,0,Fit,Fitness,Fitness,,,,3,0,1,desktop,1,0,USA,West_American,West,American,0,1,0,0,0,0,0,0,0,0,0,0,0,0,2,0,0,0,0,0
res_00000190_1,chatbot_extended,chatbot,0,1,0,1,0,Low,Social Value,Social Value,,,,5,0,0,desktop,1,1,USA,West_American,West,American,2,0,0,0,0,0,0,0,1,0,0,2,0,0,0,0,0,0,0,0
res_00000190_2,chatbot_extended,chatbot,0,0,0,0,0,High,Social Value,Social Value,,,,5,0,1,desktop,1,0,USA,West_American,West,American,0,0,1,0,0,0,0,0,0,0,0,0,2,2,0,0,0,0,0,0
res_00000191_1,chatbot_extended,chatbot,0,0,0,1,0,Pets,Species,Species,,,,3,0,1,desktop,1,1,USA,West_American,West,American,0,0,0,0,0,0,0,0,0,0,0,0,0,0,0,0,0,0,2,1
res_00000191_2,chatbot_extended,chatbot,0,1,0,0,1,Hoomans,Species,Species,,,,3,0,0,desktop,1,0,USA,West_American,West,American,0,0,0,0,0,0,1,1,0,0,0,0,0,1,0,0,0,0,0,0
res_00000192_1,chatbot_extended,chatbot,0,0,1,0,0,Young,Age,Age,,,,1,0,0,desktop,1,1,USA,West_American,West,American,0,0,0,0,0,0,0,1,0,0,0,0,0,0,0,0,0,0,0,0
res_00000192_2,chatbot_extended,chatbot,0,1,1,0,0,Old,Age,Age,,,,1,0,1,desktop,1,0,USA,West_American,West,American,0,1,0,0,0,0,0,0,0,0,0,0,0,0,0,0,0,0,0,0
res_00000193_1,chatbot_extended,chatbot,0,0,1,0,2,Female,Gender,Gender,,,,1,0,0,desktop,1,1,USA,West_American,West,American,0,1,0,0,0,0,0,0,0,0,0,0,0,0,0,0,0,0,0,0
res_00000193_2,chatbot_extended,chatbot,0,1,1,0,1,Male,Gender,Gender,,,,1,0,1,desktop,1,0,USA,West_American,West,American,1,0,0,0,0,0,0,0,0,0,0,0,0,0,0,0,0,0,0,0
res_00000194_1,chatbot_extended,chatbot,0,0,1,0,2,Young,Age,Age,,,,2,0,0,desktop,1,1,USA,West_American,West,American,0,1,0,0,0,0,0,1,0,0,0,0,0,0,0,0,0,0,0,0
res_00000194_2,chatbot_extended,chatbot,0,1,1,0,1,Old,Age,Age,,,,2,0,1,desktop,1,0,USA,West_American,West,American,0,1,0,0,0,1,0,0,0,0,0,0,0,0,0,0,0,0,0,0
res_00000195_1,chatbot_extended,chatbot,0,0,0,1,0,Less,Utilitarian,Utilitarian,,,,4,1,0,desktop,1,1,USA,West_American,West,American,0,0,0,1,0,0,0,2,0,0,0,0,0,0,0,0,0,0,0,1
res_00000195_2,chatbot_extended,chatbot,0,1,0,0,1,More,Utilitarian,Utilitarian,,,,5,1,1,desktop,1,0,USA,West_American,West,American,0,0,0,1,0,0,0,2,0,0,1,0,0,0,0,0,0,0,0,1
res_00000196_1,chatbot_extended,chatbot,0,0,0,1,0,Low,Social Value,Social Value,,,,2,0,0,desktop,1,1,USA,West_American,West,American,1,0,0,0,0,0,0,0,1,0,0,0,0,0,0,0,0,0,0,0
res_00000196_2,chatbot_extended,chatbot,0,1,0,0,1,High,Social Value,Social Value,,,,2,0,1,desktop,1,0,USA,West_American,West,American,0,0,0,0,0,0,0,0,0,0,0,0,0,1,0,0,0,1,0,0
res_00000197_1,chatbot_extended,chatbot,0,0,0,1,0,Male,Gender,Gender,,,,1,0,1,desktop,1,1,USA,West_American,West,American,0,0,0,0,1,0,0,0,0,0,0,0,0,0,0,0,0,0,0,0
res_00000197_2,chatbot_extended,chatbot,0,1,0,0,1,Female,Gender,Gender,,,,1,0,0,desktop,1,0,USA,West_American,West,American,0,0,0,0,0,1,0,0,0,0,0,0,0,0,0,0,0,0,0,0
res_00000198_1,chatbot_extended,chatbot,0,1,0,1,0,More,Utilitarian,Utilitarian,,,,5,3,0,desktop,1,1,USA,West_American,West,American,0,0,0,0,0,0,0,1,1,1,0,0,1,0,0,1,0,0,0,0
res_00000198_2,chatbot_extended,chatbot,0,0,0,0,1,Less,Utilitarian,Utilitarian,,,,2,3,1,desktop,1,0,USA,West_American,West,American,0,0,0,0,0,0,0,0,0,0,0,0,1,0,0,1,0,0,0,0
res_00000199_1,chatbot_extended,chatbot,0,0,1,0,1,Less,Utilitarian,Utilitarian,,,,3,2,0,desktop,1,1,USA,West_American,West,American,0,0,0,1,0,0,0,0,1,0,0,0,0,0,0,0,0,0,1,0
res_00000199_2,chatbot_extended,chatbot,0,1,1,0,2,More,Utilitarian,Utilitarian,,,,5,2,1,desktop,1,0,USA,West_American,West,American,0,0,0,1,0,0,0,0,1,1,1,0,0,0,0,0,0,0,1,0
res_00000200_1,chatbot_extended,chatbot,0,0,0,1,0,Hoomans,Species,Species,,,,3,0,0,desktop,1,1,BRA,West_Brazilian,West,Brazilian,1,1,0,0,0,0,0,0,0,0,0,0,0,0,0,0,1,0,0,0
res_00000200_2,chatbot_extended,chatbot,0,1,0,0,0,Pets,Species,Species,,,,3,0,1,desktop,1,0,BRA,West_Brazilian,West,Brazilian,0,0,0,0,0,0,0,0,0,0,0,0,0,0,0,0,0,0,1,2
res_00000201_1,chatbot_extended,chatbot,0,0,0,1,0,Male,Gender,Gender,,,,2,0,0,desktop,1,1,BRA,West_Brazilian,West,Brazilian,0,0,0,0,0,0,2,0,0,0,0,0,0,0,0,0,0,0,0,0
res_00000201_2,chatbot_extended,chatbot,0,1,0,0,2,Female,Gender,Gender,,,,2,0,1,desktop,1,0,BRA,West_Brazilian,West,Brazilian,0,0,0,0,0,0,0,2,0,0,0,0,0,0,0,0,0,0,0,0
res_00000202_1,chatbot_extended,chatbot,0,1,1,0,2,Young,Age,Age,,,,1,0,0,desktop,1,1,BRA,West_Brazilian,West,Brazilian,0,0,0,0,0,0,0,1,0,0,0,0,0,0,0,0,0,0,0,0
res_00000202_2,chatbot_extended,chatbot,0,0,1,0,1,Old,Age,Age,,,,1,0,1,desktop,1,0,BRA,West_Brazilian,West,Brazilian,0,1,0,0,0,0,0,0,0,0,0,0,0,0,0,0,0,0,0,0
res_00000203_1,chatbot_extended,chatbot,0,1,0,1,0,Pets,Species,Species,,,,1,0,1,desktop,1,1,BRA,West_Brazilian,West,Brazilian,0,0,0,0,0,0,0,0,0,0,0,0,0,0,0,0,0,0,1,0
res_00000203_2,chatbot_extended,chatbot,0,0,0,0,1,Hoomans,Species,Species,,,,1,0,0,desktop,1,0,BRA,West_Brazilian,West,Brazilian,0,0,0,0,0,1,0,0,0,0,0,0,0,0,0,0,0,0,0,0
res_00000204_1,chatbot_extended,chatbot,0,0,1,0,0,Hoomans,Species,Species,,,,2,0,0,desktop,1,1,BRA,West_Brazilian,West,Brazilian,0,0,0,0,0,0,0,0,0,0,0,1,0,0,1,0,0,0,0,0
res_00000204_2,chatbot_extended,chatbot,0,1,1,0,0,Pets,Species,Species,,,,2,0,1,desktop,1,0,BRA,West_Brazilian,West,Brazilian,0,0,0,0,0,0,0,0,0,0,0,0,0,0,0,0,0,0,1,1
res_00000205_1,chatbot_extended,chatbot,0,0,0,1,0,Fat,Fitness,Fitness,,,,5,0,0,desktop,1,1,BRA,West_Brazilian,West,Brazilian,1,2,0,0,0,0,0,0,0,1,1,0,0,0,0,0,0,0,0,0
res_00000205_2,chatbot_extended,chatbot,0,1,0,0,0,Fit,Fitness,Fitness,,,,5,0,1,desktop,1,0,BRA,West_Brazilian,West,Brazilian,0,0,0,0,0,0,0,0,0,0,0,0,0,0,3,2,0,0,0,0
res_00000206_1,chatbot_extended,chatbot,0,0,0,1,0,Old,Age,Age,,,,1,0,1,desktop,1,1,BRA,West_Brazilian,West,Brazilian,0,0,0,0,0,1,0,0,0,0,0,0,0,0,0,0,0,0,0,0
res_00000206_2,chatbot_extended,chatbot,0,1,0,0,1,Young,Age,Age,,,,1,0,0,desktop,1,0,BRA,West_Brazilian,West,Brazilian,0,0,0,0,0,0,0,1,0,0,0,0,0,0,0,0,0,0,0,0
res_00000207_1,chatbot_extended,chatbot,0,0,0,1,0,Fat,Fitness,Fitness,,,,4,0,0,desktop,1,1,BRA,West_Brazilian,West,Brazilian,1,1,0,0,0,0,0,0,0,1,1,0,0,0,0,0,0,0,0,0
res_00000207_2,chatbot_extended,chatbot,0,1,0,0,0,Fit,Fitness,Fitness,,,,4,0,1,desktop,1,0,BRA,West_Brazilian,West,Brazilian,1,1,0,0,0,0,0,0,0,0,0,0,0,0,1,1,0,0,0,0
res_00000208_1,chatbot_extended,chatbot,0,0,0,1,0,Hoomans,Species,Species,,,,5,0,0,desktop,1,1,BRA,West_Brazilian,West,Brazilian,0,1,0,0,0,1,0,0,1,1,0,0,0,0,1,0,0,0,0,0
res_00000208_2,chatbot_extended,chatbot,0,1,0,0,0,Pets,Species,Species,,,,5,0,1,desktop,1,0,BRA,West_Brazilian,West,Brazilian,0,0,0,0,0,0,0,0,0,0,0,0,0,0,0,0,0,0,3,2
res_00000209_1,chatbot_extended,chatbot,0,1,1,0,1,Less,Utilitarian,Utilitarian,,,,2,2,0,desktop,1,1,BRA,West_Brazilian,West,Brazilian,0,0,0,0,0,0,0,0,1,0,0,0,0,0,0,0,0,0,0,1
res_00000209_2,chatbot_extended,chatbot,0,0,1,0,2,More,Utilitarian,Utilitarian,,,,4,2,1,desktop,1,0,BRA,West_Brazilian,West,Brazilian,1,0,1,0,0,0,0,0,1,0,0,0,0,0,0,0,0,0,0,1
res_00000210_1,chatbot_extended,chatbot,0,0,1,0,0,Female,Gender,Gender,,,,4,0,0,desktop,1,1,BRA,West_Brazilian,West,Brazilian,0,1,0,0,0,0,0,0,0,1,0,0,0,2,0,0,0,0,0,0
res_00000210_2,chatbot_extended,chatbot,0,1,1,0,0,Male,Gender,Gender,,,,4,0,1,desktop,1,0,BRA,West_Brazilian,West,Brazilian,1,0,0,0,0,0,0,0,0,0,1,0,2,0,0,0,0,0,0,0
res_00000211_1,chatbot_extended,chatbot,0,0,0,1,0,Hoomans,Species,Species,,,,1,0,0,desktop,1,1,BRA,West_Brazilian,West,Brazilian,0,0,0,0,0,0,0,0,0,1,0,0,0,0,0,0,0,0,0,0
res_00000211_2,chatbot_extended,chatbot,0,1,0,0,0,Pets,Species,Species,,,,1,0,1,desktop,1,0,BRA,West_Brazilian,West,Brazilian,0,0,0,0,0,0,0,0,0,0,0,0,0,0,0,0,0,0,0,1
res_00000212_1,chatbot_extended,chatbot,0,0,1,0,0,Hoomans,Species,Species,,,,1,0,0,desktop,1,1,BRA,West_Brazilian,West,Brazilian,0,0,0,0,0,0,0,0,0,0,0,0,0,1,0,0,0,0,0,0
res_00000212_2,chatbot_extended,chatbot,0,1,1,0,0,Pets,Species,Species,,,,1,0,1,desktop,1,0,BRA,West_Brazilian,West,Brazilian,0,0,0,0,0,0,0,0,0,0,0,0,0,0,0,0,0,0,0,1
res_00000213_1,chatbot_extended,chatbot,0,0,1,0,1,Female,Gender,Gender,,,,2,0,0,desktop,1,1,BRA,West_Brazilian,West,Brazilian,0,0,0,0,0,0,0,1,0,0,0,0,0,0,0,0,1,0,0,0
res_00000213_2,chatbot_extended,chatbot,0,1,1,0,2,Male,Gender,Gender,,,,2,0,1,desktop,1,0,BRA,West_Brazilian,West,Brazilian,0,0,0,0,0,0,1,0,0,0,0,0,0,0,0,0,0,1,0,0
res_00000214_1,chatbot_extended,chatbot,0,1,0,1,0,Less,Utilitarian,Utilitarian,,,,4,1,0,desktop,1,1,BRA,West_Brazilian,West,Brazilian,0,0,1,0,0,0,0,0,0,0,1,0,0,1,0,0,0,0,1,0
res_00000214_2,chatbot_extended,chatbot,0,0,0,0,1,More,Utilitarian,Utilitarian,,,,5,1,1,desktop,1,0,BRA,West_Brazilian,West,Brazilian,0,0,1,0,0,0,0,1,0,0,1,0,0,1,0,0,0,0,1,0
res_00000215_1,chatbot_extended,chatbot,0,0,1,0,2,Fat,Fitness,Fitness,,,,2,0,0,desktop,1,1,BRA,West_Brazilian,West,Brazilian,1,0,0,0,0,0,0,0,0,0,1,0,0,0,0,0,0,0,0,0
res_00000215_2,chatbot_extended,chatbot,0,1,1,0,1,Fit,Fitness,Fitness,,,,2,0,1,desktop,1,0,BRA,West_Brazilian,West,Brazilian,1,0,0,0,0,0,0,0,0,0,0,0,0,0,0,1,0,0,0,0
res_00000216_1,chatbot_extended,chatbot,0,0,0,1,0,Female,Gender,Gender,,,,5,0,0,desktop,1,1,BRA,West_Brazilian,West,Brazilian,0,1,0,0,0,0,0,2,0,2,0,0,0,0,0,0,0,0,0,0
res_00000216_2,chatbot_extended,chatbot,0,1,0,0,1,Male,Gender,Gender,,,,5,0,1,desktop,1,0,BRA,West_Brazilian,West,Brazilian,1,0,0,0,0,0,2,0,0,0,2,0,0,0,0,0,0,0,0,0
res_00000217_1,chatbot_extended,chatbot,0,1,1,0,1,Female,Gender,Gender,,,,2,0,0,desktop,1,1,BRA,West_Brazilian,West,Brazilian,0,0,0,0,0,1,0,0,0,0,0,0,0,0,0,0,1,0,0,0
res_00000217_2,chatbot_extended,chatbot,0,0,1,0,2,Male,Gender,Gender,,,,2,0,1,desktop,1,0,BRA,West_Brazilian,West,Brazilian,0,0,0,0,1,0,0,0,0,0,0,0,0,0,0,0,0,1,0,0
res_00000218_1,chatbot_extended,chatbot,0,1,0,1,0,Low,Social Value,Social Value,,,,3,0,0,desktop,1,1,BRA,West_Brazilian,West,Brazilian,0,0,0,0,0,0,0,0,0,0,0,3,0,0,0,0,0,0,0,0
res_00000218_2,chatbot_extended,chatbot,0,0,0,0,1,High,Social Value,Social Value,,,,3,0,1,desktop,1,0,BRA,West_Brazilian,West,Brazilian,0,1,0,0,0,0,0,0,0,0,0,0,0,1,0,0,0,1,0,0
res_00000219_1,chatbot_extended,chatbot,0,1,1,0,0,Fat,Fitness,Fitness,,,,4,0,0,desktop,1,1,BRA,West_Brazilian,West,Brazilian,0,1,0,0,0,0,0,0,0,1,2,0,0,0,0,0,0,0,0,0
res_00000219_2,chatbot_extended,chatbot,0,0,1,0,0,Fit,Fitness,Fitness,,,,4,0,1,desktop,1,0,BRA,West_Brazilian,West,Brazilian,0,1,0,0,0,0,0,0,0,0,0,0,0,0,1,2,0,0,0,0
res_00000220_1,chatbot_extended,chatbot,0,0,1,0,2,Young,Age,Age,,,,5,0,0,desktop,1,1,BRA,West_Brazilian,West,Brazilian,0,2,0,0,0,0,2,1,0,0,0,0,0,0,0,0,0,0,0,0
res_00000220_2,chatbot_extended,chatbot,0,1,1,0,1,Old,Age,Age,,,,5,0,1,desktop,1,0,BRA,West_Brazilian,West,Brazilian,1,0,0,0,1,3,0,0,0,0,0,0,0,0,0,0,0,0,0,0
res_00000221_1,chatbot_extended,chatbot,0,1,0,1,0,Less,Utilitarian,Utilitarian,,,,4,1,0,desktop,1,1,BRA,West_Brazilian,West,Brazilian,0,0,0,0,0,0,0,2,1,0,0,0,0,1,0,0,0,0,0,0
res_00000221_2,chatbot_extended,chatbot,0,0,0,0,0,More,Utilitarian,Utilitarian,,,,5,1,1,desktop,1,0,BRA,West_Brazilian,West,Brazilian,0,0,0,0,0,0,1,2,1,0,0,0,0,1,0,0,0,0,0,0
res_00000222_1,chatbot_extended,chatbot,0,0,0,1,0,High,Social Value,Social Value,,,,4,0,0,desktop,1,1,BRA,West_Brazilian,West,Brazilian,0,1,0,0,0,0,0,0,0,0,0,0,1,1,0,0,0,1,0,0
res_00000222_2,chatbot_extended,chatbot,0,1,0,0,0,Low,Social Value,Social Value,,,,4,0,1,desktop,1,0,BRA,West_Brazilian,West,Brazilian,0,2,0,0,0,0,0,0,1,0,0,1,0,0,0,0,0,0,0,0
res_00000223_1,chatbot_extended,chatbot,0,1,1,0,0,Female,Gender,Gender,,,,1,0,0,desktop,1,1,BRA,West_Brazilian,West,Brazilian,0,0,0,0,0,0,0,0,0,0,0,0,0,0,0,0,1,0,0,0
res_00000223_2,chatbot_extended,chatbot,0,0,1,0,0,Male,Gender,Gender,,,,1,0,1,desktop,1,0,BRA,West_Brazilian,West,Brazilian,0,0,0,0,0,0,0,0,0,0,0,0,0,0,0,0,0,1,0,0
res_00000224_1,chatbot_extended,chatbot,0,0,1,0,2,Hoomans,Species,Species,,,,4,0,0,desktop,1,1,BRA,West_Brazilian,West,Brazilian,0,0,0,0,0,1,0,0,0,0,1,1,0,0,0,0,0,1,0,0
res_00000224_2,chatbot_extended,chatbot,0,1,1,0,1,Pets,Species,Species,,,,4,0,1,desktop,1,0,BRA,West_Brazilian,West,Brazilian,0,0,0,0,0,0,0,0,0,0,0,0,0,0,0,0,0,0,2,2
res_00000225_1,chatbot_extended,chatbot,0,0,0,1,0,Fit,Fitness,Fitness,,,,5,0,0,desktop,1,1,BRA,West_Brazilian,West,Brazilian,2,0,0,0,0,0,0,0,0,0,0,0,0,0,2,1,0,0,0,0
res_00000225_2,chatbot_extended,chatbot,0,1,0,0,0,Fat,Fitness,Fitness,,,,5,0,1,desktop,1,0,BRA,West_Brazilian,West,Brazilian,1,1,0,0,0,0,0,0,0,1,2,0,0,0,0,0,0,0,0,0
res_00000226_1,chatbot_extended,chatbot,0,1,1,0,1,Young,Age,Age,,,,4,0,1,desktop,1,1,BRA,West_Brazilian,West,Brazilian,0,0,0,0,0,0,1,3,0,0,0,0,0,0,0,0,0,0,0,0
res_00000226_2,chatbot_extended,chatbot,0,0,1,0,2,Old,Age,Age,,,,4,0,0,desktop,1,0,BRA,West_Brazilian,West,Brazilian,1,0,0,0,0,3,0,0,0,0,0,0,0,0,0,0,0,0,0,0
res_00000227_1,chatbot_extended,chatbot,0,0,0,1,0,Young,Age,Age,,,,4,0,0,desktop,1,1,BRA,West_Brazilian,West,Brazilian,0,0,0,0,0,0,0,4,0,0,0,0,0,0,0,0,0,0,0,0
res_00000227_2,chatbot_extended,chatbot,0,1,0,0,0,Old,Age,Age,,,,4,0,1,desktop,1,0,BRA,West_Brazilian,West,Brazilian,0,2,0,0,0,2,0,0,0,0,0,0,0,0,0,0,0,0,0,0
res_00000228_1,chatbot_extended,chatbot,0,0,0,1,0,Male,Gender,Gender,,,,4,0,0,desktop,1,1,BRA,West_Brazilian,West,Brazilian,0,0,0,0,3,0,0,0,0,0,0,0,1,0,0,0,0,0,0,0
res_00000228_2,chatbot_extended,chatbot,0,1,0,0,2,Female,Gender,Gender,,,,4,0,1,desktop,1,0,BRA,West_Brazilian,West,Brazilian,0,0,0,0,0,3,0,0,0,0,0,0,0,1,0,0,0,0,0,0
res_00000229_1,chatbot_extended,chatbot,0,1,1,0,2,Young,Age,Age,,,,1,0,0,desktop,1,1,BRA,West_Brazilian,West,Brazilian,1,0,0,0,0,0,0,0,0,0,0,0,0,0,0,0,0,0,0,0
res_00000229_2,chatbot_extended,chatbot,0,0,1,0,1,Old,Age,Age,,,,1,0,1,desktop,1,0,BRA,West_Brazilian,West,Brazilian,0,0,0,0,1,0,0,0,0,0,0,0,0,0,0,0,0,0,0,0
res_00000230_1,chatbot_extended,chatbot,0,1,1,0,0,Fat,Fitness,Fitness,,,,4,0,0,desktop,1,1,BRA,West_Brazilian,West,Brazilian,1,1,0,0,0,0,0,0,0,0,2,0,0,0,0,0,0,0,0,0
res_00000230_2,chatbot_extended,chatbot,0,0,1,0,0,Fit,Fitness,Fitness,,,,4,0,1,desktop,1,0,BRA,West_Brazilian,West,Brazilian,1,0,0,0,0,0,0,0,0,0,0,0,0,0,1,2,0,0,0,0
res_00000231_1,chatbot_extended,chatbot,0,1,1,0,1,Female,Gender,Gender,,,,2,0,0,desktop,1,1,BRA,West_Brazilian,West,Brazilian,0,0,0,0,0,0,0,0,0,0,0,0,0,0,0,0,2,0,0,0
res_00000231_2,chatbot_extended,chatbot,0,0,1,0,2,Male,Gender,Gender,,,,2,0,1,desktop,1,0,BRA,West_Brazilian,West,Brazilian,0,0,0,0,0,0,0,0,0,0,0,0,0,0,0,0,0,2,0,0
res_00000232_1,chatbot_extended,chatbot,0,1,1,0,2,Low,Social Value,Social Value,,,,1,0,0,desktop,1,1,BRA,West_Brazilian,West,Brazilian,0,0,0,0,0,0,0,0,0,0,0,1,0,0,0,0,0,0,0,0
res_00000232_2,chatbot_extended,chatbot,0,0,1,0,1,High,Social Value,Social Value,,,,1,0,1,desktop,1,0,BRA,West_Brazilian,West,Brazilian,0,0,1,0,0,0,0,0,0,0,0,0,0,0,0,0,0,0,0,0
res_00000233_1,chatbot_extended,chatbot,0,1,1,0,0,Hoomans,Species,Species,,,,2,0,0,desktop,1,1,BRA,West_Brazilian,West,Brazilian,0,0,0,0,0,2,0,0,0,0,0,0,0,0,0,0,0,0,0,0
res_00000233_2,chatbot_extended,chatbot,0,0,1,0,0,Pets,Species,Species,,,,2,0,1,desktop,1,0,BRA,West_Brazilian,West,Brazilian,0,0,0,0,0,0,0,0,0,0,0,0,0,0,0,0,0,0,2,0
res_00000234_1,chatbot_extended,chatbot,0,0,0,1,0,Less,Utilitarian,Utilitarian,,,,3,2,0,desktop,1,1,BRA,West_Brazilian,West,Brazilian,0,0,0,0,0,0,0,0,1,1,0,0,0,0,0,1,0,0,0,0
res_00000234_2,chatbot_extended,chatbot,0,1,0,0,2,More,Utilitarian,Utilitarian,,,,5,2,1,desktop,1,0,BRA,West_Brazilian,West,Brazilian,0,0,0,1,0,0,0,1,1,1,0,0,0,0,0,1,0,0,0,0
res_00000235_1,chatbot_extended,chatbot,0,1,1,0,2,Female,Gender,Gender,,,,2,0,0,desktop,1,1,BRA,West_Brazilian,West,Brazilian,0,1,0,0,0,0,0,0,0,0,0,0,0,0,0,0,1,0,0,0
res_00000235_2,chatbot_extended,chatbot,0,0,1,0,1,Male,Gender,Gender,,,,2,0,1,desktop,1,0,BRA,West_Brazilian,West,Brazilian,1,0,0,0,0,0,0,0,0,0,0,0,0,0,0,0,0,1,0,0
res_00000236_1,chatbot_extended,chatbot,0,0,1,0,0,Young,Age,Age,,,,2,0,0,desktop,1,1,BRA,West_Brazilian,West,Brazilian,1,0,0,0,0,0,1,0,0,0,0,0,0,0,0,0,0,0,0,0
res_00000236_2,chatbot_extended,chatbot,0,1,1,0,0,Old,Age,Age,,,,2,0,1,desktop,1,0,BRA,West_Brazilian,West,Brazilian,1,0,0,0,1,0,0,0,0,0,0,0,0,0,0,0,0,0,0,0
res_00000237_1,chatbot_extended,chatbot,0,1,1,0,1,Fat,Fitness,Fitness,,,,2,0,0,desktop,1,1,BRA,West_Brazilian,West,Brazilian,0,0,0,0,0,0,0,0,0,2,0,0,0,0,0,0,0,0,0,0
res_00000237_2,chatbot_extended,chatbot,0,0,1,0,2,Fit,Fitness,Fitness,,,,2,0,1,desktop,1,0,BRA,West_Brazilian,West,Brazilian,0,1,0,0,0,0,0,0,0,0,0,0,0,0,1,0,0,0,0,0
res_00000238_1,chatbot_extended,chatbot,0,1,0,1,0,High,Social Value,Social Value,,,,3,0,0,desktop,1,1,BRA,West_Brazilian,West,Brazilian,1,0,0,0,0,0,0,0,0,0,0,0,0,0,0,0,2,0,0,0
res_00000238_2,chatbot_extended,chatbot,0,0,0,0,2,Low,Social Value,Social Value,,,,3,0,1,desktop,1,0,BRA,West_Brazilian,West,Brazilian,0,1,0,0,0,0,0,0,1,0,0,1,0,0,0,0,0,0,0,0
res_00000239_1,chatbot_extended,chatbot,0,1,1,0,1,Low,Social Value,Social Value,,,,2,0,1,desktop,1,1,BRA,West_Brazilian,West,Brazilian,0,0,0,0,0,0,0,0,2,0,0,0,0,0,0,0,0,0,0,0
res_00000239_2,chatbot_extended,chatbot,0,0,1,0,2,High,Social Value,Social Value,,,,2,0,0,desktop,1,0,BRA,West_Brazilian,West,Brazilian,0,0,0,0,0,0,0,0,0,0,0,0,0,1,0,0,0,1,0,0
res_00000240_1,chatbot_extended,chatbot,0,0,1,0,2,Low,Social Value,Social Value,,,,1,0,0,desktop,1,1,BRA,West_Brazilian,West,Brazilian,0,0,0,0,0,0,0,0,1,0,0,0,0,0,0,0,0,0,0,0
res_00000240_2,chatbot_extended,chatbot,0,1,1,0,1,High,Social Value,Social Value,,,,1,0,1,desktop,1,0,BRA,West_Brazilian,West,Brazilian,0,0,0,0,0,0,0,0,0,0,0,0,0,1,0,0,0,0,0,0
res_00000241_1,chatbot_extended,chatbot,0,0,1,0,1,Less,Utilitarian,Utilitarian,,,,1,1,0,desktop,1,1,BRA,West_Brazilian,West,Brazilian,0,1,0,0,0,0,0,0,0,0,0,0,0,0,0,0,0,0,0,0
res_00000241_2,chatbot_extended,chatbot,0,1,1,0,2,More,Utilitarian,Utilitarian,,,,2,1,1,desktop,1,0,BRA,West_Brazilian,West,Brazilian,0,1,1,0,0,0,0,0,0,0,0,0,0,0,0,0,0,0,0,0
res_00000242_1,chatbot_extended,chatbot,0,1,0,1,0,High,Social Value,Social Value,,,,4,0,0,desktop,1,1,BRA,West_Brazilian,West,Brazilian,0,1,0,0,0,0,0,0,0,0,0,0,0,1,0,0,1,1,0,0
res_00000242_2,chatbot_extended,chatbot,0,0,0,0,0,Low,Social Value,Social Value,,,,4,0,1,desktop,1,0,BRA,West_Brazilian,West,Brazilian,1,1,0,0,0,0,0,0,1,0,0,1,0,0,0,0,0,0,0,0
res_00000243_1,chatbot_extended,chatbot,0,0,1,0,0,Hoomans,Species,Species,,,,1,0,0,desktop,1,1,BRA,West_Brazilian,West,Brazilian,0,0,0,0,0,0,0,0,0,0,0,0,0,0,1,0,0,0,0,0
res_00000243_2,chatbot_extended,chatbot,0,1,1,0,0,Pets,Species,Species,,,,1,0,1,desktop,1,0,BRA,West_Brazilian,West,Brazilian,0,0,0,0,0,0,0,0,0,0,0,0,0,0,0,0,0,0,1,0
res_00000244_1,chatbot_extended,chatbot,0,1,1,0,1,Fat,Fitness,Fitness,,,,4,0,0,desktop,1,1,BRA,West_Brazilian,West,Brazilian,1,1,0,0,0,0,0,0,0,0,2,0,0,0,0,0,0,0,0,0
res_00000244_2,chatbot_extended,chatbot,0,0,1,0,2,Fit,Fitness,Fitness,,,,4,0,1,desktop,1,0,BRA,West_Brazilian,West,Brazilian,1,0,0,0,0,0,0,0,0,0,0,0,0,0,1,2,0,0,0,0
res_00000245_1,chatbot_extended,chatbot,0,1,0,1,0,Less,Utilitarian,Utilitarian,,,,3,1,0,desktop,1,1,BRA,West_Brazilian,West,Brazilian,0,0,0,0,0,0,0,0,1,1,0,0,0,1,0,0,0,0,0,0
res_00000245_2,chatbot_extended,chatbot,0,0,0,0,1,More,Utilitarian,Utilitarian,,,,4,1,1,desktop,1,0,BRA,West_Brazilian,West,Brazilian,0,0,0,0,0,0,0,1,1,1,0,0,0,1,0,0,0,0,0,0
res_00000246_1,chatbot_extended,chatbot,0,1,0,1,0,More,Utilitarian,Utilitarian,,,,5,3,1,desktop,1,1,BRA,West_Brazilian,West,Brazilian,0,0,3,0,0,0,0,0,0,0,0,0,0,0,0,0,0,0,1,1
res_00000246_2,chatbot_extended,chatbot,0,0,0,0,0,Less,Utilitarian,Utilitarian,,,,2,3,0,desktop,1,0,BRA,West_Brazilian,West,Brazilian,0,0,1,0,0,0,0,0,0,0,0,0,0,0,0,0,0,0,0,1
res_00000247_1,chatbot_extended,chatbot,0,0,0,1,0,Female,Gender,Gender,,,,4,0,0,desktop,1,1,BRA,West_Brazilian,West,Brazilian,0,1,0,0,0,1,0,0,0,0,0,0,0,0,1,0,1,0,0,0
res_00000247_2,chatbot_extended,chatbot,0,1,0,0,0,Male,Gender,Gender,,,,4,0,1,desktop,1,0,BRA,West_Brazilian,West,Brazilian,1,0,0,0,1,0,0,0,0,0,0,0,0,0,0,1,0,1,0,0
res_00000248_1,chatbot_extended,chatbot,0,0,1,0,0,Hoomans,Species,Species,,,,4,0,0,desktop,1,1,BRA,West_Brazilian,West,Brazilian,1,0,0,0,0,0,0,0,0,0,0,1,0,0,0,1,0,1,0,0
res_00000248_2,chatbot_extended,chatbot,0,1,1,0,0,Pets,Species,Species,,,,4,0,1,desktop,1,0,BRA,West_Brazilian,West,Brazilian,0,0,0,0,0,0,0,0,0,0,0,0,0,0,0,0,0,0,4,0
res_00000249_1,chatbot_extended,chatbot,0,0,1,0,1,Young,Age,Age,,,,2,0,0,desktop,1,1,BRA,West_Brazilian,West,Brazilian,2,0,0,0,0,0,0,0,0,0,0,0,0,0,0,0,0,0,0,0
res_00000249_2,chatbot_extended,chatbot,0,1,1,0,2,Old,Age,Age,,,,2,0,1,desktop,1,0,BRA,West_Brazilian,West,Brazilian,0,0,0,0,2,0,0,0,0,0,0,0,0,0,0,0,0,0,0,0
res_00000250_1,chatbot_extended,chatbot,0,1,0,1,0,Young,Age,Age,,,,5,0,0,desktop,1,1,BRA,West_Brazilian,West,Brazilian,0,0,0,0,0,0,2,3,0,0,0,0,0,0,0,0,0,0,0,0
res_00000250_2,chatbot_extended,chatbot,0,0,0,0,2,Old,Age,Age,,,,5,0,1,desktop,1,0,BRA,West_Brazilian,West,Brazilian,1,2,0,0,1,1,0,0,0,0,0,0,0,0,0,0,0,0,0,0
res_00000251_1,chatbot_extended,chatbot,0,0,0,1,0,Old,Age,Age,,,,3,0,0,desktop,1,1,BRA,West_Brazilian,West,Brazilian,0,1,0,0,0,2,0,0,0,0,0,0,0,0,0,0,0,0,0,0
res_00000251_2,chatbot_extended,chatbot,0,1,0,0,2,Young,Age,Age,,,,3,0,1,desktop,1,0,BRA,West_Brazilian,West,Brazilian,0,2,0,0,0,0,0,1,0,0,0,0,0,0,0,0,0,0,0,0
res_00000252_1,chatbot_extended,chatbot,0,0,0,1,0,Low,Social Value,Social Value,,,,1,0,1,desktop,1,1,BRA,West_Brazilian,West,Brazilian,0,0,0,0,0,0,0,0,0,0,0,1,0,0,0,0,0,0,0,0
res_00000252_2,chatbot_extended,chatbot,0,1,0,0,0,High,Social Value,Social Value,,,,1,0,0,desktop,1,0,BRA,West_Brazilian,West,Brazilian,1,0,0,0,0,0,0,0,0,0,0,0,0,0,0,0,0,0,0,0
res_00000253_1,chatbot_extended,chatbot,0,1,0,1,0,Low,Social Value,Social Value,,,,1,0,0,desktop,1,1,BRA,West_Brazilian,West,Brazilian,0,0,0,0,0,0,0,0,0,0,0,1,0,0,0,0,0,0,0,0
res_00000253_2,chatbot_extended,chatbot,0,0,0,0,2,High,Social Value,Social Value,,,,1,0,1,desktop,1,0,BRA,West_Brazilian,West,Brazilian,1,0,0,0,0,0,0,0,0,0,0,0,0,0,0,0,0,0,0,0
res_00000254_1,chatbot_extended,chatbot,0,0,0,1,0,Old,Age,Age,,,,1,0,1,desktop,1,1,BRA,West_Brazilian,West,Brazilian,0,0,0,0,1,0,0,0,0,0,0,0,0,0,0,0,0,0,0,0
res_00000254_2,chatbot_extended,chatbot,0,1,0,0,1,Young,Age,Age,,,,1,0,0,desktop,1,0,BRA,West_Brazilian,West,Brazilian,1,0,0,0,0,0,0,0,0,0,0,0,0,0,0,0,0,0,0,0
res_00000255_1,chatbot_extended,chatbot,0,1,0,1,0,Hoomans,Species,Species,,,,4,0,0,desktop,1,1,BRA,West_Brazilian,West,Brazilian,0,0,0,0,0,0,1,0,0,0,0,1,0,0,1,1,0,0,0,0
res_00000255_2,chatbot_extended,chatbot,0,0,0,0,2,Pets,Species,Species,,,,4,0,1,desktop,1,0,BRA,West_Brazilian,West,Brazilian,0,0,0,0,0,0,0,0,0,0,0,0,0,0,0,0,0,0,3,1
res_00000256_1,chatbot_extended,chatbot,0,1,0,1,0,Less,Utilitarian,Utilitarian,,,,2,1,0,desktop,1,1,BRA,West_Brazilian,West,Brazilian,0,0,0,1,0,0,0,0,0,0,0,0,0,0,0,0,1,0,0,0
res_00000256_2,chatbot_extended,chatbot,0,0,0,0,1,More,Utilitarian,Utilitarian,,,,3,1,1,desktop,1,0,BRA,West_Brazilian,West,Brazilian,0,0,0,1,0,0,0,0,0,0,0,0,0,0,0,1,1,0,0,0
res_00000257_1,chatbot_extended,chatbot,0,0,1,0,0,Less,Utilitarian,Utilitarian,,,,2,3,0,desktop,1,1,BRA,West_Brazilian,West,Brazilian,0,0,0,0,0,0,0,0,0,0,1,0,0,0,0,0,1,0,0,0
res_00000257_2,chatbot_extended,chatbot,0,1,1,0,0,More,Utilitarian,Utilitarian,,,,5,3,1,desktop,1,0,BRA,West_Brazilian,West,Brazilian,1,1,0,0,0,0,0,0,0,0,1,0,0,0,0,0,1,1,0,0
res_00000258_1,chatbot_extended,chatbot,0,1,0,1,0,Fit,Fitness,Fitness,,,,2,0,0,desktop,1,1,BRA,West_Brazilian,West,Brazilian,0,0,0,0,0,0,0,0,0,0,0,0,0,0,1,1,0,0,0,0
res_00000258_2,chatbot_extended,chatbot,0,0,0,0,0,Fat,Fitness,Fitness,,,,2,0,1,desktop,1,0,BRA,West_Brazilian,West,Brazilian,0,1,0,0,0,0,0,0,0,0,1,0,0,0,0,0,0,0,0,0
res_00000259_1,chatbot_extended,chatbot,0,0,1,0,0,Female,Gender,Gender,,,,3,0,0,desktop,1,1,BRA,West_Brazilian,West,Brazilian,0,0,0,0,0,0,0,0,0,0,0,0,0,0,2,0,1,0,0,0
res_00000259_2,chatbot_extended,chatbot,0,1,1,0,0,Male,Gender,Gender,,,,3,0,1,desktop,1,0,BRA,West_Brazilian,West,Brazilian,0,0,0,0,0,0,0,0,0,0,0,0,0,0,0,2,0,1,0,0
res_00000260_1,chatbot_extended,chatbot,0,0,0,1,0,Less,Utilitarian,Utilitarian,,,,1,1,0,desktop,1,1,BRA,West_Brazilian,West,Brazilian,0,0,0,0,0,0,0,1,0,0,0,0,0,0,0,0,0,0,0,0
res_00000260_2,chatbot_extended,chatbot,0,1,0,0,1,More,Utilitarian,Utilitarian,,,,2,1,1,desktop,1,0,BRA,West_Brazilian,West,Brazilian,0,0,0,0,0,0,0,1,0,1,0,0,0,0,0,0,0,0,0,0
res_00000261_1,chatbot_extended,chatbot,0,1,0,1,0,Hoomans,Species,Species,,,,2,0,0,desktop,1,1,BRA,West_Brazilian,West,Brazilian,0,0,0,0,0,0,0,0,0,1,0,0,1,0,0,0,0,0,0,0
res_00000261_2,chatbot_extended,chatbot,0,0,0,0,0,Pets,Species,Species,,,,2,0,1,desktop,1,0,BRA,West_Brazilian,West,Brazilian,0,0,0,0,0,0,0,0,0,0,0,0,0,0,0,0,0,0,1,1
res_00000262_1,chatbot_extended,chatbot,0,1,1,0,0,Young,Age,Age,,,,3,0,0,desktop,1,1,BRA,West_Brazilian,West,Brazilian,1,1,0,0,0,0,0,1,0,0,0,0,0,0,0,0,0,0,0,0
res_00000262_2,chatbot_extended,chatbot,0,0,1,0,0,Old,Age,Age,,,,3,0,1,desktop,1,0,BRA,West_Brazilian,West,Brazilian,0,0,0,0,1,2,0,0,0,0,0,0,0,0,0,0,0,0,0,0
res_00000263_1,chatbot_extended,chatbot,0,0,1,0,0,Less,Utilitarian,Utilitarian,,,,2,1,0,desktop,1,1,BRA,West_Brazilian,West,Brazilian,0,0,0,0,1,0,0,0,0,0,0,0,0,0,1,0,0,0,0,0
res_00000263_2,chatbot_extended,chatbot,0,1,1,0,0,More,Utilitarian,Utilitarian,,,,3,1,1,desktop,1,0,BRA,West_Brazilian,West,Brazilian,0,0,0,0,1,0,0,0,0,0,0,0,0,1,1,0,0,0,0,0
res_00000264_1,chatbot_extended,chatbot,0,1,1,0,1,Less,Utilitarian,Utilitarian,,,,2,3,0,desktop,1,1,BRA,West_Brazilian,West,Brazilian,0,0,1,0,0,0,0,0,0,0,0,0,1,0,0,0,0,0,0,0
res_00000264_2,chatbot_extended,chatbot,0,0,1,0,2,More,Utilitarian,Utilitarian,,,,5,3,1,desktop,1,0,BRA,West_Brazilian,West,Brazilian,0,0,1,1,0,0,0,0,0,0,0,0,1,1,1,0,0,0,0,0
res_00000265_1,chatbot_extended,chatbot,0,1,1,0,1,Young,Age,Age,,,,3,0,0,desktop,1,1,BRA,West_Brazilian,West,Brazilian,1,1,0,0,0,0,1,0,0,0,0,0,0,0,0,0,0,0,0,0
res_00000265_2,chatbot_extended,chatbot,0,0,1,0,2,Old,Age,Age,,,,3,0,1,desktop,1,0,BRA,West_Brazilian,West,Brazilian,0,0,0,0,2,1,0,0,0,0,0,0,0,0,0,0,0,0,0,0
res_00000266_1,chatbot_extended,chatbot,0,0,1,0,0,Young,Age,Age,,,,1,0,0,desktop,1,1,BRA,West_Brazilian,West,Brazilian,0,1,0,0,0,0,0,0,0,0,0,0,0,0,0,0,0,0,0,0
res_00000266_2,chatbot_extended,chatbot,0,1,1,0,0,Old,Age,Age,,,,1,0,1,desktop,1,0,BRA,West_Brazilian,West,Brazilian,0,0,0,0,0,1,0,0,0,0,0,0,0,0,0,0,0,0,0,0
res_00000267_1,chatbot_extended,chatbot,0,1,1,0,0,Young,Age,Age,,,,4,0,0,desktop,1,1,BRA,West_Brazilian,West,Brazilian,1,0,0,0,0,0,2,1,0,0,0,0,0,0,0,0,0,0,0,0
res_00000267_2,chatbot_extended,chatbot,0,0,1,0,0,Old,Age,Age,,,,4,0,1,desktop,1,0,BRA,West_Brazilian,West,Brazilian,2,0,0,0,1,1,0,0,0,0,0,0,0,0,0,0,0,0,0,0
res_00000268_1,chatbot_extended,chatbot,0,0,1,0,2,Low,Social Value,Social Value,,,,1,0,0,desktop,1,1,BRA,West_Brazilian,West,Brazilian,0,0,0,0,0,0,0,0,1,0,0,0,0,0,0,0,0,0,0,0
res_00000268_2,chatbot_extended,chatbot,0,1,1,0,1,High,Social Value,Social Value,,,,1,0,1,desktop,1,0,BRA,West_Brazilian,West,Brazilian,0,0,0,0,0,0,0,0,0,0,0,0,1,0,0,0,0,0,0,0
res_00000269_1,chatbot_extended,chatbot,0,0,1,0,2,Less,Utilitarian,Utilitarian,,,,3,2,0,desktop,1,1,BRA,West_Brazilian,West,Brazilian,0,0,0,0,0,1,0,0,0,0,0,0,0,0,0,0,0,0,2,0
res_00000269_2,chatbot_extended,chatbot,0,1,1,0,1,More,Utilitarian,Utilitarian,,,,5,2,1,desktop,1,0,BRA,West_Brazilian,West,Brazilian,0,0,0,0,0,1,0,0,0,0,1,0,0,1,0,0,0,0,2,0
res_00000270_1,chatbot_extended,chatbot,0,1,0,1,0,Pets,Species,Species,,,,5,0,1,desktop,1,1,BRA,West_Brazilian,West,Brazilian,0,0,0,0,0,0,0,0,0,0,0,0,0,0,0,0,0,0,2,3
res_00000270_2,chatbot_extended,chatbot,0,0,0,0,1,Hoomans,Species,Species,,,,5,0,0,desktop,1,0,BRA,West_Brazilian,West,Brazilian,0,1,0,1,0,0,0,1,1,0,0,0,1,0,0,0,0,0,0,0
res_00000271_1,chatbot_extended,chatbot,0,0,0,1,0,Young,Age,Age,,,,1,0,1,desktop,1,1,BRA,West_Brazilian,West,Brazilian,1,0,0,0,0,0,0,0,0,0,0,0,0,0,0,0,0,0,0,0
res_00000271_2,chatbot_extended,chatbot,0,1,0,0,0,Old,Age,Age,,,,1,0,0,desktop,1,0,BRA,West_Brazilian,West,Brazilian,0,0,0,0,1,0,0,0,0,0,0,0,0,0,0,0,0,0,0,0
res_00000272_1,chatbot_extended,chatbot,0,1,1,0,1,Hoomans,Species,Species,,,,1,0,0,desktop,1,1,BRA,West_Brazilian,West,Brazilian,0,0,0,0,0,0,1,0,0,0,0,0,0,0,0,0,0,0,0,0
res_00000272_2,chatbot_extended,chatbot,0,0,1,0,2,Pets,Species,Species,,,,1,0,1,desktop,1,0,BRA,West_Brazilian,West,Brazilian,0,0,0,0,0,0,0,0,0,0,0,0,0,0,0,0,0,0,0,1
res_00000273_1,chatbot_extended,chatbot,0,0,1,0,0,Hoomans,Species,Species,,,,4,0,0,desktop,1,1,BRA,West_Brazilian,West,Brazilian,0,1,0,0,0,1,0,1,0,0,0,0,1,0,0,0,0,0,0,0
res_00000273_2,chatbot_extended,chatbot,0,1,1,0,0,Pets,Species,Species,,,,4,0,1,desktop,1,0,BRA,West_Brazilian,West,Brazilian,0,0,0,0,0,0,0,0,0,0,0,0,0,0,0,0,0,0,2,2
res_00000274_1,chatbot_extended,chatbot,0,0,1,0,0,Fat,Fitness,Fitness,,,,3,0,0,desktop,1,1,BRA,West_Brazilian,West,Brazilian,1,0,0,0,0,0,0,0,0,2,0,0,0,0,0,0,0,0,0,0
res_00000274_2,chatbot_extended,chatbot,0,1,1,0,0,Fit,Fitness,Fitness,,,,3,0,1,desktop,1,0,BRA,West_Brazilian,West,Brazilian,0,2,0,0,0,0,0,0,0,0,0,0,0,0,0,1,0,0,0,0
res_00000275_1,chatbot_extended,chatbot,0,0,1,0,0,Hoomans,Species,Species,,,,1,0,0,desktop,1,1,BRA,West_Brazilian,West,Brazilian,0,0,0,0,0,0,0,0,0,0,0,0,0,0,1,0,0,0,0,0
res_00000275_2,chatbot_extended,chatbot,0,1,1,0,0,Pets,Species,Species,,,,1,0,1,desktop,1,0,BRA,West_Brazilian,West,Brazilian,0,0,0,0,0,0,0,0,0,0,0,0,0,0,0,0,0,0,0,1
res_00000276_1,chatbot_extended,chatbot,0,0,1,0,1,Female,Gender,Gender,,,,3,0,0,desktop,1,1,BRA,West_Brazilian,West,Brazilian,0,0,0,0,0,0,0,1,0,1,0,0,0,1,0,0,0,0,0,0
res_00000276_2,chatbot_extended,chatbot,0,1,1,0,2,Male,Gender,Gender,,,,3,0,1,desktop,1,0,BRA,West_Brazilian,West,Brazilian,0,0,0,0,0,0,1,0,0,0,1,0,1,0,0,0,0,0,0,0
res_00000277_1,chatbot_extended,chatbot,0,1,1,0,2,Low,Social Value,Social Value,,,,4,0,0,desktop,1,1,BRA,West_Brazilian,West,Brazilian,0,2,0,0,0,0,0,0,1,0,0,1,0,0,0,0,0,0,0,0
res_00000277_2,chatbot_extended,chatbot,0,0,1,0,1,High,Social Value,Social Value,,,,4,0,1,desktop,1,0,BRA,West_Brazilian,West,Brazilian,0,2,1,0,0,0,0,0,0,0,0,0,0,0,0,0,1,0,0,0
res_00000278_1,chatbot_extended,chatbot,0,0,1,0,0,Female,Gender,Gender,,,,3,0,0,desktop,1,1,BRA,West_Brazilian,West,Brazilian,0,1,0,0,0,0,0,0,0,1,0,0,0,0,0,0,1,0,0,0
res_00000278_2,chatbot_extended,chatbot,0,1,1,0,0,Male,Gender,Gender,,,,3,0,1,desktop,1,0,BRA,West_Brazilian,West,Brazilian,1,0,0,0,0,0,0,0,0,0,1,0,0,0,0,0,0,1,0,0
res_00000279_1,chatbot_extended,chatbot,0,0,0,1,0,Old,Age,Age,,,,4,0,1,desktop,1,1,BRA,West_Brazilian,West,Brazilian,1,0,0,0,1,2,0,0,0,0,0,0,0,0,0,0,0,0,0,0
res_00000279_2,chatbot_extended,chatbot,0,1,0,0,0,Young,Age,Age,,,,4,0,0,desktop,1,0,BRA,West_Brazilian,West,Brazilian,0,2,0,0,0,0,2,0,0,0,0,0,0,0,0,0,0,0,0,0
res_00000280_1,chatbot_extended,chatbot,0,0,1,0,2,Young,Age,Age,,,,3,0,0,desktop,1,1,BRA,West_Brazilian,West,Brazilian,0,1,0,0,0,0,0,2,0,0,0,0,0,0,0,0,0,0,0,0
res_00000280_2,chatbot_extended,chatbot,0,1,1,0,1,Old,Age,Age,,,,3,0,1,desktop,1,0,BRA,West_Brazilian,West,Brazilian,0,1,0,0,0,2,0,0,0,0,0,0,0,0,0,0,0,0,0,0
res_00000281_1,chatbot_extended,chatbot,0,0,0,1,0,Fat,Fitness,Fitness,,,,4,0,0,desktop,1,1,BRA,West_Brazilian,West,Brazilian,1,0,0,0,0,0,0,0,0,2,1,0,0,0,0,0,0,0,0,0
res_00000281_2,chatbot_extended,chatbot,0,1,0,0,0,Fit,Fitness,Fitness,,,,4,0,1,desktop,1,0,BRA,West_Brazilian,West,Brazilian,0,0,0,0,0,0,0,0,0,0,0,0,0,0,2,2,0,0,0,0
res_00000282_1,chatbot_extended,chatbot,0,0,1,0,1,Low,Social Value,Social Value,,,,2,0,0,desktop,1,1,BRA,West_Brazilian,West,Brazilian,1,0,0,0,0,0,0,0,0,0,0,1,0,0,0,0,0,0,0,0
res_00000282_2,chatbot_extended,chatbot,0,1,1,0,2,High,Social Value,Social Value,,,,2,0,1,desktop,1,0,BRA,West_Brazilian,West,Brazilian,1,0,0,0,0,0,0,0,0,0,0,0,0,0,0,0,0,1,0,0
res_00000283_1,chatbot_extended,chatbot,0,1,1,0,2,Low,Social Value,Social Value,,,,5,0,0,desktop,1,1,BRA,West_Brazilian,West,Brazilian,1,1,0,0,0,0,0,0,2,0,0,1,0,0,0,0,0,0,0,0
res_00000283_2,chatbot_extended,chatbot,0,0,1,0,1,High,Social Value,Social Value,,,,5,0,1,desktop,1,0,BRA,West_Brazilian,West,Brazilian,2,0,0,0,0,0,0,0,0,0,0,0,1,1,0,0,0,1,0,0
res_00000284_1,chatbot_extended,chatbot,0,1,0,1,0,Pets,Species,Species,,,,2,0,1,desktop,1,1,BRA,West_Brazilian,West,Brazilian,0,0,0,0,0,0,0,0,0,0,0,0,0,0,0,0,0,0,1,1
res_00000284_2,chatbot_extended,chatbot,0,0,0,0,0,Hoomans,Species,Species,,,,2,0,0,desktop,1,0,BRA,West_Brazilian,West,Brazilian,0,1,0,0,0,0,0,0,0,0,0,0,0,0,0,0,1,0,0,0
res_00000285_1,chatbot_extended,chatbot,0,1,0,1,0,Hoomans,Species,Species,,,,4,0,0,desktop,1,1,BRA,West_Brazilian,West,Brazilian,0,0,0,0,1,1,0,0,1,0,0,0,0,0,0,0,1,0,0,0
res_00000285_2,chatbot_extended,chatbot,0,0,0,0,2,Pets,Species,Species,,,,4,0,1,desktop,1,0,BRA,West_Brazilian,West,Brazilian,0,0,0,0,0,0,0,0,0,0,0,0,0,0,0,0,0,0,3,1
res_00000286_1,chatbot_extended,chatbot,0,0,1,0,0,Hoomans,Species,Species,,,,4,0,0,desktop,1,1,BRA,West_Brazilian,West,Brazilian,0,0,1,1,0,0,0,0,0,0,1,0,0,1,0,0,0,0,0,0
res_00000286_2,chatbot_extended,chatbot,0,1,1,0,0,Pets,Species,Species,,,,4,0,1,desktop,1,0,BRA,West_Brazilian,West,Brazilian,0,0,0,0,0,0,0,0,0,0,0,0,0,0,0,0,0,0,3,1
res_00000287_1,chatbot_extended,chatbot,0,0,0,1,0,Male,Gender,Gender,,,,2,0,1,desktop,1,1,BRA,West_Brazilian,West,Brazilian,0,0,0,0,1,0,0,0,0,0,1,0,0,0,0,0,0,0,0,0
res_00000287_2,chatbot_extended,chatbot,0,1,0,0,2,Female,Gender,Gender,,,,2,0,0,desktop,1,0,BRA,West_Brazilian,West,Brazilian,0,0,0,0,0,1,0,0,0,1,0,0,0,0,0,0,0,0,0,0
res_00000288_1,chatbot_extended,chatbot,0,1,1,0,0,Low,Social Value,Social Value,,,,2,0,0,desktop,1,1,BRA,West_Brazilian,West,Brazilian,0,1,0,0,0,0,0,0,0,0,0,1,0,0,0,0,0,0,0,0
res_00000288_2,chatbot_extended,chatbot,0,0,1,0,0,High,Social Value,Social Value,,,,2,0,1,desktop,1,0,BRA,West_Brazilian,West,Brazilian,0,1,0,0,0,0,0,0,0,0,0,0,0,1,0,0,0,0,0,0
res_00000289_1,chatbot_extended,chatbot,0,0,0,1,0,Fat,Fitness,Fitness,,,,3,0,0,desktop,1,1,BRA,West_Brazilian,West,Brazilian,0,1,0,0,0,0,0,0,0,2,0,0,0,0,0,0,0,0,0,0
res_00000289_2,chatbot_extended,chatbot,0,1,0,0,0,Fit,Fitness,Fitness,,,,3,0,1,desktop,1,0,BRA,West_Brazilian,West,Brazilian,0,1,0,0,0,0,0,0,0,0,0,0,0,0,2,0,0,0,0,0
res_00000290_1,chatbot_extended,chatbot,0,1,0,1,0,Low,Social Value,Social Value,,,,5,0,0,desktop,1,1,BRA,West_Brazilian,West,Brazilian,2,0,0,0,0,0,0,0,1,0,0,2,0,0,0,0,0,0,0,0
res_00000290_2,chatbot_extended,chatbot,0,0,0,0,0,High,Social Value,Social Value,,,,5,0,1,desktop,1,0,BRA,West_Brazilian,West,Brazilian,0,0,1,0,0,0,0,0,0,0,0,0,2,2,0,0,0,0,0,0
res_00000291_1,chatbot_extended,chatbot,0,0,0,1,0,Pets,Species,Species,,,,3,0,1,desktop,1,1,BRA,West_Brazilian,West,Brazilian,0,0,0,0,0,0,0,0,0,0,0,0,0,0,0,0,0,0,2,1
res_00000291_2,chatbot_extended,chatbot,0,1,0,0,1,Hoomans,Species,Species,,,,3,0,0,desktop,1,0,BRA,West_Brazilian,West,Brazilian,0,0,0,0,0,0,1,1,0,0,0,0,0,1,0,0,0,0,0,0
res_00000292_1,chatbot_extended,chatbot,0,0,1,0,0,Young,Age,Age,,,,1,0,0,desktop,1,1,BRA,West_Brazilian,West,Brazilian,0,0,0,0,0,0,0,1,0,0,0,0,0,0,0,0,0,0,0,0
res_00000292_2,chatbot_extended,chatbot,0,1,1,0,0,Old,Age,Age,,,,1,0,1,desktop,1,0,BRA,West_Brazilian,West,Brazilian,0,1,0,0,0,0,0,0,0,0,0,0,0,0,0,0,0,0,0,0
res_00000293_1,chatbot_extended,chatbot,0,0,1,0,2,Female,Gender,Gender,,,,1,0,0,desktop,1,1,BRA,West_Brazilian,West,Brazilian,0,1,0,0,0,0,0,0,0,0,0,0,0,0,0,0,0,0,0,0
res_00000293_2,chatbot_extended,chatbot,0,1,1,0,1,Male,Gender,Gender,,,,1,0,1,desktop,1,0,BRA,West_Brazilian,West,Brazilian,1,0,0,0,0,0,0,0,0,0,0,0,0,0,0,0,0,0,0,0
res_00000294_1,chatbot_extended,chatbot,0,0,1,0,2,Young,Age,Age,,,,2,0,0,desktop,1,1,BRA,West_Brazilian,West,Brazilian,0,1,0,0,0,0,0,1,0,0,0,0,0,0,0,0,0,0,0,0
res_00000294_2,chatbot_extended,chatbot,0,1,1,0,1,Old,Age,Age,,,,2,0,1,desktop,1,0,BRA,West_Brazilian,West,Brazilian,0,1,0,0,0,1,0,0,0,0,0,0,0,0,0,0,0,0,0,0
res_00000295_1,chatbot_extended,chatbot,0,0,0,1,0,Less,Utilitarian,Utilitarian,,,,4,1,0,desktop,1,1,BRA,West_Brazilian,West,Brazilian,0,0,0,1,0,0,0,2,0,0,0,0,0,0,0,0,0,0,0,1
res_00000295_2,chatbot_extended,chatbot,0,1,0,0,1,More,Utilitarian,Utilitarian,,,,5,1,1,desktop,1,0,BRA,West_Brazilian,West,Brazilian,0,0,0,1,0,0,0,2,0,0,1,0,0,0,0,0,0,0,0,1
res_00000296_1,chatbot_extended,chatbot,0,0,0,1,0,Low,Social Value,Social Value,,,,2,0,0,desktop,1,1,BRA,West_Brazilian,West,Brazilian,1,0,0,0,0,0,0,0,1,0,0,0,0,0,0,0,0,0,0,0
res_00000296_2,chatbot_extended,chatbot,0,1,0,0,1,High,Social Value,Social Value,,,,2,0,1,desktop,1,0,BRA,West_Brazilian,West,Brazilian,0,0,0,0,0,0,0,0,0,0,0,0,0,1,0,0,0,1,0,0
res_00000297_1,chatbot_extended,chatbot,0,0,0,1,0,Male,Gender,Gender,,,,1,0,1,desktop,1,1,BRA,West_Brazilian,West,Brazilian,0,0,0,0,1,0,0,0,0,0,0,0,0,0,0,0,0,0,0,0
res_00000297_2,chatbot_extended,chatbot,0,1,0,0,1,Female,Gender,Gender,,,,1,0,0,desktop,1,0,BRA,West_Brazilian,West,Brazilian,0,0,0,0,0,1,0,0,0,0,0,0,0,0,0,0,0,0,0,0
res_00000298_1,chatbot_extended,chatbot,0,1,0,1,0,More,Utilitarian,Utilitarian,,,,5,3,0,desktop,1,1,BRA,West_Brazilian,West,Brazilian,0,0,0,0,0,0,0,1,1,1,0,0,1,0,0,1,0,0,0,0
res_00000298_2,chatbot_extended,chatbot,0,0,0,0,1,Less,Utilitarian,Utilitarian,,,,2,3,1,desktop,1,0,BRA,West_Brazilian,West,Brazilian,0,0,0,0,0,0,0,0,0,0,0,0,1,0,0,1,0,0,0,0
res_00000299_1,chatbot_extended,chatbot,0,0,1,0,1,Less,Utilitarian,Utilitarian,,,,3,2,0,desktop,1,1,BRA,West_Brazilian,West,Brazilian,0,0,0,1,0,0,0,0,1,0,0,0,0,0,0,0,0,0,1,0
res_00000299_2,chatbot_extended,chatbot,0,1,1,0,2,More,Utilitarian,Utilitarian,,,,5,2,1,desktop,1,0,BRA,West_Brazilian,West,Brazilian,0,0,0,1,0,0,0,0,1,1,1,0,0,0,0,0,0,0,1,0
res_00000300_1,chatbot_extended,chatbot,0,0,0,1,0,Hoomans,Species,Species,,,,3,0,0,desktop,1,1,DEU,West_German,West,German,1,1,0,0,0,0,0,0,0,0,0,0,0,0,0,0,1,0,0,0
res_00000300_2,chatbot_extended,chatbot,0,1,0,0,0,Pets,Species,Species,,,,3,0,1,desktop,1,0,DEU,West_German,West,German,0,0,0,0,0,0,0,0,0,0,0,0,0,0,0,0,0,0,1,2
res_00000301_1,chatbot_extended,chatbot,0,0,0,1,0,Male,Gender,Gender,,,,2,0,0,desktop,1,1,DEU,West_German,West,German,0,0,0,0,0,0,2,0,0,0,0,0,0,0,0,0,0,0,0,0
res_00000301_2,chatbot_extended,chatbot,0,1,0,0,2,Female,Gender,Gender,,,,2,0,1,desktop,1,0,DEU,West_German,West,German,0,0,0,0,0,0,0,2,0,0,0,0,0,0,0,0,0,0,0,0
res_00000302_1,chatbot_extended,chatbot,0,1,1,0,2,Young,Age,Age,,,,1,0,0,desktop,1,1,DEU,West_German,West,German,0,0,0,0,0,0,0,1,0,0,0,0,0,0,0,0,0,0,0,0
res_00000302_2,chatbot_extended,chatbot,0,0,1,0,1,Old,Age,Age,,,,1,0,1,desktop,1,0,DEU,West_German,West,German,0,1,0,0,0,0,0,0,0,0,0,0,0,0,0,0,0,0,0,0
res_00000303_1,chatbot_extended,chatbot,0,1,0,1,0,Pets,Species,Species,,,,1,0,1,desktop,1,1,DEU,West_German,West,German,0,0,0,0,0,0,0,0,0,0,0,0,0,0,0,0,0,0,1,0
res_00000303_2,chatbot_extended,chatbot,0,0,0,0,1,Hoomans,Species,Species,,,,1,0,0,desktop,1,0,DEU,West_German,West,German,0,0,0,0,0,1,0,0,0,0,0,0,0,0,0,0,0,0,0,0
res_00000304_1,chatbot_extended,chatbot,0,0,1,0,0,Hoomans,Species,Species,,,,2,0,0,desktop,1,1,DEU,West_German,West,German,0,0,0,0,0,0,0,0,0,0,0,1,0,0,1,0,0,0,0,0
res_00000304_2,chatbot_extended,chatbot,0,1,1,0,0,Pets,Species,Species,,,,2,0,1,desktop,1,0,DEU,West_German,West,German,0,0,0,0,0,0,0,0,0,0,0,0,0,0,0,0,0,0,1,1
res_00000305_1,chatbot_extended,chatbot,0,0,0,1,0,Fat,Fitness,Fitness,,,,5,0,0,desktop,1,1,DEU,West_German,West,German,1,2,0,0,0,0,0,0,0,1,1,0,0,0,0,0,0,0,0,0
res_00000305_2,chatbot_extended,chatbot,0,1,0,0,0,Fit,Fitness,Fitness,,,,5,0,1,desktop,1,0,DEU,West_German,West,German,0,0,0,0,0,0,0,0,0,0,0,0,0,0,3,2,0,0,0,0
res_00000306_1,chatbot_extended,chatbot,0,0,0,1,0,Old,Age,Age,,,,1,0,1,desktop,1,1,DEU,West_German,West,German,0,0,0,0,0,1,0,0,0,0,0,0,0,0,0,0,0,0,0,0
res_00000306_2,chatbot_extended,chatbot,0,1,0,0,1,Young,Age,Age,,,,1,0,0,desktop,1,0,DEU,West_German,West,German,0,0,0,0,0,0,0,1,0,0,0,0,0,0,0,0,0,0,0,0
res_00000307_1,chatbot_extended,chatbot,0,0,0,1,0,Fat,Fitness,Fitness,,,,4,0,0,desktop,1,1,DEU,West_German,West,German,1,1,0,0,0,0,0,0,0,1,1,0,0,0,0,0,0,0,0,0
res_00000307_2,chatbot_extended,chatbot,0,1,0,0,0,Fit,Fitness,Fitness,,,,4,0,1,desktop,1,0,DEU,West_German,West,German,1,1,0,0,0,0,0,0,0,0,0,0,0,0,1,1,0,0,0,0
res_00000308_1,chatbot_extended,chatbot,0,0,0,1,0,Hoomans,Species,Species,,,,5,0,0,desktop,1,1,DEU,West_German,West,German,0,1,0,0,0,1,0,0,1,1,0,0,0,0,1,0,0,0,0,0
res_00000308_2,chatbot_extended,chatbot,0,1,0,0,0,Pets,Species,Species,,,,5,0,1,desktop,1,0,DEU,West_German,West,German,0,0,0,0,0,0,0,0,0,0,0,0,0,0,0,0,0,0,3,2
res_00000309_1,chatbot_extended,chatbot,0,1,1,0,1,Less,Utilitarian,Utilitarian,,,,2,2,0,desktop,1,1,DEU,West_German,West,German,0,0,0,0,0,0,0,0,1,0,0,0,0,0,0,0,0,0,0,1
res_00000309_2,chatbot_extended,chatbot,0,0,1,0,2,More,Utilitarian,Utilitarian,,,,4,2,1,desktop,1,0,DEU,West_German,West,German,1,0,1,0,0,0,0,0,1,0,0,0,0,0,0,0,0,0,0,1
res_00000310_1,chatbot_extended,chatbot,0,0,1,0,0,Female,Gender,Gender,,,,4,0,0,desktop,1,1,DEU,West_German,West,German,0,1,0,0,0,0,0,0,0,1,0,0,0,2,0,0,0,0,0,0
res_00000310_2,chatbot_extended,chatbot,0,1,1,0,0,Male,Gender,Gender,,,,4,0,1,desktop,1,0,DEU,West_German,West,German,1,0,0,0,0,0,0,0,0,0,1,0,2,0,0,0,0,0,0,0
res_00000311_1,chatbot_extended,chatbot,0,0,0,1,0,Hoomans,Species,Species,,,,1,0,0,desktop,1,1,DEU,West_German,West,German,0,0,0,0,0,0,0,0,0,1,0,0,0,0,0,0,0,0,0,0
res_00000311_2,chatbot_extended,chatbot,0,1,0,0,0,Pets,Species,Species,,,,1,0,1,desktop,1,0,DEU,West_German,West,German,0,0,0,0,0,0,0,0,0,0,0,0,0,0,0,0,0,0,0,1
res_00000312_1,chatbot_extended,chatbot,0,0,1,0,0,Hoomans,Species,Species,,,,1,0,0,desktop,1,1,DEU,West_German,West,German,0,0,0,0,0,0,0,0,0,0,0,0,0,1,0,0,0,0,0,0
res_00000312_2,chatbot_extended,chatbot,0,1,1,0,0,Pets,Species,Species,,,,1,0,1,desktop,1,0,DEU,West_German,West,German,0,0,0,0,0,0,0,0,0,0,0,0,0,0,0,0,0,0,0,1
res_00000313_1,chatbot_extended,chatbot,0,0,1,0,1,Female,Gender,Gender,,,,2,0,0,desktop,1,1,DEU,West_German,West,German,0,0,0,0,0,0,0,1,0,0,0,0,0,0,0,0,1,0,0,0
res_00000313_2,chatbot_extended,chatbot,0,1,1,0,2,Male,Gender,Gender,,,,2,0,1,desktop,1,0,DEU,West_German,West,German,0,0,0,0,0,0,1,0,0,0,0,0,0,0,0,0,0,1,0,0
res_00000314_1,chatbot_extended,chatbot,0,1,0,1,0,Less,Utilitarian,Utilitarian,,,,4,1,0,desktop,1,1,DEU,West_German,West,German,0,0,1,0,0,0,0,0,0,0,1,0,0,1,0,0,0,0,1,0
res_00000314_2,chatbot_extended,chatbot,0,0,0,0,1,More,Utilitarian,Utilitarian,,,,5,1,1,desktop,1,0,DEU,West_German,West,German,0,0,1,0,0,0,0,1,0,0,1,0,0,1,0,0,0,0,1,0
res_00000315_1,chatbot_extended,chatbot,0,0,1,0,2,Fat,Fitness,Fitness,,,,2,0,0,desktop,1,1,DEU,West_German,West,German,1,0,0,0,0,0,0,0,0,0,1,0,0,0,0,0,0,0,0,0
res_00000315_2,chatbot_extended,chatbot,0,1,1,0,1,Fit,Fitness,Fitness,,,,2,0,1,desktop,1,0,DEU,West_German,West,German,1,0,0,0,0,0,0,0,0,0,0,0,0,0,0,1,0,0,0,0
res_00000316_1,chatbot_extended,chatbot,0,0,0,1,0,Female,Gender,Gender,,,,5,0,0,desktop,1,1,DEU,West_German,West,German,0,1,0,0,0,0,0,2,0,2,0,0,0,0,0,0,0,0,0,0
res_00000316_2,chatbot_extended,chatbot,0,1,0,0,1,Male,Gender,Gender,,,,5,0,1,desktop,1,0,DEU,West_German,West,German,1,0,0,0,0,0,2,0,0,0,2,0,0,0,0,0,0,0,0,0
res_00000317_1,chatbot_extended,chatbot,0,1,1,0,1,Female,Gender,Gender,,,,2,0,0,desktop,1,1,DEU,West_German,West,German,0,0,0,0,0,1,0,0,0,0,0,0,0,0,0,0,1,0,0,0
res_00000317_2,chatbot_extended,chatbot,0,0,1,0,2,Male,Gender,Gender,,,,2,0,1,desktop,1,0,DEU,West_German,West,German,0,0,0,0,1,0,0,0,0,0,0,0,0,0,0,0,0,1,0,0
res_00000318_1,chatbot_extended,chatbot,0,1,0,1,0,Low,Social Value,Social Value,,,,3,0,0,desktop,1,1,DEU,West_German,West,German,0,0,0,0,0,0,0,0,0,0,0,3,0,0,0,0,0,0,0,0
res_00000318_2,chatbot_extended,chatbot,0,0,0,0,1,High,Social Value,Social Value,,,,3,0,1,desktop,1,0,DEU,West_German,West,German,0,1,0,0,0,0,0,0,0,0,0,0,0,1,0,0,0,1,0,0
res_00000319_1,chatbot_extended,chatbot,0,1,1,0,0,Fat,Fitness,Fitness,,,,4,0,0,desktop,1,1,DEU,West_German,West,German,0,1,0,0,0,0,0,0,0,1,2,0,0,0,0,0,0,0,0,0
res_00000319_2,chatbot_extended,chatbot,0,0,1,0,0,Fit,Fitness,Fitness,,,,4,0,1,desktop,1,0,DEU,West_German,West,German,0,1,0,0,0,0,0,0,0,0,0,0,0,0,1,2,0,0,0,0
res_00000320_1,chatbot_extended,chatbot,0,0,1,0,2,Young,Age,Age,,,,5,0,0,desktop,1,1,DEU,West_German,West,German,0,2,0,0,0,0,2,1,0,0,0,0,0,0,0,0,0,0,0,0
res_00000320_2,chatbot_extended,chatbot,0,1,1,0,1,Old,Age,Age,,,,5,0,1,desktop,1,0,DEU,West_German,West,German,1,0,0,0,1,3,0,0,0,0,0,0,0,0,0,0,0,0,0,0
res_00000321_1,chatbot_extended,chatbot,0,1,0,1,0,Less,Utilitarian,Utilitarian,,,,4,1,0,desktop,1,1,DEU,West_German,West,German,0,0,0,0,0,0,0,2,1,0,0,0,0,1,0,0,0,0,0,0
res_00000321_2,chatbot_extended,chatbot,0,0,0,0,0,More,Utilitarian,Utilitarian,,,,5,1,1,desktop,1,0,DEU,West_German,West,German,0,0,0,0,0,0,1,2,1,0,0,0,0,1,0,0,0,0,0,0
res_00000322_1,chatbot_extended,chatbot,0,0,0,1,0,High,Social Value,Social Value,,,,4,0,0,desktop,1,1,DEU,West_German,West,German,0,1,0,0,0,0,0,0,0,0,0,0,1,1,0,0,0,1,0,0
res_00000322_2,chatbot_extended,chatbot,0,1,0,0,0,Low,Social Value,Social Value,,,,4,0,1,desktop,1,0,DEU,West_German,West,German,0,2,0,0,0,0,0,0,1,0,0,1,0,0,0,0,0,0,0,0
res_00000323_1,chatbot_extended,chatbot,0,1,1,0,0,Female,Gender,Gender,,,,1,0,0,desktop,1,1,DEU,West_German,West,German,0,0,0,0,0,0,0,0,0,0,0,0,0,0,0,0,1,0,0,0
res_00000323_2,chatbot_extended,chatbot,0,0,1,0,0,Male,Gender,Gender,,,,1,0,1,desktop,1,0,DEU,West_German,West,German,0,0,0,0,0,0,0,0,0,0,0,0,0,0,0,0,0,1,0,0
res_00000324_1,chatbot_extended,chatbot,0,0,1,0,2,Hoomans,Species,Species,,,,4,0,0,desktop,1,1,DEU,West_German,West,German,0,0,0,0,0,1,0,0,0,0,1,1,0,0,0,0,0,1,0,0
res_00000324_2,chatbot_extended,chatbot,0,1,1,0,1,Pets,Species,Species,,,,4,0,1,desktop,1,0,DEU,West_German,West,German,0,0,0,0,0,0,0,0,0,0,0,0,0,0,0,0,0,0,2,2
res_00000325_1,chatbot_extended,chatbot,0,0,0,1,0,Fit,Fitness,Fitness,,,,5,0,0,desktop,1,1,DEU,West_German,West,German,2,0,0,0,0,0,0,0,0,0,0,0,0,0,2,1,0,0,0,0
res_00000325_2,chatbot_extended,chatbot,0,1,0,0,0,Fat,Fitness,Fitness,,,,5,0,1,desktop,1,0,DEU,West_German,West,German,1,1,0,0,0,0,0,0,0,1,2,0,0,0,0,0,0,0,0,0
res_00000326_1,chatbot_extended,chatbot,0,1,1,0,1,Young,Age,Age,,,,4,0,0,desktop,1,1,DEU,West_German,West,German,0,0,0,0,0,0,1,3,0,0,0,0,0,0,0,0,0,0,0,0
res_00000326_2,chatbot_extended,chatbot,0,0,1,0,2,Old,Age,Age,,,,4,0,1,desktop,1,0,DEU,West_German,West,German,1,0,0,0,0,3,0,0,0,0,0,0,0,0,0,0,0,0,0,0
res_00000327_1,chatbot_extended,chatbot,0,0,0,1,0,Young,Age,Age,,,,4,0,1,desktop,1,1,DEU,West_German,West,German,0,0,0,0,0,0,0,4,0,0,0,0,0,0,0,0,0,0,0,0
res_00000327_2,chatbot_extended,chatbot,0,1,0,0,0,Old,Age,Age,,,,4,0,0,desktop,1,0,DEU,West_German,West,German,0,2,0,0,0,2,0,0,0,0,0,0,0,0,0,0,0,0,0,0
res_00000328_1,chatbot_extended,chatbot,0,0,0,1,0,Male,Gender,Gender,,,,4,0,0,desktop,1,1,DEU,West_German,West,German,0,0,0,0,3,0,0,0,0,0,0,0,1,0,0,0,0,0,0,0
res_00000328_2,chatbot_extended,chatbot,0,1,0,0,2,Female,Gender,Gender,,,,4,0,1,desktop,1,0,DEU,West_German,West,German,0,0,0,0,0,3,0,0,0,0,0,0,0,1,0,0,0,0,0,0
res_00000329_1,chatbot_extended,chatbot,0,1,1,0,2,Young,Age,Age,,,,1,0,0,desktop,1,1,DEU,West_German,West,German,1,0,0,0,0,0,0,0,0,0,0,0,0,0,0,0,0,0,0,0
res_00000329_2,chatbot_extended,chatbot,0,0,1,0,1,Old,Age,Age,,,,1,0,1,desktop,1,0,DEU,West_German,West,German,0,0,0,0,1,0,0,0,0,0,0,0,0,0,0,0,0,0,0,0
res_00000330_1,chatbot_extended,chatbot,0,1,1,0,0,Fat,Fitness,Fitness,,,,4,0,0,desktop,1,1,DEU,West_German,West,German,1,1,0,0,0,0,0,0,0,0,2,0,0,0,0,0,0,0,0,0
res_00000330_2,chatbot_extended,chatbot,0,0,1,0,0,Fit,Fitness,Fitness,,,,4,0,1,desktop,1,0,DEU,West_German,West,German,1,0,0,0,0,0,0,0,0,0,0,0,0,0,1,2,0,0,0,0
res_00000331_1,chatbot_extended,chatbot,0,1,1,0,1,Female,Gender,Gender,,,,2,0,0,desktop,1,1,DEU,West_German,West,German,0,0,0,0,0,0,0,0,0,0,0,0,0,0,0,0,2,0,0,0
res_00000331_2,chatbot_extended,chatbot,0,0,1,0,2,Male,Gender,Gender,,,,2,0,1,desktop,1,0,DEU,West_German,West,German,0,0,0,0,0,0,0,0,0,0,0,0,0,0,0,0,0,2,0,0
res_00000332_1,chatbot_extended,chatbot,0,1,1,0,2,Low,Social Value,Social Value,,,,1,0,0,desktop,1,1,DEU,West_German,West,German,0,0,0,0,0,0,0,0,0,0,0,1,0,0,0,0,0,0,0,0
res_00000332_2,chatbot_extended,chatbot,0,0,1,0,1,High,Social Value,Social Value,,,,1,0,1,desktop,1,0,DEU,West_German,West,German,0,0,1,0,0,0,0,0,0,0,0,0,0,0,0,0,0,0,0,0
res_00000333_1,chatbot_extended,chatbot,0,1,1,0,0,Hoomans,Species,Species,,,,2,0,0,desktop,1,1,DEU,West_German,West,German,0,0,0,0,0,2,0,0,0,0,0,0,0,0,0,0,0,0,0,0
res_00000333_2,chatbot_extended,chatbot,0,0,1,0,0,Pets,Species,Species,,,,2,0,1,desktop,1,0,DEU,West_German,West,German,0,0,0,0,0,0,0,0,0,0,0,0,0,0,0,0,0,0,2,0
res_00000334_1,chatbot_extended,chatbot,0,0,0,1,0,Less,Utilitarian,Utilitarian,,,,3,2,0,desktop,1,1,DEU,West_German,West,German,0,0,0,0,0,0,0,0,1,1,0,0,0,0,0,1,0,0,0,0
res_00000334_2,chatbot_extended,chatbot,0,1,0,0,2,More,Utilitarian,Utilitarian,,,,5,2,1,desktop,1,0,DEU,West_German,West,German,0,0,0,1,0,0,0,1,1,1,0,0,0,0,0,1,0,0,0,0
res_00000335_1,chatbot_extended,chatbot,0,1,1,0,2,Female,Gender,Gender,,,,2,0,0,desktop,1,1,DEU,West_German,West,German,0,1,0,0,0,0,0,0,0,0,0,0,0,0,0,0,1,0,0,0
res_00000335_2,chatbot_extended,chatbot,0,0,1,0,1,Male,Gender,Gender,,,,2,0,1,desktop,1,0,DEU,West_German,West,German,1,0,0,0,0,0,0,0,0,0,0,0,0,0,0,0,0,1,0,0
res_00000336_1,chatbot_extended,chatbot,0,0,1,0,0,Young,Age,Age,,,,2,0,0,desktop,1,1,DEU,West_German,West,German,1,0,0,0,0,0,1,0,0,0,0,0,0,0,0,0,0,0,0,0
res_00000336_2,chatbot_extended,chatbot,0,1,1,0,0,Old,Age,Age,,,,2,0,1,desktop,1,0,DEU,West_German,West,German,1,0,0,0,1,0,0,0,0,0,0,0,0,0,0,0,0,0,0,0
res_00000337_1,chatbot_extended,chatbot,0,1,1,0,1,Fat,Fitness,Fitness,,,,2,0,1,desktop,1,1,DEU,West_German,West,German,0,0,0,0,0,0,0,0,0,2,0,0,0,0,0,0,0,0,0,0
res_00000337_2,chatbot_extended,chatbot,0,0,1,0,2,Fit,Fitness,Fitness,,,,2,0,0,desktop,1,0,DEU,West_German,West,German,0,1,0,0,0,0,0,0,0,0,0,0,0,0,1,0,0,0,0,0
res_00000338_1,chatbot_extended,chatbot,0,1,0,1,0,High,Social Value,Social Value,,,,3,0,0,desktop,1,1,DEU,West_German,West,German,1,0,0,0,0,0,0,0,0,0,0,0,0,0,0,0,2,0,0,0
res_00000338_2,chatbot_extended,chatbot,0,0,0,0,2,Low,Social Value,Social Value,,,,3,0,1,desktop,1,0,DEU,West_German,West,German,0,1,0,0,0,0,0,0,1,0,0,1,0,0,0,0,0,0,0,0
res_00000339_1,chatbot_extended,chatbot,0,1,1,0,1,Low,Social Value,Social Value,,,,2,0,1,desktop,1,1,DEU,West_German,West,German,0,0,0,0,0,0,0,0,2,0,0,0,0,0,0,0,0,0,0,0
res_00000339_2,chatbot_extended,chatbot,0,0,1,0,2,High,Social Value,Social Value,,,,2,0,0,desktop,1,0,DEU,West_German,West,German,0,0,0,0,0,0,0,0,0,0,0,0,0,1,0,0,0,1,0,0
res_00000340_1,chatbot_extended,chatbot,0,0,1,0,2,Low,Social Value,Social Value,,,,1,0,0,desktop,1,1,DEU,West_German,West,German,0,0,0,0,0,0,0,0,1,0,0,0,0,0,0,0,0,0,0,0
res_00000340_2,chatbot_extended,chatbot,0,1,1,0,1,High,Social Value,Social Value,,,,1,0,1,desktop,1,0,DEU,West_German,West,German,0,0,0,0,0,0,0,0,0,0,0,0,0,1,0,0,0,0,0,0
res_00000341_1,chatbot_extended,chatbot,0,0,1,0,1,Less,Utilitarian,Utilitarian,,,,1,1,0,desktop,1,1,DEU,West_German,West,German,0,1,0,0,0,0,0,0,0,0,0,0,0,0,0,0,0,0,0,0
res_00000341_2,chatbot_extended,chatbot,0,1,1,0,2,More,Utilitarian,Utilitarian,,,,2,1,1,desktop,1,0,DEU,West_German,West,German,0,1,1,0,0,0,0,0,0,0,0,0,0,0,0,0,0,0,0,0
res_00000342_1,chatbot_extended,chatbot,0,1,0,1,0,High,Social Value,Social Value,,,,4,0,0,desktop,1,1,DEU,West_German,West,German,0,1,0,0,0,0,0,0,0,0,0,0,0,1,0,0,1,1,0,0
res_00000342_2,chatbot_extended,chatbot,0,0,0,0,0,Low,Social Value,Social Value,,,,4,0,1,desktop,1,0,DEU,West_German,West,German,1,1,0,0,0,0,0,0,1,0,0,1,0,0,0,0,0,0,0,0
res_00000343_1,chatbot_extended,chatbot,0,0,1,0,0,Hoomans,Species,Species,,,,1,0,0,desktop,1,1,DEU,West_German,West,German,0,0,0,0,0,0,0,0,0,0,0,0,0,0,1,0,0,0,0,0
res_00000343_2,chatbot_extended,chatbot,0,1,1,0,0,Pets,Species,Species,,,,1,0,1,desktop,1,0,DEU,West_German,West,German,0,0,0,0,0,0,0,0,0,0,0,0,0,0,0,0,0,0,1,0
res_00000344_1,chatbot_extended,chatbot,0,1,1,0,1,Fat,Fitness,Fitness,,,,4,0,0,desktop,1,1,DEU,West_German,West,German,1,1,0,0,0,0,0,0,0,0,2,0,0,0,0,0,0,0,0,0
res_00000344_2,chatbot_extended,chatbot,0,0,1,0,2,Fit,Fitness,Fitness,,,,4,0,1,desktop,1,0,DEU,West_German,West,German,1,0,0,0,0,0,0,0,0,0,0,0,0,0,1,2,0,0,0,0
res_00000345_1,chatbot_extended,chatbot,0,1,0,1,0,Less,Utilitarian,Utilitarian,,,,3,1,0,desktop,1,1,DEU,West_German,West,German,0,0,0,0,0,0,0,0,1,1,0,0,0,1,0,0,0,0,0,0
res_00000345_2,chatbot_extended,chatbot,0,0,0,0,1,More,Utilitarian,Utilitarian,,,,4,1,1,desktop,1,0,DEU,West_German,West,German,0,0,0,0,0,0,0,1,1,1,0,0,0,1,0,0,0,0,0,0
res_00000346_1,chatbot_extended,chatbot,0,1,0,1,0,More,Utilitarian,Utilitarian,,,,5,3,0,desktop,1,1,DEU,West_German,West,German,0,0,3,0,0,0,0,0,0,0,0,0,0,0,0,0,0,0,1,1
res_00000346_2,chatbot_extended,chatbot,0,0,0,0,0,Less,Utilitarian,Utilitarian,,,,2,3,1,desktop,1,0,DEU,West_German,West,German,0,0,1,0,0,0,0,0,0,0,0,0,0,0,0,0,0,0,0,1
res_00000347_1,chatbot_extended,chatbot,0,0,0,1,0,Female,Gender,Gender,,,,4,0,0,desktop,1,1,DEU,West_German,West,German,0,1,0,0,0,1,0,0,0,0,0,0,0,0,1,0,1,0,0,0
res_00000347_2,chatbot_extended,chatbot,0,1,0,0,0,Male,Gender,Gender,,,,4,0,1,desktop,1,0,DEU,West_German,West,German,1,0,0,0,1,0,0,0,0,0,0,0,0,0,0,1,0,1,0,0
res_00000348_1,chatbot_extended,chatbot,0,0,1,0,0,Hoomans,Species,Species,,,,4,0,0,desktop,1,1,DEU,West_German,West,German,1,0,0,0,0,0,0,0,0,0,0,1,0,0,0,1,0,1,0,0
res_00000348_2,chatbot_extended,chatbot,0,1,1,0,0,Pets,Species,Species,,,,4,0,1,desktop,1,0,DEU,West_German,West,German,0,0,0,0,0,0,0,0,0,0,0,0,0,0,0,0,0,0,4,0
res_00000349_1,chatbot_extended,chatbot,0,0,1,0,1,Young,Age,Age,,,,2,0,0,desktop,1,1,DEU,West_German,West,German,2,0,0,0,0,0,0,0,0,0,0,0,0,0,0,0,0,0,0,0
res_00000349_2,chatbot_extended,chatbot,0,1,1,0,2,Old,Age,Age,,,,2,0,1,desktop,1,0,DEU,West_German,West,German,0,0,0,0,2,0,0,0,0,0,0,0,0,0,0,0,0,0,0,0
res_00000350_1,chatbot_extended,chatbot,0,1,0,1,0,Young,Age,Age,,,,5,0,0,desktop,1,1,DEU,West_German,West,German,0,0,0,0,0,0,2,3,0,0,0,0,0,0,0,0,0,0,0,0
res_00000350_2,chatbot_extended,chatbot,0,0,0,0,2,Old,Age,Age,,,,5,0,1,desktop,1,0,DEU,West_German,West,German,1,2,0,0,1,1,0,0,0,0,0,0,0,0,0,0,0,0,0,0
res_00000351_1,chatbot_extended,chatbot,0,0,0,1,0,Old,Age,Age,,,,3,0,0,desktop,1,1,DEU,West_German,West,German,0,1,0,0,0,2,0,0,0,0,0,0,0,0,0,0,0,0,0,0
res_00000351_2,chatbot_extended,chatbot,0,1,0,0,2,Young,Age,Age,,,,3,0,1,desktop,1,0,DEU,West_German,West,German,0,2,0,0,0,0,0,1,0,0,0,0,0,0,0,0,0,0,0,0
res_00000352_1,chatbot_extended,chatbot,0,0,0,1,0,Low,Social Value,Social Value,,,,1,0,1,desktop,1,1,DEU,West_German,West,German,0,0,0,0,0,0,0,0,0,0,0,1,0,0,0,0,0,0,0,0
res_00000352_2,chatbot_extended,chatbot,0,1,0,0,0,High,Social Value,Social Value,,,,1,0,0,desktop,1,0,DEU,West_German,West,German,1,0,0,0,0,0,0,0,0,0,0,0,0,0,0,0,0,0,0,0
res_00000353_1,chatbot_extended,chatbot,0,1,0,1,0,Low,Social Value,Social Value,,,,1,0,0,desktop,1,1,DEU,West_German,West,German,0,0,0,0,0,0,0,0,0,0,0,1,0,0,0,0,0,0,0,0
res_00000353_2,chatbot_extended,chatbot,0,0,0,0,2,High,Social Value,Social Value,,,,1,0,1,desktop,1,0,DEU,West_German,West,German,1,0,0,0,0,0,0,0,0,0,0,0,0,0,0,0,0,0,0,0
res_00000354_1,chatbot_extended,chatbot,0,0,0,1,0,Old,Age,Age,,,,1,0,1,desktop,1,1,DEU,West_German,West,German,0,0,0,0,1,0,0,0,0,0,0,0,0,0,0,0,0,0,0,0
res_00000354_2,chatbot_extended,chatbot,0,1,0,0,1,Young,Age,Age,,,,1,0,0,desktop,1,0,DEU,West_German,West,German,1,0,0,0,0,0,0,0,0,0,0,0,0,0,0,0,0,0,0,0
res_00000355_1,chatbot_extended,chatbot,0,1,0,1,0,Hoomans,Species,Species,,,,4,0,0,desktop,1,1,DEU,West_German,West,German,0,0,0,0,0,0,1,0,0,0,0,1,0,0,1,1,0,0,0,0
res_00000355_2,chatbot_extended,chatbot,0,0,0,0,2,Pets,Species,Species,,,,4,0,1,desktop,1,0,DEU,West_German,West,German,0,0,0,0,0,0,0,0,0,0,0,0,0,0,0,0,0,0,3,1
res_00000356_1,chatbot_extended,chatbot,0,1,0,1,0,Less,Utilitarian,Utilitarian,,,,2,1,0,desktop,1,1,DEU,West_German,West,German,0,0,0,1,0,0,0,0,0,0,0,0,0,0,0,0,1,0,0,0
res_00000356_2,chatbot_extended,chatbot,0,0,0,0,1,More,Utilitarian,Utilitarian,,,,3,1,1,desktop,1,0,DEU,West_German,West,German,0,0,0,1,0,0,0,0,0,0,0,0,0,0,0,1,1,0,0,0
res_00000357_1,chatbot_extended,chatbot,0,0,1,0,0,Less,Utilitarian,Utilitarian,,,,2,3,0,desktop,1,1,DEU,West_German,West,German,0,0,0,0,0,0,0,0,0,0,1,0,0,0,0,0,1,0,0,0
res_00000357_2,chatbot_extended,chatbot,0,1,1,0,0,More,Utilitarian,Utilitarian,,,,5,3,1,desktop,1,0,DEU,West_German,West,German,1,1,0,0,0,0,0,0,0,0,1,0,0,0,0,0,1,1,0,0
res_00000358_1,chatbot_extended,chatbot,0,1,0,1,0,Fit,Fitness,Fitness,,,,2,0,1,desktop,1,1,DEU,West_German,West,German,0,0,0,0,0,0,0,0,0,0,0,0,0,0,1,1,0,0,0,0
res_00000358_2,chatbot_extended,chatbot,0,0,0,0,0,Fat,Fitness,Fitness,,,,2,0,0,desktop,1,0,DEU,West_German,West,German,0,1,0,0,0,0,0,0,0,0,1,0,0,0,0,0,0,0,0,0
res_00000359_1,chatbot_extended,chatbot,0,0,1,0,0,Female,Gender,Gender,,,,3,0,0,desktop,1,1,DEU,West_German,West,German,0,0,0,0,0,0,0,0,0,0,0,0,0,0,2,0,1,0,0,0
res_00000359_2,chatbot_extended,chatbot,0,1,1,0,0,Male,Gender,Gender,,,,3,0,1,desktop,1,0,DEU,West_German,West,German,0,0,0,0,0,0,0,0,0,0,0,0,0,0,0,2,0,1,0,0
res_00000360_1,chatbot_extended,chatbot,0,0,0,1,0,Less,Utilitarian,Utilitarian,,,,1,1,0,desktop,1,1,DEU,West_German,West,German,0,0,0,0,0,0,0,1,0,0,0,0,0,0,0,0,0,0,0,0
res_00000360_2,chatbot_extended,chatbot,0,1,0,0,1,More,Utilitarian,Utilitarian,,,,2,1,1,desktop,1,0,DEU,West_German,West,German,0,0,0,0,0,0,0,1,0,1,0,0,0,0,0,0,0,0,0,0
res_00000361_1,chatbot_extended,chatbot,0,1,0,1,0,Hoomans,Species,Species,,,,2,0,0,desktop,1,1,DEU,West_German,West,German,0,0,0,0,0,0,0,0,0,1,0,0,1,0,0,0,0,0,0,0
res_00000361_2,chatbot_extended,chatbot,0,0,0,0,0,Pets,Species,Species,,,,2,0,1,desktop,1,0,DEU,West_German,West,German,0,0,0,0,0,0,0,0,0,0,0,0,0,0,0,0,0,0,1,1
res_00000362_1,chatbot_extended,chatbot,0,1,1,0,0,Young,Age,Age,,,,3,0,0,desktop,1,1,DEU,West_German,West,German,1,1,0,0,0,0,0,1,0,0,0,0,0,0,0,0,0,0,0,0
res_00000362_2,chatbot_extended,chatbot,0,0,1,0,0,Old,Age,Age,,,,3,0,1,desktop,1,0,DEU,West_German,West,German,0,0,0,0,1,2,0,0,0,0,0,0,0,0,0,0,0,0,0,0
res_00000363_1,chatbot_extended,chatbot,0,0,1,0,0,Less,Utilitarian,Utilitarian,,,,2,1,0,desktop,1,1,DEU,West_German,West,German,0,0,0,0,1,0,0,0,0,0,0,0,0,0,1,0,0,0,0,0
res_00000363_2,chatbot_extended,chatbot,0,1,1,0,0,More,Utilitarian,Utilitarian,,,,3,1,1,desktop,1,0,DEU,West_German,West,German,0,0,0,0,1,0,0,0,0,0,0,0,0,1,1,0,0,0,0,0
res_00000364_1,chatbot_extended,chatbot,0,1,1,0,1,Less,Utilitarian,Utilitarian,,,,2,3,0,desktop,1,1,DEU,West_German,West,German,0,0,1,0,0,0,0,0,0,0,0,0,1,0,0,0,0,0,0,0
res_00000364_2,chatbot_extended,chatbot,0,0,1,0,2,More,Utilitarian,Utilitarian,,,,5,3,1,desktop,1,0,DEU,West_German,West,German,0,0,1,1,0,0,0,0,0,0,0,0,1,1,1,0,0,0,0,0
res_00000365_1,chatbot_extended,chatbot,0,1,1,0,1,Young,Age,Age,,,,3,0,0,desktop,1,1,DEU,West_German,West,German,1,1,0,0,0,0,1,0,0,0,0,0,0,0,0,0,0,0,0,0
res_00000365_2,chatbot_extended,chatbot,0,0,1,0,2,Old,Age,Age,,,,3,0,1,desktop,1,0,DEU,West_German,West,German,0,0,0,0,2,1,0,0,0,0,0,0,0,0,0,0,0,0,0,0
res_00000366_1,chatbot_extended,chatbot,0,0,1,0,0,Young,Age,Age,,,,1,0,0,desktop,1,1,DEU,West_German,West,German,0,1,0,0,0,0,0,0,0,0,0,0,0,0,0,0,0,0,0,0
res_00000366_2,chatbot_extended,chatbot,0,1,1,0,0,Old,Age,Age,,,,1,0,1,desktop,1,0,DEU,West_German,West,German,0,0,0,0,0,1,0,0,0,0,0,0,0,0,0,0,0,0,0,0
res_00000367_1,chatbot_extended,chatbot,0,1,1,0,0,Young,Age,Age,,,,4,0,0,desktop,1,1,DEU,West_German,West,German,1,0,0,0,0,0,2,1,0,0,0,0,0,0,0,0,0,0,0,0
res_00000367_2,chatbot_extended,chatbot,0,0,1,0,0,Old,Age,Age,,,,4,0,1,desktop,1,0,DEU,West_German,West,German,2,0,0,0,1,1,0,0,0,0,0,0,0,0,0,0,0,0,0,0
res_00000368_1,chatbot_extended,chatbot,0,0,1,0,2,Low,Social Value,Social Value,,,,1,0,0,desktop,1,1,DEU,West_German,West,German,0,0,0,0,0,0,0,0,1,0,0,0,0,0,0,0,0,0,0,0
res_00000368_2,chatbot_extended,chatbot,0,1,1,0,1,High,Social Value,Social Value,,,,1,0,1,desktop,1,0,DEU,West_German,West,German,0,0,0,0,0,0,0,0,0,0,0,0,1,0,0,0,0,0,0,0
res_00000369_1,chatbot_extended,chatbot,0,0,1,0,2,Less,Utilitarian,Utilitarian,,,,3,2,0,desktop,1,1,DEU,West_German,West,German,0,0,0,0,0,1,0,0,0,0,0,0,0,0,0,0,0,0,2,0
res_00000369_2,chatbot_extended,chatbot,0,1,1,0,1,More,Utilitarian,Utilitarian,,,,5,2,1,desktop,1,0,DEU,West_German,West,German,0,0,0,0,0,1,0,0,0,0,1,0,0,1,0,0,0,0,2,0
res_00000370_1,chatbot_extended,chatbot,0,1,0,1,0,Pets,Species,Species,,,,5,0,1,desktop,1,1,DEU,West_German,West,German,0,0,0,0,0,0,0,0,0,0,0,0,0,0,0,0,0,0,2,3
res_00000370_2,chatbot_extended,chatbot,0,0,0,0,1,Hoomans,Species,Species,,,,5,0,0,desktop,1,0,DEU,West_German,West,German,0,1,0,1,0,0,0,1,1,0,0,0,1,0,0,0,0,0,0,0
res_00000371_1,chatbot_extended,chatbot,0,0,0,1,0,Young,Age,Age,,,,1,0,0,desktop,1,1,DEU,West_German,West,German,1,0,0,0,0,0,0,0,0,0,0,0,0,0,0,0,0,0,0,0
res_00000371_2,chatbot_extended,chatbot,0,1,0,0,0,Old,Age,Age,,,,1,0,1,desktop,1,0,DEU,West_German,West,German,0,0,0,0,1,0,0,0,0,0,0,0,0,0,0,0,0,0,0,0
res_00000372_1,chatbot_extended,chatbot,0,1,1,0,1,Hoomans,Species,Species,,,,1,0,0,desktop,1,1,DEU,West_German,West,German,0,0,0,0,0,0,1,0,0,0,0,0,0,0,0,0,0,0,0,0
res_00000372_2,chatbot_extended,chatbot,0,0,1,0,2,Pets,Species,Species,,,,1,0,1,desktop,1,0,DEU,West_German,West,German,0,0,0,0,0,0,0,0,0,0,0,0,0,0,0,0,0,0,0,1
res_00000373_1,chatbot_extended,chatbot,0,0,1,0,0,Hoomans,Species,Species,,,,4,0,0,desktop,1,1,DEU,West_German,West,German,0,1,0,0,0,1,0,1,0,0,0,0,1,0,0,0,0,0,0,0
res_00000373_2,chatbot_extended,chatbot,0,1,1,0,0,Pets,Species,Species,,,,4,0,1,desktop,1,0,DEU,West_German,West,German,0,0,0,0,0,0,0,0,0,0,0,0,0,0,0,0,0,0,2,2
res_00000374_1,chatbot_extended,chatbot,0,0,1,0,0,Fat,Fitness,Fitness,,,,3,0,0,desktop,1,1,DEU,West_German,West,German,1,0,0,0,0,0,0,0,0,2,0,0,0,0,0,0,0,0,0,0
res_00000374_2,chatbot_extended,chatbot,0,1,1,0,0,Fit,Fitness,Fitness,,,,3,0,1,desktop,1,0,DEU,West_German,West,German,0,2,0,0,0,0,0,0,0,0,0,0,0,0,0,1,0,0,0,0
res_00000375_1,chatbot_extended,chatbot,0,0,1,0,0,Hoomans,Species,Species,,,,1,0,0,desktop,1,1,DEU,West_German,West,German,0,0,0,0,0,0,0,0,0,0,0,0,0,0,1,0,0,0,0,0
res_00000375_2,chatbot_extended,chatbot,0,1,1,0,0,Pets,Species,Species,,,,1,0,1,desktop,1,0,DEU,West_German,West,German,0,0,0,0,0,0,0,0,0,0,0,0,0,0,0,0,0,0,0,1
res_00000376_1,chatbot_extended,chatbot,0,0,1,0,1,Female,Gender,Gender,,,,3,0,0,desktop,1,1,DEU,West_German,West,German,0,0,0,0,0,0,0,1,0,1,0,0,0,1,0,0,0,0,0,0
res_00000376_2,chatbot_extended,chatbot,0,1,1,0,2,Male,Gender,Gender,,,,3,0,1,desktop,1,0,DEU,West_German,West,German,0,0,0,0,0,0,1,0,0,0,1,0,1,0,0,0,0,0,0,0
res_00000377_1,chatbot_extended,chatbot,0,1,1,0,2,Low,Social Value,Social Value,,,,4,0,0,desktop,1,1,DEU,West_German,West,German,0,2,0,0,0,0,0,0,1,0,0,1,0,0,0,0,0,0,0,0
res_00000377_2,chatbot_extended,chatbot,0,0,1,0,1,High,Social Value,Social Value,,,,4,0,1,desktop,1,0,DEU,West_German,West,German,0,2,1,0,0,0,0,0,0,0,0,0,0,0,0,0,1,0,0,0
res_00000378_1,chatbot_extended,chatbot,0,0,1,0,0,Female,Gender,Gender,,,,3,0,0,desktop,1,1,DEU,West_German,West,German,0,1,0,0,0,0,0,0,0,1,0,0,0,0,0,0,1,0,0,0
res_00000378_2,chatbot_extended,chatbot,0,1,1,0,0,Male,Gender,Gender,,,,3,0,1,desktop,1,0,DEU,West_German,West,German,1,0,0,0,0,0,0,0,0,0,1,0,0,0,0,0,0,1,0,0
res_00000379_1,chatbot_extended,chatbot,0,0,0,1,0,Old,Age,Age,,,,4,0,1,desktop,1,1,DEU,West_German,West,German,1,0,0,0,1,2,0,0,0,0,0,0,0,0,0,0,0,0,0,0
res_00000379_2,chatbot_extended,chatbot,0,1,0,0,0,Young,Age,Age,,,,4,0,0,desktop,1,0,DEU,West_German,West,German,0,2,0,0,0,0,2,0,0,0,0,0,0,0,0,0,0,0,0,0
res_00000380_1,chatbot_extended,chatbot,0,0,1,0,2,Young,Age,Age,,,,3,0,0,desktop,1,1,DEU,West_German,West,German,0,1,0,0,0,0,0,2,0,0,0,0,0,0,0,0,0,0,0,0
res_00000380_2,chatbot_extended,chatbot,0,1,1,0,1,Old,Age,Age,,,,3,0,1,desktop,1,0,DEU,West_German,West,German,0,1,0,0,0,2,0,0,0,0,0,0,0,0,0,0,0,0,0,0
res_00000381_1,chatbot_extended,chatbot,0,0,0,1,0,Fat,Fitness,Fitness,,,,4,0,0,desktop,1,1,DEU,West_German,West,German,1,0,0,0,0,0,0,0,0,2,1,0,0,0,0,0,0,0,0,0
res_00000381_2,chatbot_extended,chatbot,0,1,0,0,0,Fit,Fitness,Fitness,,,,4,0,1,desktop,1,0,DEU,West_German,West,German,0,0,0,0,0,0,0,0,0,0,0,0,0,0,2,2,0,0,0,0
res_00000382_1,chatbot_extended,chatbot,0,0,1,0,1,Low,Social Value,Social Value,,,,2,0,0,desktop,1,1,DEU,West_German,West,German,1,0,0,0,0,0,0,0,0,0,0,1,0,0,0,0,0,0,0,0
res_00000382_2,chatbot_extended,chatbot,0,1,1,0,2,High,Social Value,Social Value,,,,2,0,1,desktop,1,0,DEU,West_German,West,German,1,0,0,0,0,0,0,0,0,0,0,0,0,0,0,0,0,1,0,0
res_00000383_1,chatbot_extended,chatbot,0,1,1,0,2,Low,Social Value,Social Value,,,,5,0,0,desktop,1,1,DEU,West_German,West,German,1,1,0,0,0,0,0,0,2,0,0,1,0,0,0,0,0,0,0,0
res_00000383_2,chatbot_extended,chatbot,0,0,1,0,1,High,Social Value,Social Value,,,,5,0,1,desktop,1,0,DEU,West_German,West,German,2,0,0,0,0,0,0,0,0,0,0,0,1,1,0,0,0,1,0,0
res_00000384_1,chatbot_extended,chatbot,0,1,0,1,0,Pets,Species,Species,,,,2,0,1,desktop,1,1,DEU,West_German,West,German,0,0,0,0,0,0,0,0,0,0,0,0,0,0,0,0,0,0,1,1
res_00000384_2,chatbot_extended,chatbot,0,0,0,0,0,Hoomans,Species,Species,,,,2,0,0,desktop,1,0,DEU,West_German,West,German,0,1,0,0,0,0,0,0,0,0,0,0,0,0,0,0,1,0,0,0
res_00000385_1,chatbot_extended,chatbot,0,1,0,1,0,Hoomans,Species,Species,,,,4,0,0,desktop,1,1,DEU,West_German,West,German,0,0,0,0,1,1,0,0,1,0,0,0,0,0,0,0,1,0,0,0
res_00000385_2,chatbot_extended,chatbot,0,0,0,0,2,Pets,Species,Species,,,,4,0,1,desktop,1,0,DEU,West_German,West,German,0,0,0,0,0,0,0,0,0,0,0,0,0,0,0,0,0,0,3,1
res_00000386_1,chatbot_extended,chatbot,0,0,1,0,0,Hoomans,Species,Species,,,,4,0,0,desktop,1,1,DEU,West_German,West,German,0,0,1,1,0,0,0,0,0,0,1,0,0,1,0,0,0,0,0,0
res_00000386_2,chatbot_extended,chatbot,0,1,1,0,0,Pets,Species,Species,,,,4,0,1,desktop,1,0,DEU,West_German,West,German,0,0,0,0,0,0,0,0,0,0,0,0,0,0,0,0,0,0,3,1
res_00000387_1,chatbot_extended,chatbot,0,0,0,1,0,Male,Gender,Gender,,,,2,0,1,desktop,1,1,DEU,West_German,West,German,0,0,0,0,1,0,0,0,0,0,1,0,0,0,0,0,0,0,0,0
res_00000387_2,chatbot_extended,chatbot,0,1,0,0,2,Female,Gender,Gender,,,,2,0,0,desktop,1,0,DEU,West_German,West,German,0,0,0,0,0,1,0,0,0,1,0,0,0,0,0,0,0,0,0,0
res_00000388_1,chatbot_extended,chatbot,0,1,1,0,0,Low,Social Value,Social Value,,,,2,0,0,desktop,1,1,DEU,West_German,West,German,0,1,0,0,0,0,0,0,0,0,0,1,0,0,0,0,0,0,0,0
res_00000388_2,chatbot_extended,chatbot,0,0,1,0,0,High,Social Value,Social Value,,,,2,0,1,desktop,1,0,DEU,West_German,West,German,0,1,0,0,0,0,0,0,0,0,0,0,0,1,0,0,0,0,0,0
res_00000389_1,chatbot_extended,chatbot,0,0,0,1,0,Fat,Fitness,Fitness,,,,3,0,0,desktop,1,1,DEU,West_German,West,German,0,1,0,0,0,0,0,0,0,2,0,0,0,0,0,0,0,0,0,0
res_00000389_2,chatbot_extended,chatbot,0,1,0,0,0,Fit,Fitness,Fitness,,,,3,0,1,desktop,1,0,DEU,West_German,West,German,0,1,0,0,0,0,0,0,0,0,0,0,0,0,2,0,0,0,0,0
res_00000390_1,chatbot_extended,chatbot,0,1,0,1,0,Low,Social Value,Social Value,,,,5,0,0,desktop,1,1,DEU,West_German,West,German,2,0,0,0,0,0,0,0,1,0,0,2,0,0,0,0,0,0,0,0
res_00000390_2,chatbot_extended,chatbot,0,0,0,0,0,High,Social Value,Social Value,,,,5,0,1,desktop,1,0,DEU,West_German,West,German,0,0,1,0,0,0,0,0,0,0,0,0,2,2,0,0,0,0,0,0
res_00000391_1,chatbot_extended,chatbot,0,0,0,1,0,Pets,Species,Species,,,,3,0,1,desktop,1,1,DEU,West_German,West,German,0,0,0,0,0,0,0,0,0,0,0,0,0,0,0,0,0,0,2,1
res_00000391_2,chatbot_extended,chatbot,0,1,0,0,1,Hoomans,Species,Species,,,,3,0,0,desktop,1,0,DEU,West_German,West,German,0,0,0,0,0,0,1,1,0,0,0,0,0,1,0,0,0,0,0,0
res_00000392_1,chatbot_extended,chatbot,0,0,1,0,0,Young,Age,Age,,,,1,0,0,desktop,1,1,DEU,West_German,West,German,0,0,0,0,0,0,0,1,0,0,0,0,0,0,0,0,0,0,0,0
res_00000392_2,chatbot_extended,chatbot,0,1,1,0,0,Old,Age,Age,,,,1,0,1,desktop,1,0,DEU,West_German,West,German,0,1,0,0,0,0,0,0,0,0,0,0,0,0,0,0,0,0,0,0
res_00000393_1,chatbot_extended,chatbot,0,0,1,0,2,Female,Gender,Gender,,,,1,0,0,desktop,1,1,DEU,West_German,West,German,0,1,0,0,0,0,0,0,0,0,0,0,0,0,0,0,0,0,0,0
res_00000393_2,chatbot_extended,chatbot,0,1,1,0,1,Male,Gender,Gender,,,,1,0,1,desktop,1,0,DEU,West_German,West,German,1,0,0,0,0,0,0,0,0,0,0,0,0,0,0,0,0,0,0,0
res_00000394_1,chatbot_extended,chatbot,0,0,1,0,2,Young,Age,Age,,,,2,0,0,desktop,1,1,DEU,West_German,West,German,0,1,0,0,0,0,0,1,0,0,0,0,0,0,0,0,0,0,0,0
res_00000394_2,chatbot_extended,chatbot,0,1,1,0,1,Old,Age,Age,,,,2,0,1,desktop,1,0,DEU,West_German,West,German,0,1,0,0,0,1,0,0,0,0,0,0,0,0,0,0,0,0,0,0
res_00000395_1,chatbot_extended,chatbot,0,0,0,1,0,Less,Utilitarian,Utilitarian,,,,4,1,0,desktop,1,1,DEU,West_German,West,German,0,0,0,1,0,0,0,2,0,0,0,0,0,0,0,0,0,0,0,1
res_00000395_2,chatbot_extended,chatbot,0,1,0,0,1,More,Utilitarian,Utilitarian,,,,5,1,1,desktop,1,0,DEU,West_German,West,German,0,0,0,1,0,0,0,2,0,0,1,0,0,0,0,0,0,0,0,1
res_00000396_1,chatbot_extended,chatbot,0,0,0,1,0,Low,Social Value,Social Value,,,,2,0,0,desktop,1,1,DEU,West_German,West,German,1,0,0,0,0,0,0,0,1,0,0,0,0,0,0,0,0,0,0,0
res_00000396_2,chatbot_extended,chatbot,0,1,0,0,1,High,Social Value,Social Value,,,,2,0,1,desktop,1,0,DEU,West_German,West,German,0,0,0,0,0,0,0,0,0,0,0,0,0,1,0,0,0,1,0,0
res_00000397_1,chatbot_extended,chatbot,0,0,0,1,0,Male,Gender,Gender,,,,1,0,1,desktop,1,1,DEU,West_German,West,German,0,0,0,0,1,0,0,0,0,0,0,0,0,0,0,0,0,0,0,0
res_00000397_2,chatbot_extended,chatbot,0,1,0,0,1,Female,Gender,Gender,,,,1,0,0,desktop,1,0,DEU,West_German,West,German,0,0,0,0,0,1,0,0,0,0,0,0,0,0,0,0,0,0,0,0
res_00000398_1,chatbot_extended,chatbot,0,1,0,1,0,More,Utilitarian,Utilitarian,,,,5,3,0,desktop,1,1,DEU,West_German,West,German,0,0,0,0,0,0,0,1,1,1,0,0,1,0,0,1,0,0,0,0
res_00000398_2,chatbot_extended,chatbot,0,0,0,0,1,Less,Utilitarian,Utilitarian,,,,2,3,1,desktop,1,0,DEU,West_German,West,German,0,0,0,0,0,0,0,0,0,0,0,0,1,0,0,1,0,0,0,0
res_00000399_1,chatbot_extended,chatbot,0,0,1,0,1,Less,Utilitarian,Utilitarian,,,,3,2,0,desktop,1,1,DEU,West_German,West,German,0,0,0,1,0,0,0,0,1,0,0,0,0,0,0,0,0,0,1,0
res_00000399_2,chatbot_extended,chatbot,0,1,1,0,2,More,Utilitarian,Utilitarian,,,,5,2,1,desktop,1,0,DEU,West_German,West,German,0,0,0,1,0,0,0,0,1,1,1,0,0,0,0,0,0,0,1,0
res_00000400_1,chatbot_extended,chatbot,0,0,0,1,0,Hoomans,Species,Species,,,,3,0,0,desktop,1,1,GBR,West_British,West,British,1,1,0,0,0,0,0,0,0,0,0,0,0,0,0,0,1,0,0,0
res_00000400_2,chatbot_extended,chatbot,0,1,0,0,0,Pets,Species,Species,,,,3,0,1,desktop,1,0,GBR,West_British,West,British,0,0,0,0,0,0,0,0,0,0,0,0,0,0,0,0,0,0,1,2
res_00000401_1,chatbot_extended,chatbot,0,0,0,1,0,Male,Gender,Gender,,,,2,0,1,desktop,1,1,GBR,West_British,West,British,0,0,0,0,0,0,2,0,0,0,0,0,0,0,0,0,0,0,0,0
res_00000401_2,chatbot_extended,chatbot,0,1,0,0,2,Female,Gender,Gender,,,,2,0,0,desktop,1,0,GBR,West_British,West,British,0,0,0,0,0,0,0,2,0,0,0,0,0,0,0,0,0,0,0,0
res_00000402_1,chatbot_extended,chatbot,0,1,1,0,2,Young,Age,Age,,,,1,0,0,desktop,1,1,GBR,West_British,West,British,0,0,0,0,0,0,0,1,0,0,0,0,0,0,0,0,0,0,0,0
res_00000402_2,chatbot_extended,chatbot,0,0,1,0,1,Old,Age,Age,,,,1,0,1,desktop,1,0,GBR,West_British,West,British,0,1,0,0,0,0,0,0,0,0,0,0,0,0,0,0,0,0,0,0
res_00000403_1,chatbot_extended,chatbot,0,1,0,1,0,Pets,Species,Species,,,,1,0,1,desktop,1,1,GBR,West_British,West,British,0,0,0,0,0,0,0,0,0,0,0,0,0,0,0,0,0,0,1,0
res_00000403_2,chatbot_extended,chatbot,0,0,0,0,1,Hoomans,Species,Species,,,,1,0,0,desktop,1,0,GBR,West_British,West,British,0,0,0,0,0,1,0,0,0,0,0,0,0,0,0,0,0,0,0,0
res_00000404_1,chatbot_extended,chatbot,0,0,1,0,0,Hoomans,Species,Species,,,,2,0,0,desktop,1,1,GBR,West_British,West,British,0,0,0,0,0,0,0,0,0,0,0,1,0,0,1,0,0,0,0,0
res_00000404_2,chatbot_extended,chatbot,0,1,1,0,0,Pets,Species,Species,,,,2,0,1,desktop,1,0,GBR,West_British,West,British,0,0,0,0,0,0,0,0,0,0,0,0,0,0,0,0,0,0,1,1
res_00000405_1,chatbot_extended,chatbot,0,0,0,1,0,Fat,Fitness,Fitness,,,,5,0,0,desktop,1,1,GBR,West_British,West,British,1,2,0,0,0,0,0,0,0,1,1,0,0,0,0,0,0,0,0,0
res_00000405_2,chatbot_extended,chatbot,0,1,0,0,0,Fit,Fitness,Fitness,,,,5,0,1,desktop,1,0,GBR,West_British,West,British,0,0,0,0,0,0,0,0,0,0,0,0,0,0,3,2,0,0,0,0
res_00000406_1,chatbot_extended,chatbot,0,0,0,1,0,Old,Age,Age,,,,1,0,1,desktop,1,1,GBR,West_British,West,British,0,0,0,0,0,1,0,0,0,0,0,0,0,0,0,0,0,0,0,0
res_00000406_2,chatbot_extended,chatbot,0,1,0,0,1,Young,Age,Age,,,,1,0,0,desktop,1,0,GBR,West_British,West,British,0,0,0,0,0,0,0,1,0,0,0,0,0,0,0,0,0,0,0,0
res_00000407_1,chatbot_extended,chatbot,0,0,0,1,0,Fat,Fitness,Fitness,,,,4,0,0,desktop,1,1,GBR,West_British,West,British,1,1,0,0,0,0,0,0,0,1,1,0,0,0,0,0,0,0,0,0
res_00000407_2,chatbot_extended,chatbot,0,1,0,0,0,Fit,Fitness,Fitness,,,,4,0,1,desktop,1,0,GBR,West_British,West,British,1,1,0,0,0,0,0,0,0,0,0,0,0,0,1,1,0,0,0,0
res_00000408_1,chatbot_extended,chatbot,0,0,0,1,0,Hoomans,Species,Species,,,,5,0,0,desktop,1,1,GBR,West_British,West,British,0,1,0,0,0,1,0,0,1,1,0,0,0,0,1,0,0,0,0,0
res_00000408_2,chatbot_extended,chatbot,0,1,0,0,0,Pets,Species,Species,,,,5,0,1,desktop,1,0,GBR,West_British,West,British,0,0,0,0,0,0,0,0,0,0,0,0,0,0,0,0,0,0,3,2
res_00000409_1,chatbot_extended,chatbot,0,1,1,0,1,Less,Utilitarian,Utilitarian,,,,2,2,0,desktop,1,1,GBR,West_British,West,British,0,0,0,0,0,0,0,0,1,0,0,0,0,0,0,0,0,0,0,1
res_00000409_2,chatbot_extended,chatbot,0,0,1,0,2,More,Utilitarian,Utilitarian,,,,4,2,1,desktop,1,0,GBR,West_British,West,British,1,0,1,0,0,0,0,0,1,0,0,0,0,0,0,0,0,0,0,1
res_00000410_1,chatbot_extended,chatbot,0,0,1,0,0,Female,Gender,Gender,,,,4,0,0,desktop,1,1,GBR,West_British,West,British,0,1,0,0,0,0,0,0,0,1,0,0,0,2,0,0,0,0,0,0
res_00000410_2,chatbot_extended,chatbot,0,1,1,0,0,Male,Gender,Gender,,,,4,0,1,desktop,1,0,GBR,West_British,West,British,1,0,0,0,0,0,0,0,0,0,1,0,2,0,0,0,0,0,0,0
res_00000411_1,chatbot_extended,chatbot,0,0,0,1,0,Hoomans,Species,Species,,,,1,0,0,desktop,1,1,GBR,West_British,West,British,0,0,0,0,0,0,0,0,0,1,0,0,0,0,0,0,0,0,0,0
res_00000411_2,chatbot_extended,chatbot,0,1,0,0,0,Pets,Species,Species,,,,1,0,1,desktop,1,0,GBR,West_British,West,British,0,0,0,0,0,0,0,0,0,0,0,0,0,0,0,0,0,0,0,1
res_00000412_1,chatbot_extended,chatbot,0,0,1,0,0,Hoomans,Species,Species,,,,1,0,0,desktop,1,1,GBR,West_British,West,British,0,0,0,0,0,0,0,0,0,0,0,0,0,1,0,0,0,0,0,0
res_00000412_2,chatbot_extended,chatbot,0,1,1,0,0,Pets,Species,Species,,,,1,0,1,desktop,1,0,GBR,West_British,West,British,0,0,0,0,0,0,0,0,0,0,0,0,0,0,0,0,0,0,0,1
res_00000413_1,chatbot_extended,chatbot,0,0,1,0,1,Female,Gender,Gender,,,,2,0,0,desktop,1,1,GBR,West_British,West,British,0,0,0,0,0,0,0,1,0,0,0,0,0,0,0,0,1,0,0,0
res_00000413_2,chatbot_extended,chatbot,0,1,1,0,2,Male,Gender,Gender,,,,2,0,1,desktop,1,0,GBR,West_British,West,British,0,0,0,0,0,0,1,0,0,0,0,0,0,0,0,0,0,1,0,0
res_00000414_1,chatbot_extended,chatbot,0,1,0,1,0,Less,Utilitarian,Utilitarian,,,,4,1,0,desktop,1,1,GBR,West_British,West,British,0,0,1,0,0,0,0,0,0,0,1,0,0,1,0,0,0,0,1,0
res_00000414_2,chatbot_extended,chatbot,0,0,0,0,1,More,Utilitarian,Utilitarian,,,,5,1,1,desktop,1,0,GBR,West_British,West,British,0,0,1,0,0,0,0,1,0,0,1,0,0,1,0,0,0,0,1,0
res_00000415_1,chatbot_extended,chatbot,0,0,1,0,2,Fat,Fitness,Fitness,,,,2,0,0,desktop,1,1,GBR,West_British,West,British,1,0,0,0,0,0,0,0,0,0,1,0,0,0,0,0,0,0,0,0
res_00000415_2,chatbot_extended,chatbot,0,1,1,0,1,Fit,Fitness,Fitness,,,,2,0,1,desktop,1,0,GBR,West_British,West,British,1,0,0,0,0,0,0,0,0,0,0,0,0,0,0,1,0,0,0,0
res_00000416_1,chatbot_extended,chatbot,0,0,0,1,0,Female,Gender,Gender,,,,5,0,0,desktop,1,1,GBR,West_British,West,British,0,1,0,0,0,0,0,2,0,2,0,0,0,0,0,0,0,0,0,0
res_00000416_2,chatbot_extended,chatbot,0,1,0,0,1,Male,Gender,Gender,,,,5,0,1,desktop,1,0,GBR,West_British,West,British,1,0,0,0,0,0,2,0,0,0,2,0,0,0,0,0,0,0,0,0
res_00000417_1,chatbot_extended,chatbot,0,1,1,0,1,Female,Gender,Gender,,,,2,0,0,desktop,1,1,GBR,West_British,West,British,0,0,0,0,0,1,0,0,0,0,0,0,0,0,0,0,1,0,0,0
res_00000417_2,chatbot_extended,chatbot,0,0,1,0,2,Male,Gender,Gender,,,,2,0,1,desktop,1,0,GBR,West_British,West,British,0,0,0,0,1,0,0,0,0,0,0,0,0,0,0,0,0,1,0,0
res_00000418_1,chatbot_extended,chatbot,0,1,0,1,0,Low,Social Value,Social Value,,,,3,0,0,desktop,1,1,GBR,West_British,West,British,0,0,0,0,0,0,0,0,0,0,0,3,0,0,0,0,0,0,0,0
res_00000418_2,chatbot_extended,chatbot,0,0,0,0,1,High,Social Value,Social Value,,,,3,0,1,desktop,1,0,GBR,West_British,West,British,0,1,0,0,0,0,0,0,0,0,0,0,0,1,0,0,0,1,0,0
res_00000419_1,chatbot_extended,chatbot,0,1,1,0,0,Fat,Fitness,Fitness,,,,4,0,0,desktop,1,1,GBR,West_British,West,British,0,1,0,0,0,0,0,0,0,1,2,0,0,0,0,0,0,0,0,0
res_00000419_2,chatbot_extended,chatbot,0,0,1,0,0,Fit,Fitness,Fitness,,,,4,0,1,desktop,1,0,GBR,West_British,West,British,0,1,0,0,0,0,0,0,0,0,0,0,0,0,1,2,0,0,0,0
res_00000420_1,chatbot_extended,chatbot,0,0,1,0,2,Young,Age,Age,,,,5,0,0,desktop,1,1,GBR,West_British,West,British,0,2,0,0,0,0,2,1,0,0,0,0,0,0,0,0,0,0,0,0
res_00000420_2,chatbot_extended,chatbot,0,1,1,0,1,Old,Age,Age,,,,5,0,1,desktop,1,0,GBR,West_British,West,British,1,0,0,0,1,3,0,0,0,0,0,0,0,0,0,0,0,0,0,0
res_00000421_1,chatbot_extended,chatbot,0,1,0,1,0,Less,Utilitarian,Utilitarian,,,,4,1,0,desktop,1,1,GBR,West_British,West,British,0,0,0,0,0,0,0,2,1,0,0,0,0,1,0,0,0,0,0,0
res_00000421_2,chatbot_extended,chatbot,0,0,0,0,0,More,Utilitarian,Utilitarian,,,,5,1,1,desktop,1,0,GBR,West_British,West,British,0,0,0,0,0,0,1,2,1,0,0,0,0,1,0,0,0,0,0,0
res_00000422_1,chatbot_extended,chatbot,0,0,0,1,0,High,Social Value,Social Value,,,,4,0,0,desktop,1,1,GBR,West_British,West,British,0,1,0,0,0,0,0,0,0,0,0,0,1,1,0,0,0,1,0,0
res_00000422_2,chatbot_extended,chatbot,0,1,0,0,0,Low,Social Value,Social Value,,,,4,0,1,desktop,1,0,GBR,West_British,West,British,0,2,0,0,0,0,0,0,1,0,0,1,0,0,0,0,0,0,0,0
res_00000423_1,chatbot_extended,chatbot,0,1,1,0,0,Female,Gender,Gender,,,,1,0,0,desktop,1,1,GBR,West_British,West,British,0,0,0,0,0,0,0,0,0,0,0,0,0,0,0,0,1,0,0,0
res_00000423_2,chatbot_extended,chatbot,0,0,1,0,0,Male,Gender,Gender,,,,1,0,1,desktop,1,0,GBR,West_British,West,British,0,0,0,0,0,0,0,0,0,0,0,0,0,0,0,0,0,1,0,0
res_00000424_1,chatbot_extended,chatbot,0,0,1,0,2,Hoomans,Species,Species,,,,4,0,0,desktop,1,1,GBR,West_British,West,British,0,0,0,0,0,1,0,0,0,0,1,1,0,0,0,0,0,1,0,0
res_00000424_2,chatbot_extended,chatbot,0,1,1,0,1,Pets,Species,Species,,,,4,0,1,desktop,1,0,GBR,West_British,West,British,0,0,0,0,0,0,0,0,0,0,0,0,0,0,0,0,0,0,2,2
res_00000425_1,chatbot_extended,chatbot,0,0,0,1,0,Fit,Fitness,Fitness,,,,5,0,1,desktop,1,1,GBR,West_British,West,British,2,0,0,0,0,0,0,0,0,0,0,0,0,0,2,1,0,0,0,0
res_00000425_2,chatbot_extended,chatbot,0,1,0,0,0,Fat,Fitness,Fitness,,,,5,0,0,desktop,1,0,GBR,West_British,West,British,1,1,0,0,0,0,0,0,0,1,2,0,0,0,0,0,0,0,0,0
res_00000426_1,chatbot_extended,chatbot,0,1,1,0,1,Young,Age,Age,,,,4,0,0,desktop,1,1,GBR,West_British,West,British,0,0,0,0,0,0,1,3,0,0,0,0,0,0,0,0,0,0,0,0
res_00000426_2,chatbot_extended,chatbot,0,0,1,0,2,Old,Age,Age,,,,4,0,1,desktop,1,0,GBR,West_British,West,British,1,0,0,0,0,3,0,0,0,0,0,0,0,0,0,0,0,0,0,0
res_00000427_1,chatbot_extended,chatbot,0,0,0,1,0,Young,Age,Age,,,,4,0,1,desktop,1,1,GBR,West_British,West,British,0,0,0,0,0,0,0,4,0,0,0,0,0,0,0,0,0,0,0,0
res_00000427_2,chatbot_extended,chatbot,0,1,0,0,0,Old,Age,Age,,,,4,0,0,desktop,1,0,GBR,West_British,West,British,0,2,0,0,0,2,0,0,0,0,0,0,0,0,0,0,0,0,0,0
res_00000428_1,chatbot_extended,chatbot,0,0,0,1,0,Male,Gender,Gender,,,,4,0,0,desktop,1,1,GBR,West_British,West,British,0,0,0,0,3,0,0,0,0,0,0,0,1,0,0,0,0,0,0,0
res_00000428_2,chatbot_extended,chatbot,0,1,0,0,2,Female,Gender,Gender,,,,4,0,1,desktop,1,0,GBR,West_British,West,British,0,0,0,0,0,3,0,0,0,0,0,0,0,1,0,0,0,0,0,0
res_00000429_1,chatbot_extended,chatbot,0,1,1,0,2,Young,Age,Age,,,,1,0,0,desktop,1,1,GBR,West_British,West,British,1,0,0,0,0,0,0,0,0,0,0,0,0,0,0,0,0,0,0,0
res_00000429_2,chatbot_extended,chatbot,0,0,1,0,1,Old,Age,Age,,,,1,0,1,desktop,1,0,GBR,West_British,West,British,0,0,0,0,1,0,0,0,0,0,0,0,0,0,0,0,0,0,0,0
res_00000430_1,chatbot_extended,chatbot,0,1,1,0,0,Fat,Fitness,Fitness,,,,4,0,0,desktop,1,1,GBR,West_British,West,British,1,1,0,0,0,0,0,0,0,0,2,0,0,0,0,0,0,0,0,0
res_00000430_2,chatbot_extended,chatbot,0,0,1,0,0,Fit,Fitness,Fitness,,,,4,0,1,desktop,1,0,GBR,West_British,West,British,1,0,0,0,0,0,0,0,0,0,0,0,0,0,1,2,0,0,0,0
res_00000431_1,chatbot_extended,chatbot,0,1,1,0,1,Female,Gender,Gender,,,,2,0,0,desktop,1,1,GBR,West_British,West,British,0,0,0,0,0,0,0,0,0,0,0,0,0,0,0,0,2,0,0,0
res_00000431_2,chatbot_extended,chatbot,0,0,1,0,2,Male,Gender,Gender,,,,2,0,1,desktop,1,0,GBR,West_British,West,British,0,0,0,0,0,0,0,0,0,0,0,0,0,0,0,0,0,2,0,0
res_00000432_1,chatbot_extended,chatbot,0,1,1,0,2,Low,Social Value,Social Value,,,,1,0,0,desktop,1,1,GBR,West_British,West,British,0,0,0,0,0,0,0,0,0,0,0,1,0,0,0,0,0,0,0,0
res_00000432_2,chatbot_extended,chatbot,0,0,1,0,1,High,Social Value,Social Value,,,,1,0,1,desktop,1,0,GBR,West_British,West,British,0,0,1,0,0,0,0,0,0,0,0,0,0,0,0,0,0,0,0,0
res_00000433_1,chatbot_extended,chatbot,0,1,1,0,0,Hoomans,Species,Species,,,,2,0,0,desktop,1,1,GBR,West_British,West,British,0,0,0,0,0,2,0,0,0,0,0,0,0,0,0,0,0,0,0,0
res_00000433_2,chatbot_extended,chatbot,0,0,1,0,0,Pets,Species,Species,,,,2,0,1,desktop,1,0,GBR,West_British,West,British,0,0,0,0,0,0,0,0,0,0,0,0,0,0,0,0,0,0,2,0
res_00000434_1,chatbot_extended,chatbot,0,0,0,1,0,Less,Utilitarian,Utilitarian,,,,3,2,0,desktop,1,1,GBR,West_British,West,British,0,0,0,0,0,0,0,0,1,1,0,0,0,0,0,1,0,0,0,0
res_00000434_2,chatbot_extended,chatbot,0,1,0,0,2,More,Utilitarian,Utilitarian,,,,5,2,1,desktop,1,0,GBR,West_British,West,British,0,0,0,1,0,0,0,1,1,1,0,0,0,0,0,1,0,0,0,0
res_00000435_1,chatbot_extended,chatbot,0,1,1,0,2,Female,Gender,Gender,,,,2,0,0,desktop,1,1,GBR,West_British,West,British,0,1,0,0,0,0,0,0,0,0,0,0,0,0,0,0,1,0,0,0
res_00000435_2,chatbot_extended,chatbot,0,0,1,0,1,Male,Gender,Gender,,,,2,0,1,desktop,1,0,GBR,West_British,West,British,1,0,0,0,0,0,0,0,0,0,0,0,0,0,0,0,0,1,0,0
res_00000436_1,chatbot_extended,chatbot,0,0,1,0,0,Young,Age,Age,,,,2,0,0,desktop,1,1,GBR,West_British,West,British,1,0,0,0,0,0,1,0,0,0,0,0,0,0,0,0,0,0,0,0
res_00000436_2,chatbot_extended,chatbot,0,1,1,0,0,Old,Age,Age,,,,2,0,1,desktop,1,0,GBR,West_British,West,British,1,0,0,0,1,0,0,0,0,0,0,0,0,0,0,0,0,0,0,0
res_00000437_1,chatbot_extended,chatbot,0,1,1,0,1,Fat,Fitness,Fitness,,,,2,0,1,desktop,1,1,GBR,West_British,West,British,0,0,0,0,0,0,0,0,0,2,0,0,0,0,0,0,0,0,0,0
res_00000437_2,chatbot_extended,chatbot,0,0,1,0,2,Fit,Fitness,Fitness,,,,2,0,0,desktop,1,0,GBR,West_British,West,British,0,1,0,0,0,0,0,0,0,0,0,0,0,0,1,0,0,0,0,0
res_00000438_1,chatbot_extended,chatbot,0,1,0,1,0,High,Social Value,Social Value,,,,3,0,0,desktop,1,1,GBR,West_British,West,British,1,0,0,0,0,0,0,0,0,0,0,0,0,0,0,0,2,0,0,0
res_00000438_2,chatbot_extended,chatbot,0,0,0,0,2,Low,Social Value,Social Value,,,,3,0,1,desktop,1,0,GBR,West_British,West,British,0,1,0,0,0,0,0,0,1,0,0,1,0,0,0,0,0,0,0,0
res_00000439_1,chatbot_extended,chatbot,0,1,1,0,1,Low,Social Value,Social Value,,,,2,0,0,desktop,1,1,GBR,West_British,West,British,0,0,0,0,0,0,0,0,2,0,0,0,0,0,0,0,0,0,0,0
res_00000439_2,chatbot_extended,chatbot,0,0,1,0,2,High,Social Value,Social Value,,,,2,0,1,desktop,1,0,GBR,West_British,West,British,0,0,0,0,0,0,0,0,0,0,0,0,0,1,0,0,0,1,0,0
res_00000440_1,chatbot_extended,chatbot,0,0,1,0,2,Low,Social Value,Social Value,,,,1,0,0,desktop,1,1,GBR,West_British,West,British,0,0,0,0,0,0,0,0,1,0,0,0,0,0,0,0,0,0,0,0
res_00000440_2,chatbot_extended,chatbot,0,1,1,0,1,High,Social Value,Social Value,,,,1,0,1,desktop,1,0,GBR,West_British,West,British,0,0,0,0,0,0,0,0,0,0,0,0,0,1,0,0,0,0,0,0
res_00000441_1,chatbot_extended,chatbot,0,0,1,0,1,Less,Utilitarian,Utilitarian,,,,1,1,0,desktop,1,1,GBR,West_British,West,British,0,1,0,0,0,0,0,0,0,0,0,0,0,0,0,0,0,0,0,0
res_00000441_2,chatbot_extended,chatbot,0,1,1,0,2,More,Utilitarian,Utilitarian,,,,2,1,1,desktop,1,0,GBR,West_British,West,British,0,1,1,0,0,0,0,0,0,0,0,0,0,0,0,0,0,0,0,0
res_00000442_1,chatbot_extended,chatbot,0,1,0,1,0,High,Social Value,Social Value,,,,4,0,0,desktop,1,1,GBR,West_British,West,British,0,1,0,0,0,0,0,0,0,0,0,0,0,1,0,0,1,1,0,0
res_00000442_2,chatbot_extended,chatbot,0,0,0,0,0,Low,Social Value,Social Value,,,,4,0,1,desktop,1,0,GBR,West_British,West,British,1,1,0,0,0,0,0,0,1,0,0,1,0,0,0,0,0,0,0,0
res_00000443_1,chatbot_extended,chatbot,0,0,1,0,0,Hoomans,Species,Species,,,,1,0,0,desktop,1,1,GBR,West_British,West,British,0,0,0,0,0,0,0,0,0,0,0,0,0,0,1,0,0,0,0,0
res_00000443_2,chatbot_extended,chatbot,0,1,1,0,0,Pets,Species,Species,,,,1,0,1,desktop,1,0,GBR,West_British,West,British,0,0,0,0,0,0,0,0,0,0,0,0,0,0,0,0,0,0,1,0
res_00000444_1,chatbot_extended,chatbot,0,1,1,0,1,Fat,Fitness,Fitness,,,,4,0,0,desktop,1,1,GBR,West_British,West,British,1,1,0,0,0,0,0,0,0,0,2,0,0,0,0,0,0,0,0,0
res_00000444_2,chatbot_extended,chatbot,0,0,1,0,2,Fit,Fitness,Fitness,,,,4,0,1,desktop,1,0,GBR,West_British,West,British,1,0,0,0,0,0,0,0,0,0,0,0,0,0,1,2,0,0,0,0
res_00000445_1,chatbot_extended,chatbot,0,1,0,1,0,Less,Utilitarian,Utilitarian,,,,3,1,0,desktop,1,1,GBR,West_British,West,British,0,0,0,0,0,0,0,0,1,1,0,0,0,1,0,0,0,0,0,0
res_00000445_2,chatbot_extended,chatbot,0,0,0,0,1,More,Utilitarian,Utilitarian,,,,4,1,1,desktop,1,0,GBR,West_British,West,British,0,0,0,0,0,0,0,1,1,1,0,0,0,1,0,0,0,0,0,0
res_00000446_1,chatbot_extended,chatbot,0,1,0,1,0,More,Utilitarian,Utilitarian,,,,5,3,1,desktop,1,1,GBR,West_British,West,British,0,0,3,0,0,0,0,0,0,0,0,0,0,0,0,0,0,0,1,1
res_00000446_2,chatbot_extended,chatbot,0,0,0,0,0,Less,Utilitarian,Utilitarian,,,,2,3,0,desktop,1,0,GBR,West_British,West,British,0,0,1,0,0,0,0,0,0,0,0,0,0,0,0,0,0,0,0,1
res_00000447_1,chatbot_extended,chatbot,0,0,0,1,0,Female,Gender,Gender,,,,4,0,0,desktop,1,1,GBR,West_British,West,British,0,1,0,0,0,1,0,0,0,0,0,0,0,0,1,0,1,0,0,0
res_00000447_2,chatbot_extended,chatbot,0,1,0,0,0,Male,Gender,Gender,,,,4,0,1,desktop,1,0,GBR,West_British,West,British,1,0,0,0,1,0,0,0,0,0,0,0,0,0,0,1,0,1,0,0
res_00000448_1,chatbot_extended,chatbot,0,0,1,0,0,Hoomans,Species,Species,,,,4,0,0,desktop,1,1,GBR,West_British,West,British,1,0,0,0,0,0,0,0,0,0,0,1,0,0,0,1,0,1,0,0
res_00000448_2,chatbot_extended,chatbot,0,1,1,0,0,Pets,Species,Species,,,,4,0,1,desktop,1,0,GBR,West_British,West,British,0,0,0,0,0,0,0,0,0,0,0,0,0,0,0,0,0,0,4,0
res_00000449_1,chatbot_extended,chatbot,0,0,1,0,1,Young,Age,Age,,,,2,0,0,desktop,1,1,GBR,West_British,West,British,2,0,0,0,0,0,0,0,0,0,0,0,0,0,0,0,0,0,0,0
res_00000449_2,chatbot_extended,chatbot,0,1,1,0,2,Old,Age,Age,,,,2,0,1,desktop,1,0,GBR,West_British,West,British,0,0,0,0,2,0,0,0,0,0,0,0,0,0,0,0,0,0,0,0
res_00000450_1,chatbot_extended,chatbot,0,1,0,1,0,Young,Age,Age,,,,5,0,0,desktop,1,1,GBR,West_British,West,British,0,0,0,0,0,0,2,3,0,0,0,0,0,0,0,0,0,0,0,0
res_00000450_2,chatbot_extended,chatbot,0,0,0,0,2,Old,Age,Age,,,,5,0,1,desktop,1,0,GBR,West_British,West,British,1,2,0,0,1,1,0,0,0,0,0,0,0,0,0,0,0,0,0,0
res_00000451_1,chatbot_extended,chatbot,0,0,0,1,0,Old,Age,Age,,,,3,0,0,desktop,1,1,GBR,West_British,West,British,0,1,0,0,0,2,0,0,0,0,0,0,0,0,0,0,0,0,0,0
res_00000451_2,chatbot_extended,chatbot,0,1,0,0,2,Young,Age,Age,,,,3,0,1,desktop,1,0,GBR,West_British,West,British,0,2,0,0,0,0,0,1,0,0,0,0,0,0,0,0,0,0,0,0
res_00000452_1,chatbot_extended,chatbot,0,0,0,1,0,Low,Social Value,Social Value,,,,1,0,1,desktop,1,1,GBR,West_British,West,British,0,0,0,0,0,0,0,0,0,0,0,1,0,0,0,0,0,0,0,0
res_00000452_2,chatbot_extended,chatbot,0,1,0,0,0,High,Social Value,Social Value,,,,1,0,0,desktop,1,0,GBR,West_British,West,British,1,0,0,0,0,0,0,0,0,0,0,0,0,0,0,0,0,0,0,0
res_00000453_1,chatbot_extended,chatbot,0,1,0,1,0,Low,Social Value,Social Value,,,,1,0,0,desktop,1,1,GBR,West_British,West,British,0,0,0,0,0,0,0,0,0,0,0,1,0,0,0,0,0,0,0,0
res_00000453_2,chatbot_extended,chatbot,0,0,0,0,2,High,Social Value,Social Value,,,,1,0,1,desktop,1,0,GBR,West_British,West,British,1,0,0,0,0,0,0,0,0,0,0,0,0,0,0,0,0,0,0,0
res_00000454_1,chatbot_extended,chatbot,0,0,0,1,0,Old,Age,Age,,,,1,0,1,desktop,1,1,GBR,West_British,West,British,0,0,0,0,1,0,0,0,0,0,0,0,0,0,0,0,0,0,0,0
res_00000454_2,chatbot_extended,chatbot,0,1,0,0,1,Young,Age,Age,,,,1,0,0,desktop,1,0,GBR,West_British,West,British,1,0,0,0,0,0,0,0,0,0,0,0,0,0,0,0,0,0,0,0
res_00000455_1,chatbot_extended,chatbot,0,1,0,1,0,Hoomans,Species,Species,,,,4,0,0,desktop,1,1,GBR,West_British,West,British,0,0,0,0,0,0,1,0,0,0,0,1,0,0,1,1,0,0,0,0
res_00000455_2,chatbot_extended,chatbot,0,0,0,0,2,Pets,Species,Species,,,,4,0,1,desktop,1,0,GBR,West_British,West,British,0,0,0,0,0,0,0,0,0,0,0,0,0,0,0,0,0,0,3,1
res_00000456_1,chatbot_extended,chatbot,0,1,0,1,0,Less,Utilitarian,Utilitarian,,,,2,1,0,desktop,1,1,GBR,West_British,West,British,0,0,0,1,0,0,0,0,0,0,0,0,0,0,0,0,1,0,0,0
res_00000456_2,chatbot_extended,chatbot,0,0,0,0,1,More,Utilitarian,Utilitarian,,,,3,1,1,desktop,1,0,GBR,West_British,West,British,0,0,0,1,0,0,0,0,0,0,0,0,0,0,0,1,1,0,0,0
res_00000457_1,chatbot_extended,chatbot,0,0,1,0,0,Less,Utilitarian,Utilitarian,,,,2,3,0,desktop,1,1,GBR,West_British,West,British,0,0,0,0,0,0,0,0,0,0,1,0,0,0,0,0,1,0,0,0
res_00000457_2,chatbot_extended,chatbot,0,1,1,0,0,More,Utilitarian,Utilitarian,,,,5,3,1,desktop,1,0,GBR,West_British,West,British,1,1,0,0,0,0,0,0,0,0,1,0,0,0,0,0,1,1,0,0
res_00000458_1,chatbot_extended,chatbot,0,1,0,1,0,Fit,Fitness,Fitness,,,,2,0,1,desktop,1,1,GBR,West_British,West,British,0,0,0,0,0,0,0,0,0,0,0,0,0,0,1,1,0,0,0,0
res_00000458_2,chatbot_extended,chatbot,0,0,0,0,0,Fat,Fitness,Fitness,,,,2,0,0,desktop,1,0,GBR,West_British,West,British,0,1,0,0,0,0,0,0,0,0,1,0,0,0,0,0,0,0,0,0
res_00000459_1,chatbot_extended,chatbot,0,0,1,0,0,Female,Gender,Gender,,,,3,0,0,desktop,1,1,GBR,West_British,West,British,0,0,0,0,0,0,0,0,0,0,0,0,0,0,2,0,1,0,0,0
res_00000459_2,chatbot_extended,chatbot,0,1,1,0,0,Male,Gender,Gender,,,,3,0,1,desktop,1,0,GBR,West_British,West,British,0,0,0,0,0,0,0,0,0,0,0,0,0,0,0,2,0,1,0,0
res_00000460_1,chatbot_extended,chatbot,0,0,0,1,0,Less,Utilitarian,Utilitarian,,,,1,1,0,desktop,1,1,GBR,West_British,West,British,0,0,0,0,0,0,0,1,0,0,0,0,0,0,0,0,0,0,0,0
res_00000460_2,chatbot_extended,chatbot,0,1,0,0,1,More,Utilitarian,Utilitarian,,,,2,1,1,desktop,1,0,GBR,West_British,West,British,0,0,0,0,0,0,0,1,0,1,0,0,0,0,0,0,0,0,0,0
res_00000461_1,chatbot_extended,chatbot,0,1,0,1,0,Hoomans,Species,Species,,,,2,0,0,desktop,1,1,GBR,West_British,West,British,0,0,0,0,0,0,0,0,0,1,0,0,1,0,0,0,0,0,0,0
res_00000461_2,chatbot_extended,chatbot,0,0,0,0,0,Pets,Species,Species,,,,2,0,1,desktop,1,0,GBR,West_British,West,British,0,0,0,0,0,0,0,0,0,0,0,0,0,0,0,0,0,0,1,1
res_00000462_1,chatbot_extended,chatbot,0,1,1,0,0,Young,Age,Age,,,,3,0,0,desktop,1,1,GBR,West_British,West,British,1,1,0,0,0,0,0,1,0,0,0,0,0,0,0,0,0,0,0,0
res_00000462_2,chatbot_extended,chatbot,0,0,1,0,0,Old,Age,Age,,,,3,0,1,desktop,1,0,GBR,West_British,West,British,0,0,0,0,1,2,0,0,0,0,0,0,0,0,0,0,0,0,0,0
res_00000463_1,chatbot_extended,chatbot,0,0,1,0,0,Less,Utilitarian,Utilitarian,,,,2,1,0,desktop,1,1,GBR,West_British,West,British,0,0,0,0,1,0,0,0,0,0,0,0,0,0,1,0,0,0,0,0
res_00000463_2,chatbot_extended,chatbot,0,1,1,0,0,More,Utilitarian,Utilitarian,,,,3,1,1,desktop,1,0,GBR,West_British,West,British,0,0,0,0,1,0,0,0,0,0,0,0,0,1,1,0,0,0,0,0
res_00000464_1,chatbot_extended,chatbot,0,1,1,0,1,Less,Utilitarian,Utilitarian,,,,2,3,0,desktop,1,1,GBR,West_British,West,British,0,0,1,0,0,0,0,0,0,0,0,0,1,0,0,0,0,0,0,0
res_00000464_2,chatbot_extended,chatbot,0,0,1,0,2,More,Utilitarian,Utilitarian,,,,5,3,1,desktop,1,0,GBR,West_British,West,British,0,0,1,1,0,0,0,0,0,0,0,0,1,1,1,0,0,0,0,0
res_00000465_1,chatbot_extended,chatbot,0,1,1,0,1,Young,Age,Age,,,,3,0,0,desktop,1,1,GBR,West_British,West,British,1,1,0,0,0,0,1,0,0,0,0,0,0,0,0,0,0,0,0,0
res_00000465_2,chatbot_extended,chatbot,0,0,1,0,2,Old,Age,Age,,,,3,0,1,desktop,1,0,GBR,West_British,West,British,0,0,0,0,2,1,0,0,0,0,0,0,0,0,0,0,0,0,0,0
res_00000466_1,chatbot_extended,chatbot,0,0,1,0,0,Young,Age,Age,,,,1,0,0,desktop,1,1,GBR,West_British,West,British,0,1,0,0,0,0,0,0,0,0,0,0,0,0,0,0,0,0,0,0
res_00000466_2,chatbot_extended,chatbot,0,1,1,0,0,Old,Age,Age,,,,1,0,1,desktop,1,0,GBR,West_British,West,British,0,0,0,0,0,1,0,0,0,0,0,0,0,0,0,0,0,0,0,0
res_00000467_1,chatbot_extended,chatbot,0,1,1,0,0,Young,Age,Age,,,,4,0,0,desktop,1,1,GBR,West_British,West,British,1,0,0,0,0,0,2,1,0,0,0,0,0,0,0,0,0,0,0,0
res_00000467_2,chatbot_extended,chatbot,0,0,1,0,0,Old,Age,Age,,,,4,0,1,desktop,1,0,GBR,West_British,West,British,2,0,0,0,1,1,0,0,0,0,0,0,0,0,0,0,0,0,0,0
res_00000468_1,chatbot_extended,chatbot,0,0,1,0,2,Low,Social Value,Social Value,,,,1,0,0,desktop,1,1,GBR,West_British,West,British,0,0,0,0,0,0,0,0,1,0,0,0,0,0,0,0,0,0,0,0
res_00000468_2,chatbot_extended,chatbot,0,1,1,0,1,High,Social Value,Social Value,,,,1,0,1,desktop,1,0,GBR,West_British,West,British,0,0,0,0,0,0,0,0,0,0,0,0,1,0,0,0,0,0,0,0
res_00000469_1,chatbot_extended,chatbot,0,0,1,0,2,Less,Utilitarian,Utilitarian,,,,3,2,0,desktop,1,1,GBR,West_British,West,British,0,0,0,0,0,1,0,0,0,0,0,0,0,0,0,0,0,0,2,0
res_00000469_2,chatbot_extended,chatbot,0,1,1,0,1,More,Utilitarian,Utilitarian,,,,5,2,1,desktop,1,0,GBR,West_British,West,British,0,0,0,0,0,1,0,0,0,0,1,0,0,1,0,0,0,0,2,0
res_00000470_1,chatbot_extended,chatbot,0,1,0,1,0,Pets,Species,Species,,,,5,0,1,desktop,1,1,GBR,West_British,West,British,0,0,0,0,0,0,0,0,0,0,0,0,0,0,0,0,0,0,2,3
res_00000470_2,chatbot_extended,chatbot,0,0,0,0,1,Hoomans,Species,Species,,,,5,0,0,desktop,1,0,GBR,West_British,West,British,0,1,0,1,0,0,0,1,1,0,0,0,1,0,0,0,0,0,0,0
res_00000471_1,chatbot_extended,chatbot,0,0,0,1,0,Young,Age,Age,,,,1,0,1,desktop,1,1,GBR,West_British,West,British,1,0,0,0,0,0,0,0,0,0,0,0,0,0,0,0,0,0,0,0
res_00000471_2,chatbot_extended,chatbot,0,1,0,0,0,Old,Age,Age,,,,1,0,0,desktop,1,0,GBR,West_British,West,British,0,0,0,0,1,0,0,0,0,0,0,0,0,0,0,0,0,0,0,0
res_00000472_1,chatbot_extended,chatbot,0,1,1,0,1,Hoomans,Species,Species,,,,1,0,0,desktop,1,1,GBR,West_British,West,British,0,0,0,0,0,0,1,0,0,0,0,0,0,0,0,0,0,0,0,0
res_00000472_2,chatbot_extended,chatbot,0,0,1,0,2,Pets,Species,Species,,,,1,0,1,desktop,1,0,GBR,West_British,West,British,0,0,0,0,0,0,0,0,0,0,0,0,0,0,0,0,0,0,0,1
res_00000473_1,chatbot_extended,chatbot,0,0,1,0,0,Hoomans,Species,Species,,,,4,0,0,desktop,1,1,GBR,West_British,West,British,0,1,0,0,0,1,0,1,0,0,0,0,1,0,0,0,0,0,0,0
res_00000473_2,chatbot_extended,chatbot,0,1,1,0,0,Pets,Species,Species,,,,4,0,1,desktop,1,0,GBR,West_British,West,British,0,0,0,0,0,0,0,0,0,0,0,0,0,0,0,0,0,0,2,2
res_00000474_1,chatbot_extended,chatbot,0,0,1,0,0,Fat,Fitness,Fitness,,,,3,0,0,desktop,1,1,GBR,West_British,West,British,1,0,0,0,0,0,0,0,0,2,0,0,0,0,0,0,0,0,0,0
res_00000474_2,chatbot_extended,chatbot,0,1,1,0,0,Fit,Fitness,Fitness,,,,3,0,1,desktop,1,0,GBR,West_British,West,British,0,2,0,0,0,0,0,0,0,0,0,0,0,0,0,1,0,0,0,0
res_00000475_1,chatbot_extended,chatbot,0,0,1,0,0,Hoomans,Species,Species,,,,1,0,0,desktop,1,1,GBR,West_British,West,British,0,0,0,0,0,0,0,0,0,0,0,0,0,0,1,0,0,0,0,0
res_00000475_2,chatbot_extended,chatbot,0,1,1,0,0,Pets,Species,Species,,,,1,0,1,desktop,1,0,GBR,West_British,West,British,0,0,0,0,0,0,0,0,0,0,0,0,0,0,0,0,0,0,0,1
res_00000476_1,chatbot_extended,chatbot,0,0,1,0,1,Female,Gender,Gender,,,,3,0,0,desktop,1,1,GBR,West_British,West,British,0,0,0,0,0,0,0,1,0,1,0,0,0,1,0,0,0,0,0,0
res_00000476_2,chatbot_extended,chatbot,0,1,1,0,2,Male,Gender,Gender,,,,3,0,1,desktop,1,0,GBR,West_British,West,British,0,0,0,0,0,0,1,0,0,0,1,0,1,0,0,0,0,0,0,0
res_00000477_1,chatbot_extended,chatbot,0,1,1,0,2,Low,Social Value,Social Value,,,,4,0,0,desktop,1,1,GBR,West_British,West,British,0,2,0,0,0,0,0,0,1,0,0,1,0,0,0,0,0,0,0,0
res_00000477_2,chatbot_extended,chatbot,0,0,1,0,1,High,Social Value,Social Value,,,,4,0,1,desktop,1,0,GBR,West_British,West,British,0,2,1,0,0,0,0,0,0,0,0,0,0,0,0,0,1,0,0,0
res_00000478_1,chatbot_extended,chatbot,0,0,1,0,0,Female,Gender,Gender,,,,3,0,0,desktop,1,1,GBR,West_British,West,British,0,1,0,0,0,0,0,0,0,1,0,0,0,0,0,0,1,0,0,0
res_00000478_2,chatbot_extended,chatbot,0,1,1,0,0,Male,Gender,Gender,,,,3,0,1,desktop,1,0,GBR,West_British,West,British,1,0,0,0,0,0,0,0,0,0,1,0,0,0,0,0,0,1,0,0
res_00000479_1,chatbot_extended,chatbot,0,0,0,1,0,Old,Age,Age,,,,4,0,0,desktop,1,1,GBR,West_British,West,British,1,0,0,0,1,2,0,0,0,0,0,0,0,0,0,0,0,0,0,0
res_00000479_2,chatbot_extended,chatbot,0,1,0,0,0,Young,Age,Age,,,,4,0,1,desktop,1,0,GBR,West_British,West,British,0,2,0,0,0,0,2,0,0,0,0,0,0,0,0,0,0,0,0,0
res_00000480_1,chatbot_extended,chatbot,0,0,1,0,2,Young,Age,Age,,,,3,0,0,desktop,1,1,GBR,West_British,West,British,0,1,0,0,0,0,0,2,0,0,0,0,0,0,0,0,0,0,0,0
res_00000480_2,chatbot_extended,chatbot,0,1,1,0,1,Old,Age,Age,,,,3,0,1,desktop,1,0,GBR,West_British,West,British,0,1,0,0,0,2,0,0,0,0,0,0,0,0,0,0,0,0,0,0
res_00000481_1,chatbot_extended,chatbot,0,0,0,1,0,Fat,Fitness,Fitness,,,,4,0,1,desktop,1,1,GBR,West_British,West,British,1,0,0,0,0,0,0,0,0,2,1,0,0,0,0,0,0,0,0,0
res_00000481_2,chatbot_extended,chatbot,0,1,0,0,0,Fit,Fitness,Fitness,,,,4,0,0,desktop,1,0,GBR,West_British,West,British,0,0,0,0,0,0,0,0,0,0,0,0,0,0,2,2,0,0,0,0
res_00000482_1,chatbot_extended,chatbot,0,0,1,0,1,Low,Social Value,Social Value,,,,2,0,0,desktop,1,1,GBR,West_British,West,British,1,0,0,0,0,0,0,0,0,0,0,1,0,0,0,0,0,0,0,0
res_00000482_2,chatbot_extended,chatbot,0,1,1,0,2,High,Social Value,Social Value,,,,2,0,1,desktop,1,0,GBR,West_British,West,British,1,0,0,0,0,0,0,0,0,0,0,0,0,0,0,0,0,1,0,0
res_00000483_1,chatbot_extended,chatbot,0,1,1,0,2,Low,Social Value,Social Value,,,,5,0,0,desktop,1,1,GBR,West_British,West,British,1,1,0,0,0,0,0,0,2,0,0,1,0,0,0,0,0,0,0,0
res_00000483_2,chatbot_extended,chatbot,0,0,1,0,1,High,Social Value,Social Value,,,,5,0,1,desktop,1,0,GBR,West_British,West,British,2,0,0,0,0,0,0,0,0,0,0,0,1,1,0,0,0,1,0,0
res_00000484_1,chatbot_extended,chatbot,0,1,0,1,0,Pets,Species,Species,,,,2,0,1,desktop,1,1,GBR,West_British,West,British,0,0,0,0,0,0,0,0,0,0,0,0,0,0,0,0,0,0,1,1
res_00000484_2,chatbot_extended,chatbot,0,0,0,0,0,Hoomans,Species,Species,,,,2,0,0,desktop,1,0,GBR,West_British,West,British,0,1,0,0,0,0,0,0,0,0,0,0,0,0,0,0,1,0,0,0
res_00000485_1,chatbot_extended,chatbot,0,1,0,1,0,Hoomans,Species,Species,,,,4,0,0,desktop,1,1,GBR,West_British,West,British,0,0,0,0,1,1,0,0,1,0,0,0,0,0,0,0,1,0,0,0
res_00000485_2,chatbot_extended,chatbot,0,0,0,0,2,Pets,Species,Species,,,,4,0,1,desktop,1,0,GBR,West_British,West,British,0,0,0,0,0,0,0,0,0,0,0,0,0,0,0,0,0,0,3,1
res_00000486_1,chatbot_extended,chatbot,0,0,1,0,0,Hoomans,Species,Species,,,,4,0,0,desktop,1,1,GBR,West_British,West,British,0,0,1,1,0,0,0,0,0,0,1,0,0,1,0,0,0,0,0,0
res_00000486_2,chatbot_extended,chatbot,0,1,1,0,0,Pets,Species,Species,,,,4,0,1,desktop,1,0,GBR,West_British,West,British,0,0,0,0,0,0,0,0,0,0,0,0,0,0,0,0,0,0,3,1
res_00000487_1,chatbot_extended,chatbot,0,0,0,1,0,Male,Gender,Gender,,,,2,0,1,desktop,1,1,GBR,West_British,West,British,0,0,0,0,1,0,0,0,0,0,1,0,0,0,0,0,0,0,0,0
res_00000487_2,chatbot_extended,chatbot,0,1,0,0,2,Female,Gender,Gender,,,,2,0,0,desktop,1,0,GBR,West_British,West,British,0,0,0,0,0,1,0,0,0,1,0,0,0,0,0,0,0,0,0,0
res_00000488_1,chatbot_extended,chatbot,0,1,1,0,0,Low,Social Value,Social Value,,,,2,0,0,desktop,1,1,GBR,West_British,West,British,0,1,0,0,0,0,0,0,0,0,0,1,0,0,0,0,0,0,0,0
res_00000488_2,chatbot_extended,chatbot,0,0,1,0,0,High,Social Value,Social Value,,,,2,0,1,desktop,1,0,GBR,West_British,West,British,0,1,0,0,0,0,0,0,0,0,0,0,0,1,0,0,0,0,0,0
res_00000489_1,chatbot_extended,chatbot,0,0,0,1,0,Fat,Fitness,Fitness,,,,3,0,0,desktop,1,1,GBR,West_British,West,British,0,1,0,0,0,0,0,0,0,2,0,0,0,0,0,0,0,0,0,0
res_00000489_2,chatbot_extended,chatbot,0,1,0,0,0,Fit,Fitness,Fitness,,,,3,0,1,desktop,1,0,GBR,West_British,West,British,0,1,0,0,0,0,0,0,0,0,0,0,0,0,2,0,0,0,0,0
res_00000490_1,chatbot_extended,chatbot,0,1,0,1,0,Low,Social Value,Social Value,,,,5,0,0,desktop,1,1,GBR,West_British,West,British,2,0,0,0,0,0,0,0,1,0,0,2,0,0,0,0,0,0,0,0
res_00000490_2,chatbot_extended,chatbot,0,0,0,0,0,High,Social Value,Social Value,,,,5,0,1,desktop,1,0,GBR,West_British,West,British,0,0,1,0,0,0,0,0,0,0,0,0,2,2,0,0,0,0,0,0
res_00000491_1,chatbot_extended,chatbot,0,0,0,1,0,Pets,Species,Species,,,,3,0,1,desktop,1,1,GBR,West_British,West,British,0,0,0,0,0,0,0,0,0,0,0,0,0,0,0,0,0,0,2,1
res_00000491_2,chatbot_extended,chatbot,0,1,0,0,1,Hoomans,Species,Species,,,,3,0,0,desktop,1,0,GBR,West_British,West,British,0,0,0,0,0,0,1,1,0,0,0,0,0,1,0,0,0,0,0,0
res_00000492_1,chatbot_extended,chatbot,0,0,1,0,0,Young,Age,Age,,,,1,0,0,desktop,1,1,GBR,West_British,West,British,0,0,0,0,0,0,0,1,0,0,0,0,0,0,0,0,0,0,0,0
res_00000492_2,chatbot_extended,chatbot,0,1,1,0,0,Old,Age,Age,,,,1,0,1,desktop,1,0,GBR,West_British,West,British,0,1,0,0,0,0,0,0,0,0,0,0,0,0,0,0,0,0,0,0
res_00000493_1,chatbot_extended,chatbot,0,0,1,0,2,Female,Gender,Gender,,,,1,0,0,desktop,1,1,GBR,West_British,West,British,0,1,0,0,0,0,0,0,0,0,0,0,0,0,0,0,0,0,0,0
res_00000493_2,chatbot_extended,chatbot,0,1,1,0,1,Male,Gender,Gender,,,,1,0,1,desktop,1,0,GBR,West_British,West,British,1,0,0,0,0,0,0,0,0,0,0,0,0,0,0,0,0,0,0,0
res_00000494_1,chatbot_extended,chatbot,0,0,1,0,2,Young,Age,Age,,,,2,0,0,desktop,1,1,GBR,West_British,West,British,0,1,0,0,0,0,0,1,0,0,0,0,0,0,0,0,0,0,0,0
res_00000494_2,chatbot_extended,chatbot,0,1,1,0,1,Old,Age,Age,,,,2,0,1,desktop,1,0,GBR,West_British,West,British,0,1,0,0,0,1,0,0,0,0,0,0,0,0,0,0,0,0,0,0
res_00000495_1,chatbot_extended,chatbot,0,0,0,1,0,Less,Utilitarian,Utilitarian,,,,4,1,1,desktop,1,1,GBR,West_British,West,British,0,0,0,1,0,0,0,2,0,0,0,0,0,0,0,0,0,0,0,1
res_00000495_2,chatbot_extended,chatbot,0,1,0,0,1,More,Utilitarian,Utilitarian,,,,5,1,0,desktop,1,0,GBR,West_British,West,British,0,0,0,1,0,0,0,2,0,0,1,0,0,0,0,0,0,0,0,1
res_00000496_1,chatbot_extended,chatbot,0,0,0,1,0,Low,Social Value,Social Value,,,,2,0,0,desktop,1,1,GBR,West_British,West,British,1,0,0,0,0,0,0,0,1,0,0,0,0,0,0,0,0,0,0,0
res_00000496_2,chatbot_extended,chatbot,0,1,0,0,1,High,Social Value,Social Value,,,,2,0,1,desktop,1,0,GBR,West_British,West,British,0,0,0,0,0,0,0,0,0,0,0,0,0,1,0,0,0,1,0,0
res_00000497_1,chatbot_extended,chatbot,0,0,0,1,0,Male,Gender,Gender,,,,1,0,1,desktop,1,1,GBR,West_British,West,British,0,0,0,0,1,0,0,0,0,0,0,0,0,0,0,0,0,0,0,0
res_00000497_2,chatbot_extended,chatbot,0,1,0,0,1,Female,Gender,Gender,,,,1,0,0,desktop,1,0,GBR,West_British,West,British,0,0,0,0,0,1,0,0,0,0,0,0,0,0,0,0,0,0,0,0
res_00000498_1,chatbot_extended,chatbot,0,1,0,1,0,More,Utilitarian,Utilitarian,,,,5,3,0,desktop,1,1,GBR,West_British,West,British,0,0,0,0,0,0,0,1,1,1,0,0,1,0,0,1,0,0,0,0
res_00000498_2,chatbot_extended,chatbot,0,0,0,0,1,Less,Utilitarian,Utilitarian,,,,2,3,1,desktop,1,0,GBR,West_British,West,British,0,0,0,0,0,0,0,0,0,0,0,0,1,0,0,1,0,0,0,0
res_00000499_1,chatbot_extended,chatbot,0,0,1,0,1,Less,Utilitarian,Utilitarian,,,,3,2,0,desktop,1,1,GBR,West_British,West,British,0,0,0,1,0,0,0,0,1,0,0,0,0,0,0,0,0,0,1,0
res_00000499_2,chatbot_extended,chatbot,0,1,1,0,2,More,Utilitarian,Utilitarian,,,,5,2,1,desktop,1,0,GBR,West_British,West,British,0,0,0,1,0,0,0,0,1,1,1,0,0,0,0,0,0,0,1,0
res_00000500_1,chatbot_extended,chatbot,0,0,0,1,0,Hoomans,Species,Species,,,,3,0,0,desktop,1,1,RUS,West_Russian,West,Russian,1,1,0,0,0,0,0,0,0,0,0,0,0,0,0,0,1,0,0,0
res_00000500_2,chatbot_extended,chatbot,0,1,0,0,0,Pets,Species,Species,,,,3,0,1,desktop,1,0,RUS,West_Russian,West,Russian,0,0,0,0,0,0,0,0,0,0,0,0,0,0,0,0,0,0,1,2
res_00000501_1,chatbot_extended,chatbot,0,0,0,1,0,Male,Gender,Gender,,,,2,0,0,desktop,1,1,RUS,West_Russian,West,Russian,0,0,0,0,0,0,2,0,0,0,0,0,0,0,0,0,0,0,0,0
res_00000501_2,chatbot_extended,chatbot,0,1,0,0,2,Female,Gender,Gender,,,,2,0,1,desktop,1,0,RUS,West_Russian,West,Russian,0,0,0,0,0,0,0,2,0,0,0,0,0,0,0,0,0,0,0,0
res_00000502_1,chatbot_extended,chatbot,0,1,1,0,2,Young,Age,Age,,,,1,0,0,desktop,1,1,RUS,West_Russian,West,Russian,0,0,0,0,0,0,0,1,0,0,0,0,0,0,0,0,0,0,0,0
res_00000502_2,chatbot_extended,chatbot,0,0,1,0,1,Old,Age,Age,,,,1,0,1,desktop,1,0,RUS,West_Russian,West,Russian,0,1,0,0,0,0,0,0,0,0,0,0,0,0,0,0,0,0,0,0
res_00000503_1,chatbot_extended,chatbot,0,1,0,1,0,Pets,Species,Species,,,,1,0,1,desktop,1,1,RUS,West_Russian,West,Russian,0,0,0,0,0,0,0,0,0,0,0,0,0,0,0,0,0,0,1,0
res_00000503_2,chatbot_extended,chatbot,0,0,0,0,1,Hoomans,Species,Species,,,,1,0,0,desktop,1,0,RUS,West_Russian,West,Russian,0,0,0,0,0,1,0,0,0,0,0,0,0,0,0,0,0,0,0,0
res_00000504_1,chatbot_extended,chatbot,0,0,1,0,0,Hoomans,Species,Species,,,,2,0,0,desktop,1,1,RUS,West_Russian,West,Russian,0,0,0,0,0,0,0,0,0,0,0,1,0,0,1,0,0,0,0,0
res_00000504_2,chatbot_extended,chatbot,0,1,1,0,0,Pets,Species,Species,,,,2,0,1,desktop,1,0,RUS,West_Russian,West,Russian,0,0,0,0,0,0,0,0,0,0,0,0,0,0,0,0,0,0,1,1
res_00000505_1,chatbot_extended,chatbot,0,0,0,1,0,Fat,Fitness,Fitness,,,,5,0,0,desktop,1,1,RUS,West_Russian,West,Russian,1,2,0,0,0,0,0,0,0,1,1,0,0,0,0,0,0,0,0,0
res_00000505_2,chatbot_extended,chatbot,0,1,0,0,0,Fit,Fitness,Fitness,,,,5,0,1,desktop,1,0,RUS,West_Russian,West,Russian,0,0,0,0,0,0,0,0,0,0,0,0,0,0,3,2,0,0,0,0
res_00000506_1,chatbot_extended,chatbot,0,0,0,1,0,Old,Age,Age,,,,1,0,1,desktop,1,1,RUS,West_Russian,West,Russian,0,0,0,0,0,1,0,0,0,0,0,0,0,0,0,0,0,0,0,0
res_00000506_2,chatbot_extended,chatbot,0,1,0,0,1,Young,Age,Age,,,,1,0,0,desktop,1,0,RUS,West_Russian,West,Russian,0,0,0,0,0,0,0,1,0,0,0,0,0,0,0,0,0,0,0,0
res_00000507_1,chatbot_extended,chatbot,0,0,0,1,0,Fat,Fitness,Fitness,,,,4,0,0,desktop,1,1,RUS,West_Russian,West,Russian,1,1,0,0,0,0,0,0,0,1,1,0,0,0,0,0,0,0,0,0
res_00000507_2,chatbot_extended,chatbot,0,1,0,0,0,Fit,Fitness,Fitness,,,,4,0,1,desktop,1,0,RUS,West_Russian,West,Russian,1,1,0,0,0,0,0,0,0,0,0,0,0,0,1,1,0,0,0,0
res_00000508_1,chatbot_extended,chatbot,0,0,0,1,0,Hoomans,Species,Species,,,,5,0,0,desktop,1,1,RUS,West_Russian,West,Russian,0,1,0,0,0,1,0,0,1,1,0,0,0,0,1,0,0,0,0,0
res_00000508_2,chatbot_extended,chatbot,0,1,0,0,0,Pets,Species,Species,,,,5,0,1,desktop,1,0,RUS,West_Russian,West,Russian,0,0,0,0,0,0,0,0,0,0,0,0,0,0,0,0,0,0,3,2
res_00000509_1,chatbot_extended,chatbot,0,1,1,0,1,Less,Utilitarian,Utilitarian,,,,2,2,0,desktop,1,1,RUS,West_Russian,West,Russian,0,0,0,0,0,0,0,0,1,0,0,0,0,0,0,0,0,0,0,1
res_00000509_2,chatbot_extended,chatbot,0,0,1,0,2,More,Utilitarian,Utilitarian,,,,4,2,1,desktop,1,0,RUS,West_Russian,West,Russian,1,0,1,0,0,0,0,0,1,0,0,0,0,0,0,0,0,0,0,1
res_00000510_1,chatbot_extended,chatbot,0,0,1,0,0,Female,Gender,Gender,,,,4,0,0,desktop,1,1,RUS,West_Russian,West,Russian,0,1,0,0,0,0,0,0,0,1,0,0,0,2,0,0,0,0,0,0
res_00000510_2,chatbot_extended,chatbot,0,1,1,0,0,Male,Gender,Gender,,,,4,0,1,desktop,1,0,RUS,West_Russian,West,Russian,1,0,0,0,0,0,0,0,0,0,1,0,2,0,0,0,0,0,0,0
res_00000511_1,chatbot_extended,chatbot,0,0,0,1,0,Hoomans,Species,Species,,,,1,0,0,desktop,1,1,RUS,West_Russian,West,Russian,0,0,0,0,0,0,0,0,0,1,0,0,0,0,0,0,0,0,0,0
res_00000511_2,chatbot_extended,chatbot,0,1,0,0,0,Pets,Species,Species,,,,1,0,1,desktop,1,0,RUS,West_Russian,West,Russian,0,0,0,0,0,0,0,0,0,0,0,0,0,0,0,0,0,0,0,1
res_00000512_1,chatbot_extended,chatbot,0,0,1,0,0,Hoomans,Species,Species,,,,1,0,0,desktop,1,1,RUS,West_Russian,West,Russian,0,0,0,0,0,0,0,0,0,0,0,0,0,1,0,0,0,0,0,0
res_00000512_2,chatbot_extended,chatbot,0,1,1,0,0,Pets,Species,Species,,,,1,0,1,desktop,1,0,RUS,West_Russian,West,Russian,0,0,0,0,0,0,0,0,0,0,0,0,0,0,0,0,0,0,0,1
res_00000513_1,chatbot_extended,chatbot,0,0,1,0,1,Female,Gender,Gender,,,,2,0,0,desktop,1,1,RUS,West_Russian,West,Russian,0,0,0,0,0,0,0,1,0,0,0,0,0,0,0,0,1,0,0,0
res_00000513_2,chatbot_extended,chatbot,0,1,1,0,2,Male,Gender,Gender,,,,2,0,1,desktop,1,0,RUS,West_Russian,West,Russian,0,0,0,0,0,0,1,0,0,0,0,0,0,0,0,0,0,1,0,0
res_00000514_1,chatbot_extended,chatbot,0,1,0,1,0,Less,Utilitarian,Utilitarian,,,,4,1,0,desktop,1,1,RUS,West_Russian,West,Russian,0,0,1,0,0,0,0,0,0,0,1,0,0,1,0,0,0,0,1,0
res_00000514_2,chatbot_extended,chatbot,0,0,0,0,1,More,Utilitarian,Utilitarian,,,,5,1,1,desktop,1,0,RUS,West_Russian,West,Russian,0,0,1,0,0,0,0,1,0,0,1,0,0,1,0,0,0,0,1,0
res_00000515_1,chatbot_extended,chatbot,0,0,1,0,2,Fat,Fitness,Fitness,,,,2,0,0,desktop,1,1,RUS,West_Russian,West,Russian,1,0,0,0,0,0,0,0,0,0,1,0,0,0,0,0,0,0,0,0
res_00000515_2,chatbot_extended,chatbot,0,1,1,0,1,Fit,Fitness,Fitness,,,,2,0,1,desktop,1,0,RUS,West_Russian,West,Russian,1,0,0,0,0,0,0,0,0,0,0,0,0,0,0,1,0,0,0,0
res_00000516_1,chatbot_extended,chatbot,0,0,0,1,0,Female,Gender,Gender,,,,5,0,0,desktop,1,1,RUS,West_Russian,West,Russian,0,1,0,0,0,0,0,2,0,2,0,0,0,0,0,0,0,0,0,0
res_00000516_2,chatbot_extended,chatbot,0,1,0,0,1,Male,Gender,Gender,,,,5,0,1,desktop,1,0,RUS,West_Russian,West,Russian,1,0,0,0,0,0,2,0,0,0,2,0,0,0,0,0,0,0,0,0
res_00000517_1,chatbot_extended,chatbot,0,1,1,0,1,Female,Gender,Gender,,,,2,0,0,desktop,1,1,RUS,West_Russian,West,Russian,0,0,0,0,0,1,0,0,0,0,0,0,0,0,0,0,1,0,0,0
res_00000517_2,chatbot_extended,chatbot,0,0,1,0,2,Male,Gender,Gender,,,,2,0,1,desktop,1,0,RUS,West_Russian,West,Russian,0,0,0,0,1,0,0,0,0,0,0,0,0,0,0,0,0,1,0,0
res_00000518_1,chatbot_extended,chatbot,0,1,0,1,0,Low,Social Value,Social Value,,,,3,0,0,desktop,1,1,RUS,West_Russian,West,Russian,0,0,0,0,0,0,0,0,0,0,0,3,0,0,0,0,0,0,0,0
res_00000518_2,chatbot_extended,chatbot,0,0,0,0,1,High,Social Value,Social Value,,,,3,0,1,desktop,1,0,RUS,West_Russian,West,Russian,0,1,0,0,0,0,0,0,0,0,0,0,0,1,0,0,0,1,0,0
res_00000519_1,chatbot_extended,chatbot,0,1,1,0,0,Fat,Fitness,Fitness,,,,4,0,0,desktop,1,1,RUS,West_Russian,West,Russian,0,1,0,0,0,0,0,0,0,1,2,0,0,0,0,0,0,0,0,0
res_00000519_2,chatbot_extended,chatbot,0,0,1,0,0,Fit,Fitness,Fitness,,,,4,0,1,desktop,1,0,RUS,West_Russian,West,Russian,0,1,0,0,0,0,0,0,0,0,0,0,0,0,1,2,0,0,0,0
res_00000520_1,chatbot_extended,chatbot,0,0,1,0,2,Young,Age,Age,,,,5,0,0,desktop,1,1,RUS,West_Russian,West,Russian,0,2,0,0,0,0,2,1,0,0,0,0,0,0,0,0,0,0,0,0
res_00000520_2,chatbot_extended,chatbot,0,1,1,0,1,Old,Age,Age,,,,5,0,1,desktop,1,0,RUS,West_Russian,West,Russian,1,0,0,0,1,3,0,0,0,0,0,0,0,0,0,0,0,0,0,0
res_00000521_1,chatbot_extended,chatbot,0,1,0,1,0,Less,Utilitarian,Utilitarian,,,,4,1,0,desktop,1,1,RUS,West_Russian,West,Russian,0,0,0,0,0,0,0,2,1,0,0,0,0,1,0,0,0,0,0,0
res_00000521_2,chatbot_extended,chatbot,0,0,0,0,0,More,Utilitarian,Utilitarian,,,,5,1,1,desktop,1,0,RUS,West_Russian,West,Russian,0,0,0,0,0,0,1,2,1,0,0,0,0,1,0,0,0,0,0,0
res_00000522_1,chatbot_extended,chatbot,0,0,0,1,0,High,Social Value,Social Value,,,,4,0,0,desktop,1,1,RUS,West_Russian,West,Russian,0,1,0,0,0,0,0,0,0,0,0,0,1,1,0,0,0,1,0,0
res_00000522_2,chatbot_extended,chatbot,0,1,0,0,0,Low,Social Value,Social Value,,,,4,0,1,desktop,1,0,RUS,West_Russian,West,Russian,0,2,0,0,0,0,0,0,1,0,0,1,0,0,0,0,0,0,0,0
res_00000523_1,chatbot_extended,chatbot,0,1,1,0,0,Female,Gender,Gender,,,,1,0,0,desktop,1,1,RUS,West_Russian,West,Russian,0,0,0,0,0,0,0,0,0,0,0,0,0,0,0,0,1,0,0,0
res_00000523_2,chatbot_extended,chatbot,0,0,1,0,0,Male,Gender,Gender,,,,1,0,1,desktop,1,0,RUS,West_Russian,West,Russian,0,0,0,0,0,0,0,0,0,0,0,0,0,0,0,0,0,1,0,0
res_00000524_1,chatbot_extended,chatbot,0,0,1,0,2,Hoomans,Species,Species,,,,4,0,0,desktop,1,1,RUS,West_Russian,West,Russian,0,0,0,0,0,1,0,0,0,0,1,1,0,0,0,0,0,1,0,0
res_00000524_2,chatbot_extended,chatbot,0,1,1,0,1,Pets,Species,Species,,,,4,0,1,desktop,1,0,RUS,West_Russian,West,Russian,0,0,0,0,0,0,0,0,0,0,0,0,0,0,0,0,0,0,2,2
res_00000525_1,chatbot_extended,chatbot,0,0,0,1,0,Fit,Fitness,Fitness,,,,5,0,0,desktop,1,1,RUS,West_Russian,West,Russian,2,0,0,0,0,0,0,0,0,0,0,0,0,0,2,1,0,0,0,0
res_00000525_2,chatbot_extended,chatbot,0,1,0,0,0,Fat,Fitness,Fitness,,,,5,0,1,desktop,1,0,RUS,West_Russian,West,Russian,1,1,0,0,0,0,0,0,0,1,2,0,0,0,0,0,0,0,0,0
res_00000526_1,chatbot_extended,chatbot,0,1,1,0,1,Young,Age,Age,,,,4,0,0,desktop,1,1,RUS,West_Russian,West,Russian,0,0,0,0,0,0,1,3,0,0,0,0,0,0,0,0,0,0,0,0
res_00000526_2,chatbot_extended,chatbot,0,0,1,0,2,Old,Age,Age,,,,4,0,1,desktop,1,0,RUS,West_Russian,West,Russian,1,0,0,0,0,3,0,0,0,0,0,0,0,0,0,0,0,0,0,0
res_00000527_1,chatbot_extended,chatbot,0,0,0,1,0,Young,Age,Age,,,,4,0,1,desktop,1,1,RUS,West_Russian,West,Russian,0,0,0,0,0,0,0,4,0,0,0,0,0,0,0,0,0,0,0,0
res_00000527_2,chatbot_extended,chatbot,0,1,0,0,0,Old,Age,Age,,,,4,0,0,desktop,1,0,RUS,West_Russian,West,Russian,0,2,0,0,0,2,0,0,0,0,0,0,0,0,0,0,0,0,0,0
res_00000528_1,chatbot_extended,chatbot,0,0,0,1,0,Male,Gender,Gender,,,,4,0,0,desktop,1,1,RUS,West_Russian,West,Russian,0,0,0,0,3,0,0,0,0,0,0,0,1,0,0,0,0,0,0,0
res_00000528_2,chatbot_extended,chatbot,0,1,0,0,2,Female,Gender,Gender,,,,4,0,1,desktop,1,0,RUS,West_Russian,West,Russian,0,0,0,0,0,3,0,0,0,0,0,0,0,1,0,0,0,0,0,0
res_00000529_1,chatbot_extended,chatbot,0,1,1,0,2,Young,Age,Age,,,,1,0,0,desktop,1,1,RUS,West_Russian,West,Russian,1,0,0,0,0,0,0,0,0,0,0,0,0,0,0,0,0,0,0,0
res_00000529_2,chatbot_extended,chatbot,0,0,1,0,1,Old,Age,Age,,,,1,0,1,desktop,1,0,RUS,West_Russian,West,Russian,0,0,0,0,1,0,0,0,0,0,0,0,0,0,0,0,0,0,0,0
res_00000530_1,chatbot_extended,chatbot,0,1,1,0,0,Fat,Fitness,Fitness,,,,4,0,0,desktop,1,1,RUS,West_Russian,West,Russian,1,1,0,0,0,0,0,0,0,0,2,0,0,0,0,0,0,0,0,0
res_00000530_2,chatbot_extended,chatbot,0,0,1,0,0,Fit,Fitness,Fitness,,,,4,0,1,desktop,1,0,RUS,West_Russian,West,Russian,1,0,0,0,0,0,0,0,0,0,0,0,0,0,1,2,0,0,0,0
res_00000531_1,chatbot_extended,chatbot,0,1,1,0,1,Female,Gender,Gender,,,,2,0,0,desktop,1,1,RUS,West_Russian,West,Russian,0,0,0,0,0,0,0,0,0,0,0,0,0,0,0,0,2,0,0,0
res_00000531_2,chatbot_extended,chatbot,0,0,1,0,2,Male,Gender,Gender,,,,2,0,1,desktop,1,0,RUS,West_Russian,West,Russian,0,0,0,0,0,0,0,0,0,0,0,0,0,0,0,0,0,2,0,0
res_00000532_1,chatbot_extended,chatbot,0,1,1,0,2,Low,Social Value,Social Value,,,,1,0,0,desktop,1,1,RUS,West_Russian,West,Russian,0,0,0,0,0,0,0,0,0,0,0,1,0,0,0,0,0,0,0,0
res_00000532_2,chatbot_extended,chatbot,0,0,1,0,1,High,Social Value,Social Value,,,,1,0,1,desktop,1,0,RUS,West_Russian,West,Russian,0,0,1,0,0,0,0,0,0,0,0,0,0,0,0,0,0,0,0,0
res_00000533_1,chatbot_extended,chatbot,0,1,1,0,0,Hoomans,Species,Species,,,,2,0,0,desktop,1,1,RUS,West_Russian,West,Russian,0,0,0,0,0,2,0,0,0,0,0,0,0,0,0,0,0,0,0,0
res_00000533_2,chatbot_extended,chatbot,0,0,1,0,0,Pets,Species,Species,,,,2,0,1,desktop,1,0,RUS,West_Russian,West,Russian,0,0,0,0,0,0,0,0,0,0,0,0,0,0,0,0,0,0,2,0
res_00000534_1,chatbot_extended,chatbot,0,0,0,1,0,Less,Utilitarian,Utilitarian,,,,3,2,0,desktop,1,1,RUS,West_Russian,West,Russian,0,0,0,0,0,0,0,0,1,1,0,0,0,0,0,1,0,0,0,0
res_00000534_2,chatbot_extended,chatbot,0,1,0,0,2,More,Utilitarian,Utilitarian,,,,5,2,1,desktop,1,0,RUS,West_Russian,West,Russian,0,0,0,1,0,0,0,1,1,1,0,0,0,0,0,1,0,0,0,0
res_00000535_1,chatbot_extended,chatbot,0,1,1,0,2,Female,Gender,Gender,,,,2,0,0,desktop,1,1,RUS,West_Russian,West,Russian,0,1,0,0,0,0,0,0,0,0,0,0,0,0,0,0,1,0,0,0
res_00000535_2,chatbot_extended,chatbot,0,0,1,0,1,Male,Gender,Gender,,,,2,0,1,desktop,1,0,RUS,West_Russian,West,Russian,1,0,0,0,0,0,0,0,0,0,0,0,0,0,0,0,0,1,0,0
res_00000536_1,chatbot_extended,chatbot,0,0,1,0,0,Young,Age,Age,,,,2,0,0,desktop,1,1,RUS,West_Russian,West,Russian,1,0,0,0,0,0,1,0,0,0,0,0,0,0,0,0,0,0,0,0
res_00000536_2,chatbot_extended,chatbot,0,1,1,0,0,Old,Age,Age,,,,2,0,1,desktop,1,0,RUS,West_Russian,West,Russian,1,0,0,0,1,0,0,0,0,0,0,0,0,0,0,0,0,0,0,0
res_00000537_1,chatbot_extended,chatbot,0,1,1,0,1,Fat,Fitness,Fitness,,,,2,0,0,desktop,1,1,RUS,West_Russian,West,Russian,0,0,0,0,0,0,0,0,0,2,0,0,0,0,0,0,0,0,0,0
res_00000537_2,chatbot_extended,chatbot,0,0,1,0,2,Fit,Fitness,Fitness,,,,2,0,1,desktop,1,0,RUS,West_Russian,West,Russian,0,1,0,0,0,0,0,0,0,0,0,0,0,0,1,0,0,0,0,0
res_00000538_1,chatbot_extended,chatbot,0,1,0,1,0,High,Social Value,Social Value,,,,3,0,0,desktop,1,1,RUS,West_Russian,West,Russian,1,0,0,0,0,0,0,0,0,0,0,0,0,0,0,0,2,0,0,0
res_00000538_2,chatbot_extended,chatbot,0,0,0,0,2,Low,Social Value,Social Value,,,,3,0,1,desktop,1,0,RUS,West_Russian,West,Russian,0,1,0,0,0,0,0,0,1,0,0,1,0,0,0,0,0,0,0,0
res_00000539_1,chatbot_extended,chatbot,0,1,1,0,1,Low,Social Value,Social Value,,,,2,0,1,desktop,1,1,RUS,West_Russian,West,Russian,0,0,0,0,0,0,0,0,2,0,0,0,0,0,0,0,0,0,0,0
res_00000539_2,chatbot_extended,chatbot,0,0,1,0,2,High,Social Value,Social Value,,,,2,0,0,desktop,1,0,RUS,West_Russian,West,Russian,0,0,0,0,0,0,0,0,0,0,0,0,0,1,0,0,0,1,0,0
res_00000540_1,chatbot_extended,chatbot,0,0,1,0,2,Low,Social Value,Social Value,,,,1,0,1,desktop,1,1,RUS,West_Russian,West,Russian,0,0,0,0,0,0,0,0,1,0,0,0,0,0,0,0,0,0,0,0
res_00000540_2,chatbot_extended,chatbot,0,1,1,0,1,High,Social Value,Social Value,,,,1,0,0,desktop,1,0,RUS,West_Russian,West,Russian,0,0,0,0,0,0,0,0,0,0,0,0,0,1,0,0,0,0,0,0
res_00000541_1,chatbot_extended,chatbot,0,0,1,0,1,Less,Utilitarian,Utilitarian,,,,1,1,0,desktop,1,1,RUS,West_Russian,West,Russian,0,1,0,0,0,0,0,0,0,0,0,0,0,0,0,0,0,0,0,0
res_00000541_2,chatbot_extended,chatbot,0,1,1,0,2,More,Utilitarian,Utilitarian,,,,2,1,1,desktop,1,0,RUS,West_Russian,West,Russian,0,1,1,0,0,0,0,0,0,0,0,0,0,0,0,0,0,0,0,0
res_00000542_1,chatbot_extended,chatbot,0,1,0,1,0,High,Social Value,Social Value,,,,4,0,0,desktop,1,1,RUS,West_Russian,West,Russian,0,1,0,0,0,0,0,0,0,0,0,0,0,1,0,0,1,1,0,0
res_00000542_2,chatbot_extended,chatbot,0,0,0,0,0,Low,Social Value,Social Value,,,,4,0,1,desktop,1,0,RUS,West_Russian,West,Russian,1,1,0,0,0,0,0,0,1,0,0,1,0,0,0,0,0,0,0,0
res_00000543_1,chatbot_extended,chatbot,0,0,1,0,0,Hoomans,Species,Species,,,,1,0,0,desktop,1,1,RUS,West_Russian,West,Russian,0,0,0,0,0,0,0,0,0,0,0,0,0,0,1,0,0,0,0,0
res_00000543_2,chatbot_extended,chatbot,0,1,1,0,0,Pets,Species,Species,,,,1,0,1,desktop,1,0,RUS,West_Russian,West,Russian,0,0,0,0,0,0,0,0,0,0,0,0,0,0,0,0,0,0,1,0
res_00000544_1,chatbot_extended,chatbot,0,1,1,0,1,Fat,Fitness,Fitness,,,,4,0,0,desktop,1,1,RUS,West_Russian,West,Russian,1,1,0,0,0,0,0,0,0,0,2,0,0,0,0,0,0,0,0,0
res_00000544_2,chatbot_extended,chatbot,0,0,1,0,2,Fit,Fitness,Fitness,,,,4,0,1,desktop,1,0,RUS,West_Russian,West,Russian,1,0,0,0,0,0,0,0,0,0,0,0,0,0,1,2,0,0,0,0
res_00000545_1,chatbot_extended,chatbot,0,1,0,1,0,Less,Utilitarian,Utilitarian,,,,3,1,0,desktop,1,1,RUS,West_Russian,West,Russian,0,0,0,0,0,0,0,0,1,1,0,0,0,1,0,0,0,0,0,0
res_00000545_2,chatbot_extended,chatbot,0,0,0,0,1,More,Utilitarian,Utilitarian,,,,4,1,1,desktop,1,0,RUS,West_Russian,West,Russian,0,0,0,0,0,0,0,1,1,1,0,0,0,1,0,0,0,0,0,0
res_00000546_1,chatbot_extended,chatbot,0,1,0,1,0,More,Utilitarian,Utilitarian,,,,5,3,1,desktop,1,1,RUS,West_Russian,West,Russian,0,0,3,0,0,0,0,0,0,0,0,0,0,0,0,0,0,0,1,1
res_00000546_2,chatbot_extended,chatbot,0,0,0,0,0,Less,Utilitarian,Utilitarian,,,,2,3,0,desktop,1,0,RUS,West_Russian,West,Russian,0,0,1,0,0,0,0,0,0,0,0,0,0,0,0,0,0,0,0,1
res_00000547_1,chatbot_extended,chatbot,0,0,0,1,0,Female,Gender,Gender,,,,4,0,0,desktop,1,1,RUS,West_Russian,West,Russian,0,1,0,0,0,1,0,0,0,0,0,0,0,0,1,0,1,0,0,0
res_00000547_2,chatbot_extended,chatbot,0,1,0,0,0,Male,Gender,Gender,,,,4,0,1,desktop,1,0,RUS,West_Russian,West,Russian,1,0,0,0,1,0,0,0,0,0,0,0,0,0,0,1,0,1,0,0
res_00000548_1,chatbot_extended,chatbot,0,0,1,0,0,Hoomans,Species,Species,,,,4,0,0,desktop,1,1,RUS,West_Russian,West,Russian,1,0,0,0,0,0,0,0,0,0,0,1,0,0,0,1,0,1,0,0
res_00000548_2,chatbot_extended,chatbot,0,1,1,0,0,Pets,Species,Species,,,,4,0,1,desktop,1,0,RUS,West_Russian,West,Russian,0,0,0,0,0,0,0,0,0,0,0,0,0,0,0,0,0,0,4,0
res_00000549_1,chatbot_extended,chatbot,0,0,1,0,1,Young,Age,Age,,,,2,0,0,desktop,1,1,RUS,West_Russian,West,Russian,2,0,0,0,0,0,0,0,0,0,0,0,0,0,0,0,0,0,0,0
res_00000549_2,chatbot_extended,chatbot,0,1,1,0,2,Old,Age,Age,,,,2,0,1,desktop,1,0,RUS,West_Russian,West,Russian,0,0,0,0,2,0,0,0,0,0,0,0,0,0,0,0,0,0,0,0
res_00000550_1,chatbot_extended,chatbot,0,1,0,1,0,Young,Age,Age,,,,5,0,0,desktop,1,1,RUS,West_Russian,West,Russian,0,0,0,0,0,0,2,3,0,0,0,0,0,0,0,0,0,0,0,0
res_00000550_2,chatbot_extended,chatbot,0,0,0,0,2,Old,Age,Age,,,,5,0,1,desktop,1,0,RUS,West_Russian,West,Russian,1,2,0,0,1,1,0,0,0,0,0,0,0,0,0,0,0,0,0,0
res_00000551_1,chatbot_extended,chatbot,0,0,0,1,0,Old,Age,Age,,,,3,0,0,desktop,1,1,RUS,West_Russian,West,Russian,0,1,0,0,0,2,0,0,0,0,0,0,0,0,0,0,0,0,0,0
res_00000551_2,chatbot_extended,chatbot,0,1,0,0,2,Young,Age,Age,,,,3,0,1,desktop,1,0,RUS,West_Russian,West,Russian,0,2,0,0,0,0,0,1,0,0,0,0,0,0,0,0,0,0,0,0
res_00000552_1,chatbot_extended,chatbot,0,0,0,1,0,Low,Social Value,Social Value,,,,1,0,0,desktop,1,1,RUS,West_Russian,West,Russian,0,0,0,0,0,0,0,0,0,0,0,1,0,0,0,0,0,0,0,0
res_00000552_2,chatbot_extended,chatbot,0,1,0,0,0,High,Social Value,Social Value,,,,1,0,1,desktop,1,0,RUS,West_Russian,West,Russian,1,0,0,0,0,0,0,0,0,0,0,0,0,0,0,0,0,0,0,0
res_00000553_1,chatbot_extended,chatbot,0,1,0,1,0,Low,Social Value,Social Value,,,,1,0,0,desktop,1,1,RUS,West_Russian,West,Russian,0,0,0,0,0,0,0,0,0,0,0,1,0,0,0,0,0,0,0,0
res_00000553_2,chatbot_extended,chatbot,0,0,0,0,2,High,Social Value,Social Value,,,,1,0,1,desktop,1,0,RUS,West_Russian,West,Russian,1,0,0,0,0,0,0,0,0,0,0,0,0,0,0,0,0,0,0,0
res_00000554_1,chatbot_extended,chatbot,0,0,0,1,0,Old,Age,Age,,,,1,0,1,desktop,1,1,RUS,West_Russian,West,Russian,0,0,0,0,1,0,0,0,0,0,0,0,0,0,0,0,0,0,0,0
res_00000554_2,chatbot_extended,chatbot,0,1,0,0,1,Young,Age,Age,,,,1,0,0,desktop,1,0,RUS,West_Russian,West,Russian,1,0,0,0,0,0,0,0,0,0,0,0,0,0,0,0,0,0,0,0
res_00000555_1,chatbot_extended,chatbot,0,1,0,1,0,Hoomans,Species,Species,,,,4,0,0,desktop,1,1,RUS,West_Russian,West,Russian,0,0,0,0,0,0,1,0,0,0,0,1,0,0,1,1,0,0,0,0
res_00000555_2,chatbot_extended,chatbot,0,0,0,0,2,Pets,Species,Species,,,,4,0,1,desktop,1,0,RUS,West_Russian,West,Russian,0,0,0,0,0,0,0,0,0,0,0,0,0,0,0,0,0,0,3,1
res_00000556_1,chatbot_extended,chatbot,0,1,0,1,0,Less,Utilitarian,Utilitarian,,,,2,1,0,desktop,1,1,RUS,West_Russian,West,Russian,0,0,0,1,0,0,0,0,0,0,0,0,0,0,0,0,1,0,0,0
res_00000556_2,chatbot_extended,chatbot,0,0,0,0,1,More,Utilitarian,Utilitarian,,,,3,1,1,desktop,1,0,RUS,West_Russian,West,Russian,0,0,0,1,0,0,0,0,0,0,0,0,0,0,0,1,1,0,0,0
res_00000557_1,chatbot_extended,chatbot,0,0,1,0,0,Less,Utilitarian,Utilitarian,,,,2,3,0,desktop,1,1,RUS,West_Russian,West,Russian,0,0,0,0,0,0,0,0,0,0,1,0,0,0,0,0,1,0,0,0
res_00000557_2,chatbot_extended,chatbot,0,1,1,0,0,More,Utilitarian,Utilitarian,,,,5,3,1,desktop,1,0,RUS,West_Russian,West,Russian,1,1,0,0,0,0,0,0,0,0,1,0,0,0,0,0,1,1,0,0
res_00000558_1,chatbot_extended,chatbot,0,1,0,1,0,Fit,Fitness,Fitness,,,,2,0,1,desktop,1,1,RUS,West_Russian,West,Russian,0,0,0,0,0,0,0,0,0,0,0,0,0,0,1,1,0,0,0,0
res_00000558_2,chatbot_extended,chatbot,0,0,0,0,0,Fat,Fitness,Fitness,,,,2,0,0,desktop,1,0,RUS,West_Russian,West,Russian,0,1,0,0,0,0,0,0,0,0,1,0,0,0,0,0,0,0,0,0
res_00000559_1,chatbot_extended,chatbot,0,0,1,0,0,Female,Gender,Gender,,,,3,0,0,desktop,1,1,RUS,West_Russian,West,Russian,0,0,0,0,0,0,0,0,0,0,0,0,0,0,2,0,1,0,0,0
res_00000559_2,chatbot_extended,chatbot,0,1,1,0,0,Male,Gender,Gender,,,,3,0,1,desktop,1,0,RUS,West_Russian,West,Russian,0,0,0,0,0,0,0,0,0,0,0,0,0,0,0,2,0,1,0,0
res_00000560_1,chatbot_extended,chatbot,0,0,0,1,0,Less,Utilitarian,Utilitarian,,,,1,1,0,desktop,1,1,RUS,West_Russian,West,Russian,0,0,0,0,0,0,0,1,0,0,0,0,0,0,0,0,0,0,0,0
res_00000560_2,chatbot_extended,chatbot,0,1,0,0,1,More,Utilitarian,Utilitarian,,,,2,1,1,desktop,1,0,RUS,West_Russian,West,Russian,0,0,0,0,0,0,0,1,0,1,0,0,0,0,0,0,0,0,0,0
res_00000561_1,chatbot_extended,chatbot,0,1,0,1,0,Hoomans,Species,Species,,,,2,0,0,desktop,1,1,RUS,West_Russian,West,Russian,0,0,0,0,0,0,0,0,0,1,0,0,1,0,0,0,0,0,0,0
res_00000561_2,chatbot_extended,chatbot,0,0,0,0,0,Pets,Species,Species,,,,2,0,1,desktop,1,0,RUS,West_Russian,West,Russian,0,0,0,0,0,0,0,0,0,0,0,0,0,0,0,0,0,0,1,1
res_00000562_1,chatbot_extended,chatbot,0,1,1,0,0,Young,Age,Age,,,,3,0,0,desktop,1,1,RUS,West_Russian,West,Russian,1,1,0,0,0,0,0,1,0,0,0,0,0,0,0,0,0,0,0,0
res_00000562_2,chatbot_extended,chatbot,0,0,1,0,0,Old,Age,Age,,,,3,0,1,desktop,1,0,RUS,West_Russian,West,Russian,0,0,0,0,1,2,0,0,0,0,0,0,0,0,0,0,0,0,0,0
res_00000563_1,chatbot_extended,chatbot,0,0,1,0,0,Less,Utilitarian,Utilitarian,,,,2,1,0,desktop,1,1,RUS,West_Russian,West,Russian,0,0,0,0,1,0,0,0,0,0,0,0,0,0,1,0,0,0,0,0
res_00000563_2,chatbot_extended,chatbot,0,1,1,0,0,More,Utilitarian,Utilitarian,,,,3,1,1,desktop,1,0,RUS,West_Russian,West,Russian,0,0,0,0,1,0,0,0,0,0,0,0,0,1,1,0,0,0,0,0
res_00000564_1,chatbot_extended,chatbot,0,1,1,0,1,Less,Utilitarian,Utilitarian,,,,2,3,0,desktop,1,1,RUS,West_Russian,West,Russian,0,0,1,0,0,0,0,0,0,0,0,0,1,0,0,0,0,0,0,0
res_00000564_2,chatbot_extended,chatbot,0,0,1,0,2,More,Utilitarian,Utilitarian,,,,5,3,1,desktop,1,0,RUS,West_Russian,West,Russian,0,0,1,1,0,0,0,0,0,0,0,0,1,1,1,0,0,0,0,0
res_00000565_1,chatbot_extended,chatbot,0,1,1,0,1,Young,Age,Age,,,,3,0,0,desktop,1,1,RUS,West_Russian,West,Russian,1,1,0,0,0,0,1,0,0,0,0,0,0,0,0,0,0,0,0,0
res_00000565_2,chatbot_extended,chatbot,0,0,1,0,2,Old,Age,Age,,,,3,0,1,desktop,1,0,RUS,West_Russian,West,Russian,0,0,0,0,2,1,0,0,0,0,0,0,0,0,0,0,0,0,0,0
res_00000566_1,chatbot_extended,chatbot,0,0,1,0,0,Young,Age,Age,,,,1,0,0,desktop,1,1,RUS,West_Russian,West,Russian,0,1,0,0,0,0,0,0,0,0,0,0,0,0,0,0,0,0,0,0
res_00000566_2,chatbot_extended,chatbot,0,1,1,0,0,Old,Age,Age,,,,1,0,1,desktop,1,0,RUS,West_Russian,West,Russian,0,0,0,0,0,1,0,0,0,0,0,0,0,0,0,0,0,0,0,0
res_00000567_1,chatbot_extended,chatbot,0,1,1,0,0,Young,Age,Age,,,,4,0,0,desktop,1,1,RUS,West_Russian,West,Russian,1,0,0,0,0,0,2,1,0,0,0,0,0,0,0,0,0,0,0,0
res_00000567_2,chatbot_extended,chatbot,0,0,1,0,0,Old,Age,Age,,,,4,0,1,desktop,1,0,RUS,West_Russian,West,Russian,2,0,0,0,1,1,0,0,0,0,0,0,0,0,0,0,0,0,0,0
res_00000568_1,chatbot_extended,chatbot,0,0,1,0,2,Low,Social Value,Social Value,,,,1,0,0,desktop,1,1,RUS,West_Russian,West,Russian,0,0,0,0,0,0,0,0,1,0,0,0,0,0,0,0,0,0,0,0
res_00000568_2,chatbot_extended,chatbot,0,1,1,0,1,High,Social Value,Social Value,,,,1,0,1,desktop,1,0,RUS,West_Russian,West,Russian,0,0,0,0,0,0,0,0,0,0,0,0,1,0,0,0,0,0,0,0
res_00000569_1,chatbot_extended,chatbot,0,0,1,0,2,Less,Utilitarian,Utilitarian,,,,3,2,0,desktop,1,1,RUS,West_Russian,West,Russian,0,0,0,0,0,1,0,0,0,0,0,0,0,0,0,0,0,0,2,0
res_00000569_2,chatbot_extended,chatbot,0,1,1,0,1,More,Utilitarian,Utilitarian,,,,5,2,1,desktop,1,0,RUS,West_Russian,West,Russian,0,0,0,0,0,1,0,0,0,0,1,0,0,1,0,0,0,0,2,0
res_00000570_1,chatbot_extended,chatbot,0,1,0,1,0,Pets,Species,Species,,,,5,0,1,desktop,1,1,RUS,West_Russian,West,Russian,0,0,0,0,0,0,0,0,0,0,0,0,0,0,0,0,0,0,2,3
res_00000570_2,chatbot_extended,chatbot,0,0,0,0,1,Hoomans,Species,Species,,,,5,0,0,desktop,1,0,RUS,West_Russian,West,Russian,0,1,0,1,0,0,0,1,1,0,0,0,1,0,0,0,0,0,0,0
res_00000571_1,chatbot_extended,chatbot,0,0,0,1,0,Young,Age,Age,,,,1,0,1,desktop,1,1,RUS,West_Russian,West,Russian,1,0,0,0,0,0,0,0,0,0,0,0,0,0,0,0,0,0,0,0
res_00000571_2,chatbot_extended,chatbot,0,1,0,0,0,Old,Age,Age,,,,1,0,0,desktop,1,0,RUS,West_Russian,West,Russian,0,0,0,0,1,0,0,0,0,0,0,0,0,0,0,0,0,0,0,0
res_00000572_1,chatbot_extended,chatbot,0,1,1,0,1,Hoomans,Species,Species,,,,1,0,0,desktop,1,1,RUS,West_Russian,West,Russian,0,0,0,0,0,0,1,0,0,0,0,0,0,0,0,0,0,0,0,0
res_00000572_2,chatbot_extended,chatbot,0,0,1,0,2,Pets,Species,Species,,,,1,0,1,desktop,1,0,RUS,West_Russian,West,Russian,0,0,0,0,0,0,0,0,0,0,0,0,0,0,0,0,0,0,0,1
res_00000573_1,chatbot_extended,chatbot,0,0,1,0,0,Hoomans,Species,Species,,,,4,0,0,desktop,1,1,RUS,West_Russian,West,Russian,0,1,0,0,0,1,0,1,0,0,0,0,1,0,0,0,0,0,0,0
res_00000573_2,chatbot_extended,chatbot,0,1,1,0,0,Pets,Species,Species,,,,4,0,1,desktop,1,0,RUS,West_Russian,West,Russian,0,0,0,0,0,0,0,0,0,0,0,0,0,0,0,0,0,0,2,2
res_00000574_1,chatbot_extended,chatbot,0,0,1,0,0,Fat,Fitness,Fitness,,,,3,0,0,desktop,1,1,RUS,West_Russian,West,Russian,1,0,0,0,0,0,0,0,0,2,0,0,0,0,0,0,0,0,0,0
res_00000574_2,chatbot_extended,chatbot,0,1,1,0,0,Fit,Fitness,Fitness,,,,3,0,1,desktop,1,0,RUS,West_Russian,West,Russian,0,2,0,0,0,0,0,0,0,0,0,0,0,0,0,1,0,0,0,0
res_00000575_1,chatbot_extended,chatbot,0,0,1,0,0,Hoomans,Species,Species,,,,1,0,0,desktop,1,1,RUS,West_Russian,West,Russian,0,0,0,0,0,0,0,0,0,0,0,0,0,0,1,0,0,0,0,0
res_00000575_2,chatbot_extended,chatbot,0,1,1,0,0,Pets,Species,Species,,,,1,0,1,desktop,1,0,RUS,West_Russian,West,Russian,0,0,0,0,0,0,0,0,0,0,0,0,0,0,0,0,0,0,0,1
res_00000576_1,chatbot_extended,chatbot,0,0,1,0,1,Female,Gender,Gender,,,,3,0,0,desktop,1,1,RUS,West_Russian,West,Russian,0,0,0,0,0,0,0,1,0,1,0,0,0,1,0,0,0,0,0,0
res_00000576_2,chatbot_extended,chatbot,0,1,1,0,2,Male,Gender,Gender,,,,3,0,1,desktop,1,0,RUS,West_Russian,West,Russian,0,0,0,0,0,0,1,0,0,0,1,0,1,0,0,0,0,0,0,0
res_00000577_1,chatbot_extended,chatbot,0,1,1,0,2,Low,Social Value,Social Value,,,,4,0,0,desktop,1,1,RUS,West_Russian,West,Russian,0,2,0,0,0,0,0,0,1,0,0,1,0,0,0,0,0,0,0,0
res_00000577_2,chatbot_extended,chatbot,0,0,1,0,1,High,Social Value,Social Value,,,,4,0,1,desktop,1,0,RUS,West_Russian,West,Russian,0,2,1,0,0,0,0,0,0,0,0,0,0,0,0,0,1,0,0,0
res_00000578_1,chatbot_extended,chatbot,0,0,1,0,0,Female,Gender,Gender,,,,3,0,0,desktop,1,1,RUS,West_Russian,West,Russian,0,1,0,0,0,0,0,0,0,1,0,0,0,0,0,0,1,0,0,0
res_00000578_2,chatbot_extended,chatbot,0,1,1,0,0,Male,Gender,Gender,,,,3,0,1,desktop,1,0,RUS,West_Russian,West,Russian,1,0,0,0,0,0,0,0,0,0,1,0,0,0,0,0,0,1,0,0
res_00000579_1,chatbot_extended,chatbot,0,0,0,1,0,Old,Age,Age,,,,4,0,0,desktop,1,1,RUS,West_Russian,West,Russian,1,0,0,0,1,2,0,0,0,0,0,0,0,0,0,0,0,0,0,0
res_00000579_2,chatbot_extended,chatbot,0,1,0,0,0,Young,Age,Age,,,,4,0,1,desktop,1,0,RUS,West_Russian,West,Russian,0,2,0,0,0,0,2,0,0,0,0,0,0,0,0,0,0,0,0,0
res_00000580_1,chatbot_extended,chatbot,0,0,1,0,2,Young,Age,Age,,,,3,0,0,desktop,1,1,RUS,West_Russian,West,Russian,0,1,0,0,0,0,0,2,0,0,0,0,0,0,0,0,0,0,0,0
res_00000580_2,chatbot_extended,chatbot,0,1,1,0,1,Old,Age,Age,,,,3,0,1,desktop,1,0,RUS,West_Russian,West,Russian,0,1,0,0,0,2,0,0,0,0,0,0,0,0,0,0,0,0,0,0
res_00000581_1,chatbot_extended,chatbot,0,0,0,1,0,Fat,Fitness,Fitness,,,,4,0,0,desktop,1,1,RUS,West_Russian,West,Russian,1,0,0,0,0,0,0,0,0,2,1,0,0,0,0,0,0,0,0,0
res_00000581_2,chatbot_extended,chatbot,0,1,0,0,0,Fit,Fitness,Fitness,,,,4,0,1,desktop,1,0,RUS,West_Russian,West,Russian,0,0,0,0,0,0,0,0,0,0,0,0,0,0,2,2,0,0,0,0
res_00000582_1,chatbot_extended,chatbot,0,0,1,0,1,Low,Social Value,Social Value,,,,2,0,0,desktop,1,1,RUS,West_Russian,West,Russian,1,0,0,0,0,0,0,0,0,0,0,1,0,0,0,0,0,0,0,0
res_00000582_2,chatbot_extended,chatbot,0,1,1,0,2,High,Social Value,Social Value,,,,2,0,1,desktop,1,0,RUS,West_Russian,West,Russian,1,0,0,0,0,0,0,0,0,0,0,0,0,0,0,0,0,1,0,0
res_00000583_1,chatbot_extended,chatbot,0,1,1,0,2,Low,Social Value,Social Value,,,,5,0,0,desktop,1,1,RUS,West_Russian,West,Russian,1,1,0,0,0,0,0,0,2,0,0,1,0,0,0,0,0,0,0,0
res_00000583_2,chatbot_extended,chatbot,0,0,1,0,1,High,Social Value,Social Value,,,,5,0,1,desktop,1,0,RUS,West_Russian,West,Russian,2,0,0,0,0,0,0,0,0,0,0,0,1,1,0,0,0,1,0,0
res_00000584_1,chatbot_extended,chatbot,0,1,0,1,0,Pets,Species,Species,,,,2,0,1,desktop,1,1,RUS,West_Russian,West,Russian,0,0,0,0,0,0,0,0,0,0,0,0,0,0,0,0,0,0,1,1
res_00000584_2,chatbot_extended,chatbot,0,0,0,0,0,Hoomans,Species,Species,,,,2,0,0,desktop,1,0,RUS,West_Russian,West,Russian,0,1,0,0,0,0,0,0,0,0,0,0,0,0,0,0,1,0,0,0
res_00000585_1,chatbot_extended,chatbot,0,1,0,1,0,Hoomans,Species,Species,,,,4,0,0,desktop,1,1,RUS,West_Russian,West,Russian,0,0,0,0,1,1,0,0,1,0,0,0,0,0,0,0,1,0,0,0
res_00000585_2,chatbot_extended,chatbot,0,0,0,0,2,Pets,Species,Species,,,,4,0,1,desktop,1,0,RUS,West_Russian,West,Russian,0,0,0,0,0,0,0,0,0,0,0,0,0,0,0,0,0,0,3,1
res_00000586_1,chatbot_extended,chatbot,0,0,1,0,0,Hoomans,Species,Species,,,,4,0,0,desktop,1,1,RUS,West_Russian,West,Russian,0,0,1,1,0,0,0,0,0,0,1,0,0,1,0,0,0,0,0,0
res_00000586_2,chatbot_extended,chatbot,0,1,1,0,0,Pets,Species,Species,,,,4,0,1,desktop,1,0,RUS,West_Russian,West,Russian,0,0,0,0,0,0,0,0,0,0,0,0,0,0,0,0,0,0,3,1
res_00000587_1,chatbot_extended,chatbot,0,0,0,1,0,Male,Gender,Gender,,,,2,0,0,desktop,1,1,RUS,West_Russian,West,Russian,0,0,0,0,1,0,0,0,0,0,1,0,0,0,0,0,0,0,0,0
res_00000587_2,chatbot_extended,chatbot,0,1,0,0,2,Female,Gender,Gender,,,,2,0,1,desktop,1,0,RUS,West_Russian,West,Russian,0,0,0,0,0,1,0,0,0,1,0,0,0,0,0,0,0,0,0,0
res_00000588_1,chatbot_extended,chatbot,0,1,1,0,0,Low,Social Value,Social Value,,,,2,0,0,desktop,1,1,RUS,West_Russian,West,Russian,0,1,0,0,0,0,0,0,0,0,0,1,0,0,0,0,0,0,0,0
res_00000588_2,chatbot_extended,chatbot,0,0,1,0,0,High,Social Value,Social Value,,,,2,0,1,desktop,1,0,RUS,West_Russian,West,Russian,0,1,0,0,0,0,0,0,0,0,0,0,0,1,0,0,0,0,0,0
res_00000589_1,chatbot_extended,chatbot,0,0,0,1,0,Fat,Fitness,Fitness,,,,3,0,0,desktop,1,1,RUS,West_Russian,West,Russian,0,1,0,0,0,0,0,0,0,2,0,0,0,0,0,0,0,0,0,0
res_00000589_2,chatbot_extended,chatbot,0,1,0,0,0,Fit,Fitness,Fitness,,,,3,0,1,desktop,1,0,RUS,West_Russian,West,Russian,0,1,0,0,0,0,0,0,0,0,0,0,0,0,2,0,0,0,0,0
res_00000590_1,chatbot_extended,chatbot,0,1,0,1,0,Low,Social Value,Social Value,,,,5,0,0,desktop,1,1,RUS,West_Russian,West,Russian,2,0,0,0,0,0,0,0,1,0,0,2,0,0,0,0,0,0,0,0
res_00000590_2,chatbot_extended,chatbot,0,0,0,0,0,High,Social Value,Social Value,,,,5,0,1,desktop,1,0,RUS,West_Russian,West,Russian,0,0,1,0,0,0,0,0,0,0,0,0,2,2,0,0,0,0,0,0
res_00000591_1,chatbot_extended,chatbot,0,0,0,1,0,Pets,Species,Species,,,,3,0,0,desktop,1,1,RUS,West_Russian,West,Russian,0,0,0,0,0,0,0,0,0,0,0,0,0,0,0,0,0,0,2,1
res_00000591_2,chatbot_extended,chatbot,0,1,0,0,1,Hoomans,Species,Species,,,,3,0,1,desktop,1,0,RUS,West_Russian,West,Russian,0,0,0,0,0,0,1,1,0,0,0,0,0,1,0,0,0,0,0,0
res_00000592_1,chatbot_extended,chatbot,0,0,1,0,0,Young,Age,Age,,,,1,0,0,desktop,1,1,RUS,West_Russian,West,Russian,0,0,0,0,0,0,0,1,0,0,0,0,0,0,0,0,0,0,0,0
res_00000592_2,chatbot_extended,chatbot,0,1,1,0,0,Old,Age,Age,,,,1,0,1,desktop,1,0,RUS,West_Russian,West,Russian,0,1,0,0,0,0,0,0,0,0,0,0,0,0,0,0,0,0,0,0
res_00000593_1,chatbot_extended,chatbot,0,0,1,0,2,Female,Gender,Gender,,,,1,0,0,desktop,1,1,RUS,West_Russian,West,Russian,0,1,0,0,0,0,0,0,0,0,0,0,0,0,0,0,0,0,0,0
res_00000593_2,chatbot_extended,chatbot,0,1,1,0,1,Male,Gender,Gender,,,,1,0,1,desktop,1,0,RUS,West_Russian,West,Russian,1,0,0,0,0,0,0,0,0,0,0,0,0,0,0,0,0,0,0,0
res_00000594_1,chatbot_extended,chatbot,0,0,1,0,2,Young,Age,Age,,,,2,0,0,desktop,1,1,RUS,West_Russian,West,Russian,0,1,0,0,0,0,0,1,0,0,0,0,0,0,0,0,0,0,0,0
res_00000594_2,chatbot_extended,chatbot,0,1,1,0,1,Old,Age,Age,,,,2,0,1,desktop,1,0,RUS,West_Russian,West,Russian,0,1,0,0,0,1,0,0,0,0,0,0,0,0,0,0,0,0,0,0
res_00000595_1,chatbot_extended,chatbot,0,0,0,1,0,Less,Utilitarian,Utilitarian,,,,4,1,0,desktop,1,1,RUS,West_Russian,West,Russian,0,0,0,1,0,0,0,2,0,0,0,0,0,0,0,0,0,0,0,1
res_00000595_2,chatbot_extended,chatbot,0,1,0,0,1,More,Utilitarian,Utilitarian,,,,5,1,1,desktop,1,0,RUS,West_Russian,West,Russian,0,0,0,1,0,0,0,2,0,0,1,0,0,0,0,0,0,0,0,1
res_00000596_1,chatbot_extended,chatbot,0,0,0,1,0,Low,Social Value,Social Value,,,,2,0,0,desktop,1,1,RUS,West_Russian,West,Russian,1,0,0,0,0,0,0,0,1,0,0,0,0,0,0,0,0,0,0,0
res_00000596_2,chatbot_extended,chatbot,0,1,0,0,1,High,Social Value,Social Value,,,,2,0,1,desktop,1,0,RUS,West_Russian,West,Russian,0,0,0,0,0,0,0,0,0,0,0,0,0,1,0,0,0,1,0,0
res_00000597_1,chatbot_extended,chatbot,0,0,0,1,0,Male,Gender,Gender,,,,1,0,1,desktop,1,1,RUS,West_Russian,West,Russian,0,0,0,0,1,0,0,0,0,0,0,0,0,0,0,0,0,0,0,0
res_00000597_2,chatbot_extended,chatbot,0,1,0,0,1,Female,Gender,Gender,,,,1,0,0,desktop,1,0,RUS,West_Russian,West,Russian,0,0,0,0,0,1,0,0,0,0,0,0,0,0,0,0,0,0,0,0
res_00000598_1,chatbot_extended,chatbot,0,1,0,1,0,More,Utilitarian,Utilitarian,,,,5,3,0,desktop,1,1,RUS,West_Russian,West,Russian,0,0,0,0,0,0,0,1,1,1,0,0,1,0,0,1,0,0,0,0
res_00000598_2,chatbot_extended,chatbot,0,0,0,0,1,Less,Utilitarian,Utilitarian,,,,2,3,1,desktop,1,0,RUS,West_Russian,West,Russian,0,0,0,0,0,0,0,0,0,0,0,0,1,0,0,1,0,0,0,0
res_00000599_1,chatbot_extended,chatbot,0,0,1,0,1,Less,Utilitarian,Utilitarian,,,,3,2,0,desktop,1,1,RUS,West_Russian,West,Russian,0,0,0,1,0,0,0,0,1,0,0,0,0,0,0,0,0,0,1,0
res_00000599_2,chatbot_extended,chatbot,0,1,1,0,2,More,Utilitarian,Utilitarian,,,,5,2,1,desktop,1,0,RUS,West_Russian,West,Russian,0,0,0,1,0,0,0,0,1,1,1,0,0,0,0,0,0,0,1,0
res_00000600_1,chatbot_extended,chatbot,0,0,0,1,0,Hoomans,Species,Species,,,,3,0,0,desktop,1,1,CAN,West_Canadian,West,Canadian,1,1,0,0,0,0,0,0,0,0,0,0,0,0,0,0,1,0,0,0
res_00000600_2,chatbot_extended,chatbot,0,1,0,0,0,Pets,Species,Species,,,,3,0,1,desktop,1,0,CAN,West_Canadian,West,Canadian,0,0,0,0,0,0,0,0,0,0,0,0,0,0,0,0,0,0,1,2
res_00000601_1,chatbot_extended,chatbot,0,0,0,1,0,Male,Gender,Gender,,,,2,0,0,desktop,1,1,CAN,West_Canadian,West,Canadian,0,0,0,0,0,0,2,0,0,0,0,0,0,0,0,0,0,0,0,0
res_00000601_2,chatbot_extended,chatbot,0,1,0,0,2,Female,Gender,Gender,,,,2,0,1,desktop,1,0,CAN,West_Canadian,West,Canadian,0,0,0,0,0,0,0,2,0,0,0,0,0,0,0,0,0,0,0,0
res_00000602_1,chatbot_extended,chatbot,0,1,1,0,2,Young,Age,Age,,,,1,0,0,desktop,1,1,CAN,West_Canadian,West,Canadian,0,0,0,0,0,0,0,1,0,0,0,0,0,0,0,0,0,0,0,0
res_00000602_2,chatbot_extended,chatbot,0,0,1,0,1,Old,Age,Age,,,,1,0,1,desktop,1,0,CAN,West_Canadian,West,Canadian,0,1,0,0,0,0,0,0,0,0,0,0,0,0,0,0,0,0,0,0
res_00000603_1,chatbot_extended,chatbot,0,1,0,1,0,Pets,Species,Species,,,,1,0,1,desktop,1,1,CAN,West_Canadian,West,Canadian,0,0,0,0,0,0,0,0,0,0,0,0,0,0,0,0,0,0,1,0
res_00000603_2,chatbot_extended,chatbot,0,0,0,0,1,Hoomans,Species,Species,,,,1,0,0,desktop,1,0,CAN,West_Canadian,West,Canadian,0,0,0,0,0,1,0,0,0,0,0,0,0,0,0,0,0,0,0,0
res_00000604_1,chatbot_extended,chatbot,0,0,1,0,0,Hoomans,Species,Species,,,,2,0,0,desktop,1,1,CAN,West_Canadian,West,Canadian,0,0,0,0,0,0,0,0,0,0,0,1,0,0,1,0,0,0,0,0
res_00000604_2,chatbot_extended,chatbot,0,1,1,0,0,Pets,Species,Species,,,,2,0,1,desktop,1,0,CAN,West_Canadian,West,Canadian,0,0,0,0,0,0,0,0,0,0,0,0,0,0,0,0,0,0,1,1
res_00000605_1,chatbot_extended,chatbot,0,0,0,1,0,Fat,Fitness,Fitness,,,,5,0,0,desktop,1,1,CAN,West_Canadian,West,Canadian,1,2,0,0,0,0,0,0,0,1,1,0,0,0,0,0,0,0,0,0
res_00000605_2,chatbot_extended,chatbot,0,1,0,0,0,Fit,Fitness,Fitness,,,,5,0,1,desktop,1,0,CAN,West_Canadian,West,Canadian,0,0,0,0,0,0,0,0,0,0,0,0,0,0,3,2,0,0,0,0
res_00000606_1,chatbot_extended,chatbot,0,0,0,1,0,Old,Age,Age,,,,1,0,1,desktop,1,1,CAN,West_Canadian,West,Canadian,0,0,0,0,0,1,0,0,0,0,0,0,0,0,0,0,0,0,0,0
res_00000606_2,chatbot_extended,chatbot,0,1,0,0,1,Young,Age,Age,,,,1,0,0,desktop,1,0,CAN,West_Canadian,West,Canadian,0,0,0,0,0,0,0,1,0,0,0,0,0,0,0,0,0,0,0,0
res_00000607_1,chatbot_extended,chatbot,0,0,0,1,0,Fat,Fitness,Fitness,,,,4,0,0,desktop,1,1,CAN,West_Canadian,West,Canadian,1,1,0,0,0,0,0,0,0,1,1,0,0,0,0,0,0,0,0,0
res_00000607_2,chatbot_extended,chatbot,0,1,0,0,0,Fit,Fitness,Fitness,,,,4,0,1,desktop,1,0,CAN,West_Canadian,West,Canadian,1,1,0,0,0,0,0,0,0,0,0,0,0,0,1,1,0,0,0,0
res_00000608_1,chatbot_extended,chatbot,0,0,0,1,0,Hoomans,Species,Species,,,,5,0,0,desktop,1,1,CAN,West_Canadian,West,Canadian,0,1,0,0,0,1,0,0,1,1,0,0,0,0,1,0,0,0,0,0
res_00000608_2,chatbot_extended,chatbot,0,1,0,0,0,Pets,Species,Species,,,,5,0,1,desktop,1,0,CAN,West_Canadian,West,Canadian,0,0,0,0,0,0,0,0,0,0,0,0,0,0,0,0,0,0,3,2
res_00000609_1,chatbot_extended,chatbot,0,1,1,0,1,Less,Utilitarian,Utilitarian,,,,2,2,0,desktop,1,1,CAN,West_Canadian,West,Canadian,0,0,0,0,0,0,0,0,1,0,0,0,0,0,0,0,0,0,0,1
res_00000609_2,chatbot_extended,chatbot,0,0,1,0,2,More,Utilitarian,Utilitarian,,,,4,2,1,desktop,1,0,CAN,West_Canadian,West,Canadian,1,0,1,0,0,0,0,0,1,0,0,0,0,0,0,0,0,0,0,1
res_00000610_1,chatbot_extended,chatbot,0,0,1,0,0,Female,Gender,Gender,,,,4,0,0,desktop,1,1,CAN,West_Canadian,West,Canadian,0,1,0,0,0,0,0,0,0,1,0,0,0,2,0,0,0,0,0,0
res_00000610_2,chatbot_extended,chatbot,0,1,1,0,0,Male,Gender,Gender,,,,4,0,1,desktop,1,0,CAN,West_Canadian,West,Canadian,1,0,0,0,0,0,0,0,0,0,1,0,2,0,0,0,0,0,0,0
res_00000611_1,chatbot_extended,chatbot,0,0,0,1,0,Hoomans,Species,Species,,,,1,0,0,desktop,1,1,CAN,West_Canadian,West,Canadian,0,0,0,0,0,0,0,0,0,1,0,0,0,0,0,0,0,0,0,0
res_00000611_2,chatbot_extended,chatbot,0,1,0,0,0,Pets,Species,Species,,,,1,0,1,desktop,1,0,CAN,West_Canadian,West,Canadian,0,0,0,0,0,0,0,0,0,0,0,0,0,0,0,0,0,0,0,1
res_00000612_1,chatbot_extended,chatbot,0,0,1,0,0,Hoomans,Species,Species,,,,1,0,0,desktop,1,1,CAN,West_Canadian,West,Canadian,0,0,0,0,0,0,0,0,0,0,0,0,0,1,0,0,0,0,0,0
res_00000612_2,chatbot_extended,chatbot,0,1,1,0,0,Pets,Species,Species,,,,1,0,1,desktop,1,0,CAN,West_Canadian,West,Canadian,0,0,0,0,0,0,0,0,0,0,0,0,0,0,0,0,0,0,0,1
res_00000613_1,chatbot_extended,chatbot,0,0,1,0,1,Female,Gender,Gender,,,,2,0,0,desktop,1,1,CAN,West_Canadian,West,Canadian,0,0,0,0,0,0,0,1,0,0,0,0,0,0,0,0,1,0,0,0
res_00000613_2,chatbot_extended,chatbot,0,1,1,0,2,Male,Gender,Gender,,,,2,0,1,desktop,1,0,CAN,West_Canadian,West,Canadian,0,0,0,0,0,0,1,0,0,0,0,0,0,0,0,0,0,1,0,0
res_00000614_1,chatbot_extended,chatbot,0,1,0,1,0,Less,Utilitarian,Utilitarian,,,,4,1,0,desktop,1,1,CAN,West_Canadian,West,Canadian,0,0,1,0,0,0,0,0,0,0,1,0,0,1,0,0,0,0,1,0
res_00000614_2,chatbot_extended,chatbot,0,0,0,0,1,More,Utilitarian,Utilitarian,,,,5,1,1,desktop,1,0,CAN,West_Canadian,West,Canadian,0,0,1,0,0,0,0,1,0,0,1,0,0,1,0,0,0,0,1,0
res_00000615_1,chatbot_extended,chatbot,0,0,1,0,2,Fat,Fitness,Fitness,,,,2,0,0,desktop,1,1,CAN,West_Canadian,West,Canadian,1,0,0,0,0,0,0,0,0,0,1,0,0,0,0,0,0,0,0,0
res_00000615_2,chatbot_extended,chatbot,0,1,1,0,1,Fit,Fitness,Fitness,,,,2,0,1,desktop,1,0,CAN,West_Canadian,West,Canadian,1,0,0,0,0,0,0,0,0,0,0,0,0,0,0,1,0,0,0,0
res_00000616_1,chatbot_extended,chatbot,0,0,0,1,0,Female,Gender,Gender,,,,5,0,0,desktop,1,1,CAN,West_Canadian,West,Canadian,0,1,0,0,0,0,0,2,0,2,0,0,0,0,0,0,0,0,0,0
res_00000616_2,chatbot_extended,chatbot,0,1,0,0,1,Male,Gender,Gender,,,,5,0,1,desktop,1,0,CAN,West_Canadian,West,Canadian,1,0,0,0,0,0,2,0,0,0,2,0,0,0,0,0,0,0,0,0
res_00000617_1,chatbot_extended,chatbot,0,1,1,0,1,Female,Gender,Gender,,,,2,0,0,desktop,1,1,CAN,West_Canadian,West,Canadian,0,0,0,0,0,1,0,0,0,0,0,0,0,0,0,0,1,0,0,0
res_00000617_2,chatbot_extended,chatbot,0,0,1,0,2,Male,Gender,Gender,,,,2,0,1,desktop,1,0,CAN,West_Canadian,West,Canadian,0,0,0,0,1,0,0,0,0,0,0,0,0,0,0,0,0,1,0,0
res_00000618_1,chatbot_extended,chatbot,0,1,0,1,0,Low,Social Value,Social Value,,,,3,0,0,desktop,1,1,CAN,West_Canadian,West,Canadian,0,0,0,0,0,0,0,0,0,0,0,3,0,0,0,0,0,0,0,0
res_00000618_2,chatbot_extended,chatbot,0,0,0,0,1,High,Social Value,Social Value,,,,3,0,1,desktop,1,0,CAN,West_Canadian,West,Canadian,0,1,0,0,0,0,0,0,0,0,0,0,0,1,0,0,0,1,0,0
res_00000619_1,chatbot_extended,chatbot,0,1,1,0,0,Fat,Fitness,Fitness,,,,4,0,0,desktop,1,1,CAN,West_Canadian,West,Canadian,0,1,0,0,0,0,0,0,0,1,2,0,0,0,0,0,0,0,0,0
res_00000619_2,chatbot_extended,chatbot,0,0,1,0,0,Fit,Fitness,Fitness,,,,4,0,1,desktop,1,0,CAN,West_Canadian,West,Canadian,0,1,0,0,0,0,0,0,0,0,0,0,0,0,1,2,0,0,0,0
res_00000620_1,chatbot_extended,chatbot,0,0,1,0,2,Young,Age,Age,,,,5,0,0,desktop,1,1,CAN,West_Canadian,West,Canadian,0,2,0,0,0,0,2,1,0,0,0,0,0,0,0,0,0,0,0,0
res_00000620_2,chatbot_extended,chatbot,0,1,1,0,1,Old,Age,Age,,,,5,0,1,desktop,1,0,CAN,West_Canadian,West,Canadian,1,0,0,0,1,3,0,0,0,0,0,0,0,0,0,0,0,0,0,0
res_00000621_1,chatbot_extended,chatbot,0,1,0,1,0,Less,Utilitarian,Utilitarian,,,,4,1,0,desktop,1,1,CAN,West_Canadian,West,Canadian,0,0,0,0,0,0,0,2,1,0,0,0,0,1,0,0,0,0,0,0
res_00000621_2,chatbot_extended,chatbot,0,0,0,0,0,More,Utilitarian,Utilitarian,,,,5,1,1,desktop,1,0,CAN,West_Canadian,West,Canadian,0,0,0,0,0,0,1,2,1,0,0,0,0,1,0,0,0,0,0,0
res_00000622_1,chatbot_extended,chatbot,0,0,0,1,0,High,Social Value,Social Value,,,,4,0,0,desktop,1,1,CAN,West_Canadian,West,Canadian,0,1,0,0,0,0,0,0,0,0,0,0,1,1,0,0,0,1,0,0
res_00000622_2,chatbot_extended,chatbot,0,1,0,0,0,Low,Social Value,Social Value,,,,4,0,1,desktop,1,0,CAN,West_Canadian,West,Canadian,0,2,0,0,0,0,0,0,1,0,0,1,0,0,0,0,0,0,0,0
res_00000623_1,chatbot_extended,chatbot,0,1,1,0,0,Female,Gender,Gender,,,,1,0,0,desktop,1,1,CAN,West_Canadian,West,Canadian,0,0,0,0,0,0,0,0,0,0,0,0,0,0,0,0,1,0,0,0
res_00000623_2,chatbot_extended,chatbot,0,0,1,0,0,Male,Gender,Gender,,,,1,0,1,desktop,1,0,CAN,West_Canadian,West,Canadian,0,0,0,0,0,0,0,0,0,0,0,0,0,0,0,0,0,1,0,0
res_00000624_1,chatbot_extended,chatbot,0,0,1,0,2,Hoomans,Species,Species,,,,4,0,0,desktop,1,1,CAN,West_Canadian,West,Canadian,0,0,0,0,0,1,0,0,0,0,1,1,0,0,0,0,0,1,0,0
res_00000624_2,chatbot_extended,chatbot,0,1,1,0,1,Pets,Species,Species,,,,4,0,1,desktop,1,0,CAN,West_Canadian,West,Canadian,0,0,0,0,0,0,0,0,0,0,0,0,0,0,0,0,0,0,2,2
res_00000625_1,chatbot_extended,chatbot,0,0,0,1,0,Fit,Fitness,Fitness,,,,5,0,0,desktop,1,1,CAN,West_Canadian,West,Canadian,2,0,0,0,0,0,0,0,0,0,0,0,0,0,2,1,0,0,0,0
res_00000625_2,chatbot_extended,chatbot,0,1,0,0,0,Fat,Fitness,Fitness,,,,5,0,1,desktop,1,0,CAN,West_Canadian,West,Canadian,1,1,0,0,0,0,0,0,0,1,2,0,0,0,0,0,0,0,0,0
res_00000626_1,chatbot_extended,chatbot,0,1,1,0,1,Young,Age,Age,,,,4,0,0,desktop,1,1,CAN,West_Canadian,West,Canadian,0,0,0,0,0,0,1,3,0,0,0,0,0,0,0,0,0,0,0,0
res_00000626_2,chatbot_extended,chatbot,0,0,1,0,2,Old,Age,Age,,,,4,0,1,desktop,1,0,CAN,West_Canadian,West,Canadian,1,0,0,0,0,3,0,0,0,0,0,0,0,0,0,0,0,0,0,0
res_00000627_1,chatbot_extended,chatbot,0,0,0,1,0,Young,Age,Age,,,,4,0,1,desktop,1,1,CAN,West_Canadian,West,Canadian,0,0,0,0,0,0,0,4,0,0,0,0,0,0,0,0,0,0,0,0
res_00000627_2,chatbot_extended,chatbot,0,1,0,0,0,Old,Age,Age,,,,4,0,0,desktop,1,0,CAN,West_Canadian,West,Canadian,0,2,0,0,0,2,0,0,0,0,0,0,0,0,0,0,0,0,0,0
res_00000628_1,chatbot_extended,chatbot,0,0,0,1,0,Male,Gender,Gender,,,,4,0,0,desktop,1,1,CAN,West_Canadian,West,Canadian,0,0,0,0,3,0,0,0,0,0,0,0,1,0,0,0,0,0,0,0
res_00000628_2,chatbot_extended,chatbot,0,1,0,0,2,Female,Gender,Gender,,,,4,0,1,desktop,1,0,CAN,West_Canadian,West,Canadian,0,0,0,0,0,3,0,0,0,0,0,0,0,1,0,0,0,0,0,0
res_00000629_1,chatbot_extended,chatbot,0,1,1,0,2,Young,Age,Age,,,,1,0,0,desktop,1,1,CAN,West_Canadian,West,Canadian,1,0,0,0,0,0,0,0,0,0,0,0,0,0,0,0,0,0,0,0
res_00000629_2,chatbot_extended,chatbot,0,0,1,0,1,Old,Age,Age,,,,1,0,1,desktop,1,0,CAN,West_Canadian,West,Canadian,0,0,0,0,1,0,0,0,0,0,0,0,0,0,0,0,0,0,0,0
res_00000630_1,chatbot_extended,chatbot,0,1,1,0,0,Fat,Fitness,Fitness,,,,4,0,0,desktop,1,1,CAN,West_Canadian,West,Canadian,1,1,0,0,0,0,0,0,0,0,2,0,0,0,0,0,0,0,0,0
res_00000630_2,chatbot_extended,chatbot,0,0,1,0,0,Fit,Fitness,Fitness,,,,4,0,1,desktop,1,0,CAN,West_Canadian,West,Canadian,1,0,0,0,0,0,0,0,0,0,0,0,0,0,1,2,0,0,0,0
res_00000631_1,chatbot_extended,chatbot,0,1,1,0,1,Female,Gender,Gender,,,,2,0,0,desktop,1,1,CAN,West_Canadian,West,Canadian,0,0,0,0,0,0,0,0,0,0,0,0,0,0,0,0,2,0,0,0
res_00000631_2,chatbot_extended,chatbot,0,0,1,0,2,Male,Gender,Gender,,,,2,0,1,desktop,1,0,CAN,West_Canadian,West,Canadian,0,0,0,0,0,0,0,0,0,0,0,0,0,0,0,0,0,2,0,0
res_00000632_1,chatbot_extended,chatbot,0,1,1,0,2,Low,Social Value,Social Value,,,,1,0,0,desktop,1,1,CAN,West_Canadian,West,Canadian,0,0,0,0,0,0,0,0,0,0,0,1,0,0,0,0,0,0,0,0
res_00000632_2,chatbot_extended,chatbot,0,0,1,0,1,High,Social Value,Social Value,,,,1,0,1,desktop,1,0,CAN,West_Canadian,West,Canadian,0,0,1,0,0,0,0,0,0,0,0,0,0,0,0,0,0,0,0,0
res_00000633_1,chatbot_extended,chatbot,0,1,1,0,0,Hoomans,Species,Species,,,,2,0,0,desktop,1,1,CAN,West_Canadian,West,Canadian,0,0,0,0,0,2,0,0,0,0,0,0,0,0,0,0,0,0,0,0
res_00000633_2,chatbot_extended,chatbot,0,0,1,0,0,Pets,Species,Species,,,,2,0,1,desktop,1,0,CAN,West_Canadian,West,Canadian,0,0,0,0,0,0,0,0,0,0,0,0,0,0,0,0,0,0,2,0
res_00000634_1,chatbot_extended,chatbot,0,0,0,1,0,Less,Utilitarian,Utilitarian,,,,3,2,0,desktop,1,1,CAN,West_Canadian,West,Canadian,0,0,0,0,0,0,0,0,1,1,0,0,0,0,0,1,0,0,0,0
res_00000634_2,chatbot_extended,chatbot,0,1,0,0,2,More,Utilitarian,Utilitarian,,,,5,2,1,desktop,1,0,CAN,West_Canadian,West,Canadian,0,0,0,1,0,0,0,1,1,1,0,0,0,0,0,1,0,0,0,0
res_00000635_1,chatbot_extended,chatbot,0,1,1,0,2,Female,Gender,Gender,,,,2,0,0,desktop,1,1,CAN,West_Canadian,West,Canadian,0,1,0,0,0,0,0,0,0,0,0,0,0,0,0,0,1,0,0,0
res_00000635_2,chatbot_extended,chatbot,0,0,1,0,1,Male,Gender,Gender,,,,2,0,1,desktop,1,0,CAN,West_Canadian,West,Canadian,1,0,0,0,0,0,0,0,0,0,0,0,0,0,0,0,0,1,0,0
res_00000636_1,chatbot_extended,chatbot,0,0,1,0,0,Young,Age,Age,,,,2,0,0,desktop,1,1,CAN,West_Canadian,West,Canadian,1,0,0,0,0,0,1,0,0,0,0,0,0,0,0,0,0,0,0,0
res_00000636_2,chatbot_extended,chatbot,0,1,1,0,0,Old,Age,Age,,,,2,0,1,desktop,1,0,CAN,West_Canadian,West,Canadian,1,0,0,0,1,0,0,0,0,0,0,0,0,0,0,0,0,0,0,0
res_00000637_1,chatbot_extended,chatbot,0,1,1,0,1,Fat,Fitness,Fitness,,,,2,0,0,desktop,1,1,CAN,West_Canadian,West,Canadian,0,0,0,0,0,0,0,0,0,2,0,0,0,0,0,0,0,0,0,0
res_00000637_2,chatbot_extended,chatbot,0,0,1,0,2,Fit,Fitness,Fitness,,,,2,0,1,desktop,1,0,CAN,West_Canadian,West,Canadian,0,1,0,0,0,0,0,0,0,0,0,0,0,0,1,0,0,0,0,0
res_00000638_1,chatbot_extended,chatbot,0,1,0,1,0,High,Social Value,Social Value,,,,3,0,0,desktop,1,1,CAN,West_Canadian,West,Canadian,1,0,0,0,0,0,0,0,0,0,0,0,0,0,0,0,2,0,0,0
res_00000638_2,chatbot_extended,chatbot,0,0,0,0,2,Low,Social Value,Social Value,,,,3,0,1,desktop,1,0,CAN,West_Canadian,West,Canadian,0,1,0,0,0,0,0,0,1,0,0,1,0,0,0,0,0,0,0,0
res_00000639_1,chatbot_extended,chatbot,0,1,1,0,1,Low,Social Value,Social Value,,,,2,0,0,desktop,1,1,CAN,West_Canadian,West,Canadian,0,0,0,0,0,0,0,0,2,0,0,0,0,0,0,0,0,0,0,0
res_00000639_2,chatbot_extended,chatbot,0,0,1,0,2,High,Social Value,Social Value,,,,2,0,1,desktop,1,0,CAN,West_Canadian,West,Canadian,0,0,0,0,0,0,0,0,0,0,0,0,0,1,0,0,0,1,0,0
res_00000640_1,chatbot_extended,chatbot,0,0,1,0,2,Low,Social Value,Social Value,,,,1,0,0,desktop,1,1,CAN,West_Canadian,West,Canadian,0,0,0,0,0,0,0,0,1,0,0,0,0,0,0,0,0,0,0,0
res_00000640_2,chatbot_extended,chatbot,0,1,1,0,1,High,Social Value,Social Value,,,,1,0,1,desktop,1,0,CAN,West_Canadian,West,Canadian,0,0,0,0,0,0,0,0,0,0,0,0,0,1,0,0,0,0,0,0
res_00000641_1,chatbot_extended,chatbot,0,0,1,0,1,Less,Utilitarian,Utilitarian,,,,1,1,0,desktop,1,1,CAN,West_Canadian,West,Canadian,0,1,0,0,0,0,0,0,0,0,0,0,0,0,0,0,0,0,0,0
res_00000641_2,chatbot_extended,chatbot,0,1,1,0,2,More,Utilitarian,Utilitarian,,,,2,1,1,desktop,1,0,CAN,West_Canadian,West,Canadian,0,1,1,0,0,0,0,0,0,0,0,0,0,0,0,0,0,0,0,0
res_00000642_1,chatbot_extended,chatbot,0,1,0,1,0,High,Social Value,Social Value,,,,4,0,0,desktop,1,1,CAN,West_Canadian,West,Canadian,0,1,0,0,0,0,0,0,0,0,0,0,0,1,0,0,1,1,0,0
res_00000642_2,chatbot_extended,chatbot,0,0,0,0,0,Low,Social Value,Social Value,,,,4,0,1,desktop,1,0,CAN,West_Canadian,West,Canadian,1,1,0,0,0,0,0,0,1,0,0,1,0,0,0,0,0,0,0,0
res_00000643_1,chatbot_extended,chatbot,0,0,1,0,0,Hoomans,Species,Species,,,,1,0,0,desktop,1,1,CAN,West_Canadian,West,Canadian,0,0,0,0,0,0,0,0,0,0,0,0,0,0,1,0,0,0,0,0
res_00000643_2,chatbot_extended,chatbot,0,1,1,0,0,Pets,Species,Species,,,,1,0,1,desktop,1,0,CAN,West_Canadian,West,Canadian,0,0,0,0,0,0,0,0,0,0,0,0,0,0,0,0,0,0,1,0
res_00000644_1,chatbot_extended,chatbot,0,1,1,0,1,Fat,Fitness,Fitness,,,,4,0,0,desktop,1,1,CAN,West_Canadian,West,Canadian,1,1,0,0,0,0,0,0,0,0,2,0,0,0,0,0,0,0,0,0
res_00000644_2,chatbot_extended,chatbot,0,0,1,0,2,Fit,Fitness,Fitness,,,,4,0,1,desktop,1,0,CAN,West_Canadian,West,Canadian,1,0,0,0,0,0,0,0,0,0,0,0,0,0,1,2,0,0,0,0
res_00000645_1,chatbot_extended,chatbot,0,1,0,1,0,Less,Utilitarian,Utilitarian,,,,3,1,0,desktop,1,1,CAN,West_Canadian,West,Canadian,0,0,0,0,0,0,0,0,1,1,0,0,0,1,0,0,0,0,0,0
res_00000645_2,chatbot_extended,chatbot,0,0,0,0,1,More,Utilitarian,Utilitarian,,,,4,1,1,desktop,1,0,CAN,West_Canadian,West,Canadian,0,0,0,0,0,0,0,1,1,1,0,0,0,1,0,0,0,0,0,0
res_00000646_1,chatbot_extended,chatbot,0,1,0,1,0,More,Utilitarian,Utilitarian,,,,5,3,1,desktop,1,1,CAN,West_Canadian,West,Canadian,0,0,3,0,0,0,0,0,0,0,0,0,0,0,0,0,0,0,1,1
res_00000646_2,chatbot_extended,chatbot,0,0,0,0,0,Less,Utilitarian,Utilitarian,,,,2,3,0,desktop,1,0,CAN,West_Canadian,West,Canadian,0,0,1,0,0,0,0,0,0,0,0,0,0,0,0,0,0,0,0,1
res_00000647_1,chatbot_extended,chatbot,0,0,0,1,0,Female,Gender,Gender,,,,4,0,0,desktop,1,1,CAN,West_Canadian,West,Canadian,0,1,0,0,0,1,0,0,0,0,0,0,0,0,1,0,1,0,0,0
res_00000647_2,chatbot_extended,chatbot,0,1,0,0,0,Male,Gender,Gender,,,,4,0,1,desktop,1,0,CAN,West_Canadian,West,Canadian,1,0,0,0,1,0,0,0,0,0,0,0,0,0,0,1,0,1,0,0
res_00000648_1,chatbot_extended,chatbot,0,0,1,0,0,Hoomans,Species,Species,,,,4,0,0,desktop,1,1,CAN,West_Canadian,West,Canadian,1,0,0,0,0,0,0,0,0,0,0,1,0,0,0,1,0,1,0,0
res_00000648_2,chatbot_extended,chatbot,0,1,1,0,0,Pets,Species,Species,,,,4,0,1,desktop,1,0,CAN,West_Canadian,West,Canadian,0,0,0,0,0,0,0,0,0,0,0,0,0,0,0,0,0,0,4,0
res_00000649_1,chatbot_extended,chatbot,0,0,1,0,1,Young,Age,Age,,,,2,0,0,desktop,1,1,CAN,West_Canadian,West,Canadian,2,0,0,0,0,0,0,0,0,0,0,0,0,0,0,0,0,0,0,0
res_00000649_2,chatbot_extended,chatbot,0,1,1,0,2,Old,Age,Age,,,,2,0,1,desktop,1,0,CAN,West_Canadian,West,Canadian,0,0,0,0,2,0,0,0,0,0,0,0,0,0,0,0,0,0,0,0
res_00000650_1,chatbot_extended,chatbot,0,1,0,1,0,Young,Age,Age,,,,5,0,0,desktop,1,1,CAN,West_Canadian,West,Canadian,0,0,0,0,0,0,2,3,0,0,0,0,0,0,0,0,0,0,0,0
res_00000650_2,chatbot_extended,chatbot,0,0,0,0,2,Old,Age,Age,,,,5,0,1,desktop,1,0,CAN,West_Canadian,West,Canadian,1,2,0,0,1,1,0,0,0,0,0,0,0,0,0,0,0,0,0,0
res_00000651_1,chatbot_extended,chatbot,0,0,0,1,0,Old,Age,Age,,,,3,0,0,desktop,1,1,CAN,West_Canadian,West,Canadian,0,1,0,0,0,2,0,0,0,0,0,0,0,0,0,0,0,0,0,0
res_00000651_2,chatbot_extended,chatbot,0,1,0,0,2,Young,Age,Age,,,,3,0,1,desktop,1,0,CAN,West_Canadian,West,Canadian,0,2,0,0,0,0,0,1,0,0,0,0,0,0,0,0,0,0,0,0
res_00000652_1,chatbot_extended,chatbot,0,0,0,1,0,Low,Social Value,Social Value,,,,1,0,0,desktop,1,1,CAN,West_Canadian,West,Canadian,0,0,0,0,0,0,0,0,0,0,0,1,0,0,0,0,0,0,0,0
res_00000652_2,chatbot_extended,chatbot,0,1,0,0,0,High,Social Value,Social Value,,,,1,0,1,desktop,1,0,CAN,West_Canadian,West,Canadian,1,0,0,0,0,0,0,0,0,0,0,0,0,0,0,0,0,0,0,0
res_00000653_1,chatbot_extended,chatbot,0,1,0,1,0,Low,Social Value,Social Value,,,,1,0,0,desktop,1,1,CAN,West_Canadian,West,Canadian,0,0,0,0,0,0,0,0,0,0,0,1,0,0,0,0,0,0,0,0
res_00000653_2,chatbot_extended,chatbot,0,0,0,0,2,High,Social Value,Social Value,,,,1,0,1,desktop,1,0,CAN,West_Canadian,West,Canadian,1,0,0,0,0,0,0,0,0,0,0,0,0,0,0,0,0,0,0,0
res_00000654_1,chatbot_extended,chatbot,0,0,0,1,0,Old,Age,Age,,,,1,0,1,desktop,1,1,CAN,West_Canadian,West,Canadian,0,0,0,0,1,0,0,0,0,0,0,0,0,0,0,0,0,0,0,0
res_00000654_2,chatbot_extended,chatbot,0,1,0,0,1,Young,Age,Age,,,,1,0,0,desktop,1,0,CAN,West_Canadian,West,Canadian,1,0,0,0,0,0,0,0,0,0,0,0,0,0,0,0,0,0,0,0
res_00000655_1,chatbot_extended,chatbot,0,1,0,1,0,Hoomans,Species,Species,,,,4,0,0,desktop,1,1,CAN,West_Canadian,West,Canadian,0,0,0,0,0,0,1,0,0,0,0,1,0,0,1,1,0,0,0,0
res_00000655_2,chatbot_extended,chatbot,0,0,0,0,2,Pets,Species,Species,,,,4,0,1,desktop,1,0,CAN,West_Canadian,West,Canadian,0,0,0,0,0,0,0,0,0,0,0,0,0,0,0,0,0,0,3,1
res_00000656_1,chatbot_extended,chatbot,0,1,0,1,0,Less,Utilitarian,Utilitarian,,,,2,1,0,desktop,1,1,CAN,West_Canadian,West,Canadian,0,0,0,1,0,0,0,0,0,0,0,0,0,0,0,0,1,0,0,0
res_00000656_2,chatbot_extended,chatbot,0,0,0,0,1,More,Utilitarian,Utilitarian,,,,3,1,1,desktop,1,0,CAN,West_Canadian,West,Canadian,0,0,0,1,0,0,0,0,0,0,0,0,0,0,0,1,1,0,0,0
res_00000657_1,chatbot_extended,chatbot,0,0,1,0,0,Less,Utilitarian,Utilitarian,,,,2,3,0,desktop,1,1,CAN,West_Canadian,West,Canadian,0,0,0,0,0,0,0,0,0,0,1,0,0,0,0,0,1,0,0,0
res_00000657_2,chatbot_extended,chatbot,0,1,1,0,0,More,Utilitarian,Utilitarian,,,,5,3,1,desktop,1,0,CAN,West_Canadian,West,Canadian,1,1,0,0,0,0,0,0,0,0,1,0,0,0,0,0,1,1,0,0
res_00000658_1,chatbot_extended,chatbot,0,1,0,1,0,Fit,Fitness,Fitness,,,,2,0,1,desktop,1,1,CAN,West_Canadian,West,Canadian,0,0,0,0,0,0,0,0,0,0,0,0,0,0,1,1,0,0,0,0
res_00000658_2,chatbot_extended,chatbot,0,0,0,0,0,Fat,Fitness,Fitness,,,,2,0,0,desktop,1,0,CAN,West_Canadian,West,Canadian,0,1,0,0,0,0,0,0,0,0,1,0,0,0,0,0,0,0,0,0
res_00000659_1,chatbot_extended,chatbot,0,0,1,0,0,Female,Gender,Gender,,,,3,0,0,desktop,1,1,CAN,West_Canadian,West,Canadian,0,0,0,0,0,0,0,0,0,0,0,0,0,0,2,0,1,0,0,0
res_00000659_2,chatbot_extended,chatbot,0,1,1,0,0,Male,Gender,Gender,,,,3,0,1,desktop,1,0,CAN,West_Canadian,West,Canadian,0,0,0,0,0,0,0,0,0,0,0,0,0,0,0,2,0,1,0,0
res_00000660_1,chatbot_extended,chatbot,0,0,0,1,0,Less,Utilitarian,Utilitarian,,,,1,1,0,desktop,1,1,CAN,West_Canadian,West,Canadian,0,0,0,0,0,0,0,1,0,0,0,0,0,0,0,0,0,0,0,0
res_00000660_2,chatbot_extended,chatbot,0,1,0,0,1,More,Utilitarian,Utilitarian,,,,2,1,1,desktop,1,0,CAN,West_Canadian,West,Canadian,0,0,0,0,0,0,0,1,0,1,0,0,0,0,0,0,0,0,0,0
res_00000661_1,chatbot_extended,chatbot,0,1,0,1,0,Hoomans,Species,Species,,,,2,0,0,desktop,1,1,CAN,West_Canadian,West,Canadian,0,0,0,0,0,0,0,0,0,1,0,0,1,0,0,0,0,0,0,0
res_00000661_2,chatbot_extended,chatbot,0,0,0,0,0,Pets,Species,Species,,,,2,0,1,desktop,1,0,CAN,West_Canadian,West,Canadian,0,0,0,0,0,0,0,0,0,0,0,0,0,0,0,0,0,0,1,1
res_00000662_1,chatbot_extended,chatbot,0,1,1,0,0,Young,Age,Age,,,,3,0,0,desktop,1,1,CAN,West_Canadian,West,Canadian,1,1,0,0,0,0,0,1,0,0,0,0,0,0,0,0,0,0,0,0
res_00000662_2,chatbot_extended,chatbot,0,0,1,0,0,Old,Age,Age,,,,3,0,1,desktop,1,0,CAN,West_Canadian,West,Canadian,0,0,0,0,1,2,0,0,0,0,0,0,0,0,0,0,0,0,0,0
res_00000663_1,chatbot_extended,chatbot,0,0,1,0,0,Less,Utilitarian,Utilitarian,,,,2,1,0,desktop,1,1,CAN,West_Canadian,West,Canadian,0,0,0,0,1,0,0,0,0,0,0,0,0,0,1,0,0,0,0,0
res_00000663_2,chatbot_extended,chatbot,0,1,1,0,0,More,Utilitarian,Utilitarian,,,,3,1,1,desktop,1,0,CAN,West_Canadian,West,Canadian,0,0,0,0,1,0,0,0,0,0,0,0,0,1,1,0,0,0,0,0
res_00000664_1,chatbot_extended,chatbot,0,1,1,0,1,Less,Utilitarian,Utilitarian,,,,2,3,0,desktop,1,1,CAN,West_Canadian,West,Canadian,0,0,1,0,0,0,0,0,0,0,0,0,1,0,0,0,0,0,0,0
res_00000664_2,chatbot_extended,chatbot,0,0,1,0,2,More,Utilitarian,Utilitarian,,,,5,3,1,desktop,1,0,CAN,West_Canadian,West,Canadian,0,0,1,1,0,0,0,0,0,0,0,0,1,1,1,0,0,0,0,0
res_00000665_1,chatbot_extended,chatbot,0,1,1,0,1,Young,Age,Age,,,,3,0,0,desktop,1,1,CAN,West_Canadian,West,Canadian,1,1,0,0,0,0,1,0,0,0,0,0,0,0,0,0,0,0,0,0
res_00000665_2,chatbot_extended,chatbot,0,0,1,0,2,Old,Age,Age,,,,3,0,1,desktop,1,0,CAN,West_Canadian,West,Canadian,0,0,0,0,2,1,0,0,0,0,0,0,0,0,0,0,0,0,0,0
res_00000666_1,chatbot_extended,chatbot,0,0,1,0,0,Young,Age,Age,,,,1,0,0,desktop,1,1,CAN,West_Canadian,West,Canadian,0,1,0,0,0,0,0,0,0,0,0,0,0,0,0,0,0,0,0,0
res_00000666_2,chatbot_extended,chatbot,0,1,1,0,0,Old,Age,Age,,,,1,0,1,desktop,1,0,CAN,West_Canadian,West,Canadian,0,0,0,0,0,1,0,0,0,0,0,0,0,0,0,0,0,0,0,0
res_00000667_1,chatbot_extended,chatbot,0,1,1,0,0,Young,Age,Age,,,,4,0,0,desktop,1,1,CAN,West_Canadian,West,Canadian,1,0,0,0,0,0,2,1,0,0,0,0,0,0,0,0,0,0,0,0
res_00000667_2,chatbot_extended,chatbot,0,0,1,0,0,Old,Age,Age,,,,4,0,1,desktop,1,0,CAN,West_Canadian,West,Canadian,2,0,0,0,1,1,0,0,0,0,0,0,0,0,0,0,0,0,0,0
res_00000668_1,chatbot_extended,chatbot,0,0,1,0,2,Low,Social Value,Social Value,,,,1,0,0,desktop,1,1,CAN,West_Canadian,West,Canadian,0,0,0,0,0,0,0,0,1,0,0,0,0,0,0,0,0,0,0,0
res_00000668_2,chatbot_extended,chatbot,0,1,1,0,1,High,Social Value,Social Value,,,,1,0,1,desktop,1,0,CAN,West_Canadian,West,Canadian,0,0,0,0,0,0,0,0,0,0,0,0,1,0,0,0,0,0,0,0
res_00000669_1,chatbot_extended,chatbot,0,0,1,0,2,Less,Utilitarian,Utilitarian,,,,3,2,0,desktop,1,1,CAN,West_Canadian,West,Canadian,0,0,0,0,0,1,0,0,0,0,0,0,0,0,0,0,0,0,2,0
res_00000669_2,chatbot_extended,chatbot,0,1,1,0,1,More,Utilitarian,Utilitarian,,,,5,2,1,desktop,1,0,CAN,West_Canadian,West,Canadian,0,0,0,0,0,1,0,0,0,0,1,0,0,1,0,0,0,0,2,0
res_00000670_1,chatbot_extended,chatbot,0,1,0,1,0,Pets,Species,Species,,,,5,0,1,desktop,1,1,CAN,West_Canadian,West,Canadian,0,0,0,0,0,0,0,0,0,0,0,0,0,0,0,0,0,0,2,3
res_00000670_2,chatbot_extended,chatbot,0,0,0,0,1,Hoomans,Species,Species,,,,5,0,0,desktop,1,0,CAN,West_Canadian,West,Canadian,0,1,0,1,0,0,0,1,1,0,0,0,1,0,0,0,0,0,0,0
res_00000671_1,chatbot_extended,chatbot,0,0,0,1,0,Young,Age,Age,,,,1,0,0,desktop,1,1,CAN,West_Canadian,West,Canadian,1,0,0,0,0,0,0,0,0,0,0,0,0,0,0,0,0,0,0,0
res_00000671_2,chatbot_extended,chatbot,0,1,0,0,0,Old,Age,Age,,,,1,0,1,desktop,1,0,CAN,West_Canadian,West,Canadian,0,0,0,0,1,0,0,0,0,0,0,0,0,0,0,0,0,0,0,0
res_00000672_1,chatbot_extended,chatbot,0,1,1,0,1,Hoomans,Species,Species,,,,1,0,0,desktop,1,1,CAN,West_Canadian,West,Canadian,0,0,0,0,0,0,1,0,0,0,0,0,0,0,0,0,0,0,0,0
res_00000672_2,chatbot_extended,chatbot,0,0,1,0,2,Pets,Species,Species,,,,1,0,1,desktop,1,0,CAN,West_Canadian,West,Canadian,0,0,0,0,0,0,0,0,0,0,0,0,0,0,0,0,0,0,0,1
res_00000673_1,chatbot_extended,chatbot,0,0,1,0,0,Hoomans,Species,Species,,,,4,0,0,desktop,1,1,CAN,West_Canadian,West,Canadian,0,1,0,0,0,1,0,1,0,0,0,0,1,0,0,0,0,0,0,0
res_00000673_2,chatbot_extended,chatbot,0,1,1,0,0,Pets,Species,Species,,,,4,0,1,desktop,1,0,CAN,West_Canadian,West,Canadian,0,0,0,0,0,0,0,0,0,0,0,0,0,0,0,0,0,0,2,2
res_00000674_1,chatbot_extended,chatbot,0,0,1,0,0,Fat,Fitness,Fitness,,,,3,0,0,desktop,1,1,CAN,West_Canadian,West,Canadian,1,0,0,0,0,0,0,0,0,2,0,0,0,0,0,0,0,0,0,0
res_00000674_2,chatbot_extended,chatbot,0,1,1,0,0,Fit,Fitness,Fitness,,,,3,0,1,desktop,1,0,CAN,West_Canadian,West,Canadian,0,2,0,0,0,0,0,0,0,0,0,0,0,0,0,1,0,0,0,0
res_00000675_1,chatbot_extended,chatbot,0,0,1,0,0,Hoomans,Species,Species,,,,1,0,0,desktop,1,1,CAN,West_Canadian,West,Canadian,0,0,0,0,0,0,0,0,0,0,0,0,0,0,1,0,0,0,0,0
res_00000675_2,chatbot_extended,chatbot,0,1,1,0,0,Pets,Species,Species,,,,1,0,1,desktop,1,0,CAN,West_Canadian,West,Canadian,0,0,0,0,0,0,0,0,0,0,0,0,0,0,0,0,0,0,0,1
res_00000676_1,chatbot_extended,chatbot,0,0,1,0,1,Female,Gender,Gender,,,,3,0,0,desktop,1,1,CAN,West_Canadian,West,Canadian,0,0,0,0,0,0,0,1,0,1,0,0,0,1,0,0,0,0,0,0
res_00000676_2,chatbot_extended,chatbot,0,1,1,0,2,Male,Gender,Gender,,,,3,0,1,desktop,1,0,CAN,West_Canadian,West,Canadian,0,0,0,0,0,0,1,0,0,0,1,0,1,0,0,0,0,0,0,0
res_00000677_1,chatbot_extended,chatbot,0,1,1,0,2,Low,Social Value,Social Value,,,,4,0,0,desktop,1,1,CAN,West_Canadian,West,Canadian,0,2,0,0,0,0,0,0,1,0,0,1,0,0,0,0,0,0,0,0
res_00000677_2,chatbot_extended,chatbot,0,0,1,0,1,High,Social Value,Social Value,,,,4,0,1,desktop,1,0,CAN,West_Canadian,West,Canadian,0,2,1,0,0,0,0,0,0,0,0,0,0,0,0,0,1,0,0,0
res_00000678_1,chatbot_extended,chatbot,0,0,1,0,0,Female,Gender,Gender,,,,3,0,0,desktop,1,1,CAN,West_Canadian,West,Canadian,0,1,0,0,0,0,0,0,0,1,0,0,0,0,0,0,1,0,0,0
res_00000678_2,chatbot_extended,chatbot,0,1,1,0,0,Male,Gender,Gender,,,,3,0,1,desktop,1,0,CAN,West_Canadian,West,Canadian,1,0,0,0,0,0,0,0,0,0,1,0,0,0,0,0,0,1,0,0
res_00000679_1,chatbot_extended,chatbot,0,0,0,1,0,Old,Age,Age,,,,4,0,0,desktop,1,1,CAN,West_Canadian,West,Canadian,1,0,0,0,1,2,0,0,0,0,0,0,0,0,0,0,0,0,0,0
res_00000679_2,chatbot_extended,chatbot,0,1,0,0,0,Young,Age,Age,,,,4,0,1,desktop,1,0,CAN,West_Canadian,West,Canadian,0,2,0,0,0,0,2,0,0,0,0,0,0,0,0,0,0,0,0,0
res_00000680_1,chatbot_extended,chatbot,0,0,1,0,2,Young,Age,Age,,,,3,0,0,desktop,1,1,CAN,West_Canadian,West,Canadian,0,1,0,0,0,0,0,2,0,0,0,0,0,0,0,0,0,0,0,0
res_00000680_2,chatbot_extended,chatbot,0,1,1,0,1,Old,Age,Age,,,,3,0,1,desktop,1,0,CAN,West_Canadian,West,Canadian,0,1,0,0,0,2,0,0,0,0,0,0,0,0,0,0,0,0,0,0
res_00000681_1,chatbot_extended,chatbot,0,0,0,1,0,Fat,Fitness,Fitness,,,,4,0,1,desktop,1,1,CAN,West_Canadian,West,Canadian,1,0,0,0,0,0,0,0,0,2,1,0,0,0,0,0,0,0,0,0
res_00000681_2,chatbot_extended,chatbot,0,1,0,0,0,Fit,Fitness,Fitness,,,,4,0,0,desktop,1,0,CAN,West_Canadian,West,Canadian,0,0,0,0,0,0,0,0,0,0,0,0,0,0,2,2,0,0,0,0
res_00000682_1,chatbot_extended,chatbot,0,0,1,0,1,Low,Social Value,Social Value,,,,2,0,0,desktop,1,1,CAN,West_Canadian,West,Canadian,1,0,0,0,0,0,0,0,0,0,0,1,0,0,0,0,0,0,0,0
res_00000682_2,chatbot_extended,chatbot,0,1,1,0,2,High,Social Value,Social Value,,,,2,0,1,desktop,1,0,CAN,West_Canadian,West,Canadian,1,0,0,0,0,0,0,0,0,0,0,0,0,0,0,0,0,1,0,0
res_00000683_1,chatbot_extended,chatbot,0,1,1,0,2,Low,Social Value,Social Value,,,,5,0,0,desktop,1,1,CAN,West_Canadian,West,Canadian,1,1,0,0,0,0,0,0,2,0,0,1,0,0,0,0,0,0,0,0
res_00000683_2,chatbot_extended,chatbot,0,0,1,0,1,High,Social Value,Social Value,,,,5,0,1,desktop,1,0,CAN,West_Canadian,West,Canadian,2,0,0,0,0,0,0,0,0,0,0,0,1,1,0,0,0,1,0,0
res_00000684_1,chatbot_extended,chatbot,0,1,0,1,0,Pets,Species,Species,,,,2,0,1,desktop,1,1,CAN,West_Canadian,West,Canadian,0,0,0,0,0,0,0,0,0,0,0,0,0,0,0,0,0,0,1,1
res_00000684_2,chatbot_extended,chatbot,0,0,0,0,0,Hoomans,Species,Species,,,,2,0,0,desktop,1,0,CAN,West_Canadian,West,Canadian,0,1,0,0,0,0,0,0,0,0,0,0,0,0,0,0,1,0,0,0
res_00000685_1,chatbot_extended,chatbot,0,1,0,1,0,Hoomans,Species,Species,,,,4,0,0,desktop,1,1,CAN,West_Canadian,West,Canadian,0,0,0,0,1,1,0,0,1,0,0,0,0,0,0,0,1,0,0,0
res_00000685_2,chatbot_extended,chatbot,0,0,0,0,2,Pets,Species,Species,,,,4,0,1,desktop,1,0,CAN,West_Canadian,West,Canadian,0,0,0,0,0,0,0,0,0,0,0,0,0,0,0,0,0,0,3,1
res_00000686_1,chatbot_extended,chatbot,0,0,1,0,0,Hoomans,Species,Species,,,,4,0,0,desktop,1,1,CAN,West_Canadian,West,Canadian,0,0,1,1,0,0,0,0,0,0,1,0,0,1,0,0,0,0,0,0
res_00000686_2,chatbot_extended,chatbot,0,1,1,0,0,Pets,Species,Species,,,,4,0,1,desktop,1,0,CAN,West_Canadian,West,Canadian,0,0,0,0,0,0,0,0,0,0,0,0,0,0,0,0,0,0,3,1
res_00000687_1,chatbot_extended,chatbot,0,0,0,1,0,Male,Gender,Gender,,,,2,0,1,desktop,1,1,CAN,West_Canadian,West,Canadian,0,0,0,0,1,0,0,0,0,0,1,0,0,0,0,0,0,0,0,0
res_00000687_2,chatbot_extended,chatbot,0,1,0,0,2,Female,Gender,Gender,,,,2,0,0,desktop,1,0,CAN,West_Canadian,West,Canadian,0,0,0,0,0,1,0,0,0,1,0,0,0,0,0,0,0,0,0,0
res_00000688_1,chatbot_extended,chatbot,0,1,1,0,0,Low,Social Value,Social Value,,,,2,0,0,desktop,1,1,CAN,West_Canadian,West,Canadian,0,1,0,0,0,0,0,0,0,0,0,1,0,0,0,0,0,0,0,0
res_00000688_2,chatbot_extended,chatbot,0,0,1,0,0,High,Social Value,Social Value,,,,2,0,1,desktop,1,0,CAN,West_Canadian,West,Canadian,0,1,0,0,0,0,0,0,0,0,0,0,0,1,0,0,0,0,0,0
res_00000689_1,chatbot_extended,chatbot,0,0,0,1,0,Fat,Fitness,Fitness,,,,3,0,0,desktop,1,1,CAN,West_Canadian,West,Canadian,0,1,0,0,0,0,0,0,0,2,0,0,0,0,0,0,0,0,0,0
res_00000689_2,chatbot_extended,chatbot,0,1,0,0,0,Fit,Fitness,Fitness,,,,3,0,1,desktop,1,0,CAN,West_Canadian,West,Canadian,0,1,0,0,0,0,0,0,0,0,0,0,0,0,2,0,0,0,0,0
res_00000690_1,chatbot_extended,chatbot,0,1,0,1,0,Low,Social Value,Social Value,,,,5,0,0,desktop,1,1,CAN,West_Canadian,West,Canadian,2,0,0,0,0,0,0,0,1,0,0,2,0,0,0,0,0,0,0,0
res_00000690_2,chatbot_extended,chatbot,0,0,0,0,0,High,Social Value,Social Value,,,,5,0,1,desktop,1,0,CAN,West_Canadian,West,Canadian,0,0,1,0,0,0,0,0,0,0,0,0,2,2,0,0,0,0,0,0
res_00000691_1,chatbot_extended,chatbot,0,0,0,1,0,Pets,Species,Species,,,,3,0,1,desktop,1,1,CAN,West_Canadian,West,Canadian,0,0,0,0,0,0,0,0,0,0,0,0,0,0,0,0,0,0,2,1
res_00000691_2,chatbot_extended,chatbot,0,1,0,0,1,Hoomans,Species,Species,,,,3,0,0,desktop,1,0,CAN,West_Canadian,West,Canadian,0,0,0,0,0,0,1,1,0,0,0,0,0,1,0,0,0,0,0,0
res_00000692_1,chatbot_extended,chatbot,0,0,1,0,0,Young,Age,Age,,,,1,0,0,desktop,1,1,CAN,West_Canadian,West,Canadian,0,0,0,0,0,0,0,1,0,0,0,0,0,0,0,0,0,0,0,0
res_00000692_2,chatbot_extended,chatbot,0,1,1,0,0,Old,Age,Age,,,,1,0,1,desktop,1,0,CAN,West_Canadian,West,Canadian,0,1,0,0,0,0,0,0,0,0,0,0,0,0,0,0,0,0,0,0
res_00000693_1,chatbot_extended,chatbot,0,0,1,0,2,Female,Gender,Gender,,,,1,0,0,desktop,1,1,CAN,West_Canadian,West,Canadian,0,1,0,0,0,0,0,0,0,0,0,0,0,0,0,0,0,0,0,0
res_00000693_2,chatbot_extended,chatbot,0,1,1,0,1,Male,Gender,Gender,,,,1,0,1,desktop,1,0,CAN,West_Canadian,West,Canadian,1,0,0,0,0,0,0,0,0,0,0,0,0,0,0,0,0,0,0,0
res_00000694_1,chatbot_extended,chatbot,0,0,1,0,2,Young,Age,Age,,,,2,0,0,desktop,1,1,CAN,West_Canadian,West,Canadian,0,1,0,0,0,0,0,1,0,0,0,0,0,0,0,0,0,0,0,0
res_00000694_2,chatbot_extended,chatbot,0,1,1,0,1,Old,Age,Age,,,,2,0,1,desktop,1,0,CAN,West_Canadian,West,Canadian,0,1,0,0,0,1,0,0,0,0,0,0,0,0,0,0,0,0,0,0
res_00000695_1,chatbot_extended,chatbot,0,0,0,1,0,Less,Utilitarian,Utilitarian,,,,4,1,1,desktop,1,1,CAN,West_Canadian,West,Canadian,0,0,0,1,0,0,0,2,0,0,0,0,0,0,0,0,0,0,0,1
res_00000695_2,chatbot_extended,chatbot,0,1,0,0,1,More,Utilitarian,Utilitarian,,,,5,1,0,desktop,1,0,CAN,West_Canadian,West,Canadian,0,0,0,1,0,0,0,2,0,0,1,0,0,0,0,0,0,0,0,1
res_00000696_1,chatbot_extended,chatbot,0,0,0,1,0,Low,Social Value,Social Value,,,,2,0,0,desktop,1,1,CAN,West_Canadian,West,Canadian,1,0,0,0,0,0,0,0,1,0,0,0,0,0,0,0,0,0,0,0
res_00000696_2,chatbot_extended,chatbot,0,1,0,0,1,High,Social Value,Social Value,,,,2,0,1,desktop,1,0,CAN,West_Canadian,West,Canadian,0,0,0,0,0,0,0,0,0,0,0,0,0,1,0,0,0,1,0,0
res_00000697_1,chatbot_extended,chatbot,0,0,0,1,0,Male,Gender,Gender,,,,1,0,1,desktop,1,1,CAN,West_Canadian,West,Canadian,0,0,0,0,1,0,0,0,0,0,0,0,0,0,0,0,0,0,0,0
res_00000697_2,chatbot_extended,chatbot,0,1,0,0,1,Female,Gender,Gender,,,,1,0,0,desktop,1,0,CAN,West_Canadian,West,Canadian,0,0,0,0,0,1,0,0,0,0,0,0,0,0,0,0,0,0,0,0
res_00000698_1,chatbot_extended,chatbot,0,1,0,1,0,More,Utilitarian,Utilitarian,,,,5,3,0,desktop,1,1,CAN,West_Canadian,West,Canadian,0,0,0,0,0,0,0,1,1,1,0,0,1,0,0,1,0,0,0,0
res_00000698_2,chatbot_extended,chatbot,0,0,0,0,1,Less,Utilitarian,Utilitarian,,,,2,3,1,desktop,1,0,CAN,West_Canadian,West,Canadian,0,0,0,0,0,0,0,0,0,0,0,0,1,0,0,1,0,0,0,0
res_00000699_1,chatbot_extended,chatbot,0,0,1,0,1,Less,Utilitarian,Utilitarian,,,,3,2,0,desktop,1,1,CAN,West_Canadian,West,Canadian,0,0,0,1,0,0,0,0,1,0,0,0,0,0,0,0,0,0,1,0
res_00000699_2,chatbot_extended,chatbot,0,1,1,0,2,More,Utilitarian,Utilitarian,,,,5,2,1,desktop,1,0,CAN,West_Canadian,West,Canadian,0,0,0,1,0,0,0,0,1,1,1,0,0,0,0,0,0,0,1,0
res_00000700_1,chatbot_extended,chatbot,0,0,0,1,0,Hoomans,Species,Species,,,,3,0,0,desktop,1,1,ITA,West_Italian,West,Italian,1,1,0,0,0,0,0,0,0,0,0,0,0,0,0,0,1,0,0,0
res_00000700_2,chatbot_extended,chatbot,0,1,0,0,0,Pets,Species,Species,,,,3,0,1,desktop,1,0,ITA,West_Italian,West,Italian,0,0,0,0,0,0,0,0,0,0,0,0,0,0,0,0,0,0,1,2
res_00000701_1,chatbot_extended,chatbot,0,0,0,1,0,Male,Gender,Gender,,,,2,0,0,desktop,1,1,ITA,West_Italian,West,Italian,0,0,0,0,0,0,2,0,0,0,0,0,0,0,0,0,0,0,0,0
res_00000701_2,chatbot_extended,chatbot,0,1,0,0,2,Female,Gender,Gender,,,,2,0,1,desktop,1,0,ITA,West_Italian,West,Italian,0,0,0,0,0,0,0,2,0,0,0,0,0,0,0,0,0,0,0,0
res_00000702_1,chatbot_extended,chatbot,0,1,1,0,2,Young,Age,Age,,,,1,0,0,desktop,1,1,ITA,West_Italian,West,Italian,0,0,0,0,0,0,0,1,0,0,0,0,0,0,0,0,0,0,0,0
res_00000702_2,chatbot_extended,chatbot,0,0,1,0,1,Old,Age,Age,,,,1,0,1,desktop,1,0,ITA,West_Italian,West,Italian,0,1,0,0,0,0,0,0,0,0,0,0,0,0,0,0,0,0,0,0
res_00000703_1,chatbot_extended,chatbot,0,1,0,1,0,Pets,Species,Species,,,,1,0,1,desktop,1,1,ITA,West_Italian,West,Italian,0,0,0,0,0,0,0,0,0,0,0,0,0,0,0,0,0,0,1,0
res_00000703_2,chatbot_extended,chatbot,0,0,0,0,1,Hoomans,Species,Species,,,,1,0,0,desktop,1,0,ITA,West_Italian,West,Italian,0,0,0,0,0,1,0,0,0,0,0,0,0,0,0,0,0,0,0,0
res_00000704_1,chatbot_extended,chatbot,0,0,1,0,0,Hoomans,Species,Species,,,,2,0,0,desktop,1,1,ITA,West_Italian,West,Italian,0,0,0,0,0,0,0,0,0,0,0,1,0,0,1,0,0,0,0,0
res_00000704_2,chatbot_extended,chatbot,0,1,1,0,0,Pets,Species,Species,,,,2,0,1,desktop,1,0,ITA,West_Italian,West,Italian,0,0,0,0,0,0,0,0,0,0,0,0,0,0,0,0,0,0,1,1
res_00000705_1,chatbot_extended,chatbot,0,0,0,1,0,Fat,Fitness,Fitness,,,,5,0,0,desktop,1,1,ITA,West_Italian,West,Italian,1,2,0,0,0,0,0,0,0,1,1,0,0,0,0,0,0,0,0,0
res_00000705_2,chatbot_extended,chatbot,0,1,0,0,0,Fit,Fitness,Fitness,,,,5,0,1,desktop,1,0,ITA,West_Italian,West,Italian,0,0,0,0,0,0,0,0,0,0,0,0,0,0,3,2,0,0,0,0
res_00000706_1,chatbot_extended,chatbot,0,0,0,1,0,Old,Age,Age,,,,1,0,1,desktop,1,1,ITA,West_Italian,West,Italian,0,0,0,0,0,1,0,0,0,0,0,0,0,0,0,0,0,0,0,0
res_00000706_2,chatbot_extended,chatbot,0,1,0,0,1,Young,Age,Age,,,,1,0,0,desktop,1,0,ITA,West_Italian,West,Italian,0,0,0,0,0,0,0,1,0,0,0,0,0,0,0,0,0,0,0,0
res_00000707_1,chatbot_extended,chatbot,0,0,0,1,0,Fat,Fitness,Fitness,,,,4,0,0,desktop,1,1,ITA,West_Italian,West,Italian,1,1,0,0,0,0,0,0,0,1,1,0,0,0,0,0,0,0,0,0
res_00000707_2,chatbot_extended,chatbot,0,1,0,0,0,Fit,Fitness,Fitness,,,,4,0,1,desktop,1,0,ITA,West_Italian,West,Italian,1,1,0,0,0,0,0,0,0,0,0,0,0,0,1,1,0,0,0,0
res_00000708_1,chatbot_extended,chatbot,0,0,0,1,0,Hoomans,Species,Species,,,,5,0,0,desktop,1,1,ITA,West_Italian,West,Italian,0,1,0,0,0,1,0,0,1,1,0,0,0,0,1,0,0,0,0,0
res_00000708_2,chatbot_extended,chatbot,0,1,0,0,0,Pets,Species,Species,,,,5,0,1,desktop,1,0,ITA,West_Italian,West,Italian,0,0,0,0,0,0,0,0,0,0,0,0,0,0,0,0,0,0,3,2
res_00000709_1,chatbot_extended,chatbot,0,1,1,0,1,Less,Utilitarian,Utilitarian,,,,2,2,0,desktop,1,1,ITA,West_Italian,West,Italian,0,0,0,0,0,0,0,0,1,0,0,0,0,0,0,0,0,0,0,1
res_00000709_2,chatbot_extended,chatbot,0,0,1,0,2,More,Utilitarian,Utilitarian,,,,4,2,1,desktop,1,0,ITA,West_Italian,West,Italian,1,0,1,0,0,0,0,0,1,0,0,0,0,0,0,0,0,0,0,1
res_00000710_1,chatbot_extended,chatbot,0,0,1,0,0,Female,Gender,Gender,,,,4,0,0,desktop,1,1,ITA,West_Italian,West,Italian,0,1,0,0,0,0,0,0,0,1,0,0,0,2,0,0,0,0,0,0
res_00000710_2,chatbot_extended,chatbot,0,1,1,0,0,Male,Gender,Gender,,,,4,0,1,desktop,1,0,ITA,West_Italian,West,Italian,1,0,0,0,0,0,0,0,0,0,1,0,2,0,0,0,0,0,0,0
res_00000711_1,chatbot_extended,chatbot,0,0,0,1,0,Hoomans,Species,Species,,,,1,0,0,desktop,1,1,ITA,West_Italian,West,Italian,0,0,0,0,0,0,0,0,0,1,0,0,0,0,0,0,0,0,0,0
res_00000711_2,chatbot_extended,chatbot,0,1,0,0,0,Pets,Species,Species,,,,1,0,1,desktop,1,0,ITA,West_Italian,West,Italian,0,0,0,0,0,0,0,0,0,0,0,0,0,0,0,0,0,0,0,1
res_00000712_1,chatbot_extended,chatbot,0,0,1,0,0,Hoomans,Species,Species,,,,1,0,0,desktop,1,1,ITA,West_Italian,West,Italian,0,0,0,0,0,0,0,0,0,0,0,0,0,1,0,0,0,0,0,0
res_00000712_2,chatbot_extended,chatbot,0,1,1,0,0,Pets,Species,Species,,,,1,0,1,desktop,1,0,ITA,West_Italian,West,Italian,0,0,0,0,0,0,0,0,0,0,0,0,0,0,0,0,0,0,0,1
res_00000713_1,chatbot_extended,chatbot,0,0,1,0,1,Female,Gender,Gender,,,,2,0,0,desktop,1,1,ITA,West_Italian,West,Italian,0,0,0,0,0,0,0,1,0,0,0,0,0,0,0,0,1,0,0,0
res_00000713_2,chatbot_extended,chatbot,0,1,1,0,2,Male,Gender,Gender,,,,2,0,1,desktop,1,0,ITA,West_Italian,West,Italian,0,0,0,0,0,0,1,0,0,0,0,0,0,0,0,0,0,1,0,0
res_00000714_1,chatbot_extended,chatbot,0,1,0,1,0,Less,Utilitarian,Utilitarian,,,,4,1,0,desktop,1,1,ITA,West_Italian,West,Italian,0,0,1,0,0,0,0,0,0,0,1,0,0,1,0,0,0,0,1,0
res_00000714_2,chatbot_extended,chatbot,0,0,0,0,1,More,Utilitarian,Utilitarian,,,,5,1,1,desktop,1,0,ITA,West_Italian,West,Italian,0,0,1,0,0,0,0,1,0,0,1,0,0,1,0,0,0,0,1,0
res_00000715_1,chatbot_extended,chatbot,0,0,1,0,2,Fat,Fitness,Fitness,,,,2,0,0,desktop,1,1,ITA,West_Italian,West,Italian,1,0,0,0,0,0,0,0,0,0,1,0,0,0,0,0,0,0,0,0
res_00000715_2,chatbot_extended,chatbot,0,1,1,0,1,Fit,Fitness,Fitness,,,,2,0,1,desktop,1,0,ITA,West_Italian,West,Italian,1,0,0,0,0,0,0,0,0,0,0,0,0,0,0,1,0,0,0,0
res_00000716_1,chatbot_extended,chatbot,0,0,0,1,0,Female,Gender,Gender,,,,5,0,0,desktop,1,1,ITA,West_Italian,West,Italian,0,1,0,0,0,0,0,2,0,2,0,0,0,0,0,0,0,0,0,0
res_00000716_2,chatbot_extended,chatbot,0,1,0,0,1,Male,Gender,Gender,,,,5,0,1,desktop,1,0,ITA,West_Italian,West,Italian,1,0,0,0,0,0,2,0,0,0,2,0,0,0,0,0,0,0,0,0
res_00000717_1,chatbot_extended,chatbot,0,1,1,0,1,Female,Gender,Gender,,,,2,0,0,desktop,1,1,ITA,West_Italian,West,Italian,0,0,0,0,0,1,0,0,0,0,0,0,0,0,0,0,1,0,0,0
res_00000717_2,chatbot_extended,chatbot,0,0,1,0,2,Male,Gender,Gender,,,,2,0,1,desktop,1,0,ITA,West_Italian,West,Italian,0,0,0,0,1,0,0,0,0,0,0,0,0,0,0,0,0,1,0,0
res_00000718_1,chatbot_extended,chatbot,0,1,0,1,0,Low,Social Value,Social Value,,,,3,0,0,desktop,1,1,ITA,West_Italian,West,Italian,0,0,0,0,0,0,0,0,0,0,0,3,0,0,0,0,0,0,0,0
res_00000718_2,chatbot_extended,chatbot,0,0,0,0,1,High,Social Value,Social Value,,,,3,0,1,desktop,1,0,ITA,West_Italian,West,Italian,0,1,0,0,0,0,0,0,0,0,0,0,0,1,0,0,0,1,0,0
res_00000719_1,chatbot_extended,chatbot,0,1,1,0,0,Fat,Fitness,Fitness,,,,4,0,0,desktop,1,1,ITA,West_Italian,West,Italian,0,1,0,0,0,0,0,0,0,1,2,0,0,0,0,0,0,0,0,0
res_00000719_2,chatbot_extended,chatbot,0,0,1,0,0,Fit,Fitness,Fitness,,,,4,0,1,desktop,1,0,ITA,West_Italian,West,Italian,0,1,0,0,0,0,0,0,0,0,0,0,0,0,1,2,0,0,0,0
res_00000720_1,chatbot_extended,chatbot,0,0,1,0,2,Young,Age,Age,,,,5,0,0,desktop,1,1,ITA,West_Italian,West,Italian,0,2,0,0,0,0,2,1,0,0,0,0,0,0,0,0,0,0,0,0
res_00000720_2,chatbot_extended,chatbot,0,1,1,0,1,Old,Age,Age,,,,5,0,1,desktop,1,0,ITA,West_Italian,West,Italian,1,0,0,0,1,3,0,0,0,0,0,0,0,0,0,0,0,0,0,0
res_00000721_1,chatbot_extended,chatbot,0,1,0,1,0,Less,Utilitarian,Utilitarian,,,,4,1,0,desktop,1,1,ITA,West_Italian,West,Italian,0,0,0,0,0,0,0,2,1,0,0,0,0,1,0,0,0,0,0,0
res_00000721_2,chatbot_extended,chatbot,0,0,0,0,0,More,Utilitarian,Utilitarian,,,,5,1,1,desktop,1,0,ITA,West_Italian,West,Italian,0,0,0,0,0,0,1,2,1,0,0,0,0,1,0,0,0,0,0,0
res_00000722_1,chatbot_extended,chatbot,0,0,0,1,0,High,Social Value,Social Value,,,,4,0,0,desktop,1,1,ITA,West_Italian,West,Italian,0,1,0,0,0,0,0,0,0,0,0,0,1,1,0,0,0,1,0,0
res_00000722_2,chatbot_extended,chatbot,0,1,0,0,0,Low,Social Value,Social Value,,,,4,0,1,desktop,1,0,ITA,West_Italian,West,Italian,0,2,0,0,0,0,0,0,1,0,0,1,0,0,0,0,0,0,0,0
res_00000723_1,chatbot_extended,chatbot,0,1,1,0,0,Female,Gender,Gender,,,,1,0,0,desktop,1,1,ITA,West_Italian,West,Italian,0,0,0,0,0,0,0,0,0,0,0,0,0,0,0,0,1,0,0,0
res_00000723_2,chatbot_extended,chatbot,0,0,1,0,0,Male,Gender,Gender,,,,1,0,1,desktop,1,0,ITA,West_Italian,West,Italian,0,0,0,0,0,0,0,0,0,0,0,0,0,0,0,0,0,1,0,0
res_00000724_1,chatbot_extended,chatbot,0,0,1,0,2,Hoomans,Species,Species,,,,4,0,0,desktop,1,1,ITA,West_Italian,West,Italian,0,0,0,0,0,1,0,0,0,0,1,1,0,0,0,0,0,1,0,0
res_00000724_2,chatbot_extended,chatbot,0,1,1,0,1,Pets,Species,Species,,,,4,0,1,desktop,1,0,ITA,West_Italian,West,Italian,0,0,0,0,0,0,0,0,0,0,0,0,0,0,0,0,0,0,2,2
res_00000725_1,chatbot_extended,chatbot,0,0,0,1,0,Fit,Fitness,Fitness,,,,5,0,1,desktop,1,1,ITA,West_Italian,West,Italian,2,0,0,0,0,0,0,0,0,0,0,0,0,0,2,1,0,0,0,0
res_00000725_2,chatbot_extended,chatbot,0,1,0,0,0,Fat,Fitness,Fitness,,,,5,0,0,desktop,1,0,ITA,West_Italian,West,Italian,1,1,0,0,0,0,0,0,0,1,2,0,0,0,0,0,0,0,0,0
res_00000726_1,chatbot_extended,chatbot,0,1,1,0,1,Young,Age,Age,,,,4,0,0,desktop,1,1,ITA,West_Italian,West,Italian,0,0,0,0,0,0,1,3,0,0,0,0,0,0,0,0,0,0,0,0
res_00000726_2,chatbot_extended,chatbot,0,0,1,0,2,Old,Age,Age,,,,4,0,1,desktop,1,0,ITA,West_Italian,West,Italian,1,0,0,0,0,3,0,0,0,0,0,0,0,0,0,0,0,0,0,0
res_00000727_1,chatbot_extended,chatbot,0,0,0,1,0,Young,Age,Age,,,,4,0,1,desktop,1,1,ITA,West_Italian,West,Italian,0,0,0,0,0,0,0,4,0,0,0,0,0,0,0,0,0,0,0,0
res_00000727_2,chatbot_extended,chatbot,0,1,0,0,0,Old,Age,Age,,,,4,0,0,desktop,1,0,ITA,West_Italian,West,Italian,0,2,0,0,0,2,0,0,0,0,0,0,0,0,0,0,0,0,0,0
res_00000728_1,chatbot_extended,chatbot,0,0,0,1,0,Male,Gender,Gender,,,,4,0,0,desktop,1,1,ITA,West_Italian,West,Italian,0,0,0,0,3,0,0,0,0,0,0,0,1,0,0,0,0,0,0,0
res_00000728_2,chatbot_extended,chatbot,0,1,0,0,2,Female,Gender,Gender,,,,4,0,1,desktop,1,0,ITA,West_Italian,West,Italian,0,0,0,0,0,3,0,0,0,0,0,0,0,1,0,0,0,0,0,0
res_00000729_1,chatbot_extended,chatbot,0,1,1,0,2,Young,Age,Age,,,,1,0,0,desktop,1,1,ITA,West_Italian,West,Italian,1,0,0,0,0,0,0,0,0,0,0,0,0,0,0,0,0,0,0,0
res_00000729_2,chatbot_extended,chatbot,0,0,1,0,1,Old,Age,Age,,,,1,0,1,desktop,1,0,ITA,West_Italian,West,Italian,0,0,0,0,1,0,0,0,0,0,0,0,0,0,0,0,0,0,0,0
res_00000730_1,chatbot_extended,chatbot,0,1,1,0,0,Fat,Fitness,Fitness,,,,4,0,0,desktop,1,1,ITA,West_Italian,West,Italian,1,1,0,0,0,0,0,0,0,0,2,0,0,0,0,0,0,0,0,0
res_00000730_2,chatbot_extended,chatbot,0,0,1,0,0,Fit,Fitness,Fitness,,,,4,0,1,desktop,1,0,ITA,West_Italian,West,Italian,1,0,0,0,0,0,0,0,0,0,0,0,0,0,1,2,0,0,0,0
res_00000731_1,chatbot_extended,chatbot,0,1,1,0,1,Female,Gender,Gender,,,,2,0,0,desktop,1,1,ITA,West_Italian,West,Italian,0,0,0,0,0,0,0,0,0,0,0,0,0,0,0,0,2,0,0,0
res_00000731_2,chatbot_extended,chatbot,0,0,1,0,2,Male,Gender,Gender,,,,2,0,1,desktop,1,0,ITA,West_Italian,West,Italian,0,0,0,0,0,0,0,0,0,0,0,0,0,0,0,0,0,2,0,0
res_00000732_1,chatbot_extended,chatbot,0,1,1,0,2,Low,Social Value,Social Value,,,,1,0,0,desktop,1,1,ITA,West_Italian,West,Italian,0,0,0,0,0,0,0,0,0,0,0,1,0,0,0,0,0,0,0,0
res_00000732_2,chatbot_extended,chatbot,0,0,1,0,1,High,Social Value,Social Value,,,,1,0,1,desktop,1,0,ITA,West_Italian,West,Italian,0,0,1,0,0,0,0,0,0,0,0,0,0,0,0,0,0,0,0,0
res_00000733_1,chatbot_extended,chatbot,0,1,1,0,0,Hoomans,Species,Species,,,,2,0,0,desktop,1,1,ITA,West_Italian,West,Italian,0,0,0,0,0,2,0,0,0,0,0,0,0,0,0,0,0,0,0,0
res_00000733_2,chatbot_extended,chatbot,0,0,1,0,0,Pets,Species,Species,,,,2,0,1,desktop,1,0,ITA,West_Italian,West,Italian,0,0,0,0,0,0,0,0,0,0,0,0,0,0,0,0,0,0,2,0
res_00000734_1,chatbot_extended,chatbot,0,0,0,1,0,Less,Utilitarian,Utilitarian,,,,3,2,0,desktop,1,1,ITA,West_Italian,West,Italian,0,0,0,0,0,0,0,0,1,1,0,0,0,0,0,1,0,0,0,0
res_00000734_2,chatbot_extended,chatbot,0,1,0,0,2,More,Utilitarian,Utilitarian,,,,5,2,1,desktop,1,0,ITA,West_Italian,West,Italian,0,0,0,1,0,0,0,1,1,1,0,0,0,0,0,1,0,0,0,0
res_00000735_1,chatbot_extended,chatbot,0,1,1,0,2,Female,Gender,Gender,,,,2,0,0,desktop,1,1,ITA,West_Italian,West,Italian,0,1,0,0,0,0,0,0,0,0,0,0,0,0,0,0,1,0,0,0
res_00000735_2,chatbot_extended,chatbot,0,0,1,0,1,Male,Gender,Gender,,,,2,0,1,desktop,1,0,ITA,West_Italian,West,Italian,1,0,0,0,0,0,0,0,0,0,0,0,0,0,0,0,0,1,0,0
res_00000736_1,chatbot_extended,chatbot,0,0,1,0,0,Young,Age,Age,,,,2,0,0,desktop,1,1,ITA,West_Italian,West,Italian,1,0,0,0,0,0,1,0,0,0,0,0,0,0,0,0,0,0,0,0
res_00000736_2,chatbot_extended,chatbot,0,1,1,0,0,Old,Age,Age,,,,2,0,1,desktop,1,0,ITA,West_Italian,West,Italian,1,0,0,0,1,0,0,0,0,0,0,0,0,0,0,0,0,0,0,0
res_00000737_1,chatbot_extended,chatbot,0,1,1,0,1,Fat,Fitness,Fitness,,,,2,0,0,desktop,1,1,ITA,West_Italian,West,Italian,0,0,0,0,0,0,0,0,0,2,0,0,0,0,0,0,0,0,0,0
res_00000737_2,chatbot_extended,chatbot,0,0,1,0,2,Fit,Fitness,Fitness,,,,2,0,1,desktop,1,0,ITA,West_Italian,West,Italian,0,1,0,0,0,0,0,0,0,0,0,0,0,0,1,0,0,0,0,0
res_00000738_1,chatbot_extended,chatbot,0,1,0,1,0,High,Social Value,Social Value,,,,3,0,0,desktop,1,1,ITA,West_Italian,West,Italian,1,0,0,0,0,0,0,0,0,0,0,0,0,0,0,0,2,0,0,0
res_00000738_2,chatbot_extended,chatbot,0,0,0,0,2,Low,Social Value,Social Value,,,,3,0,1,desktop,1,0,ITA,West_Italian,West,Italian,0,1,0,0,0,0,0,0,1,0,0,1,0,0,0,0,0,0,0,0
res_00000739_1,chatbot_extended,chatbot,0,1,1,0,1,Low,Social Value,Social Value,,,,2,0,1,desktop,1,1,ITA,West_Italian,West,Italian,0,0,0,0,0,0,0,0,2,0,0,0,0,0,0,0,0,0,0,0
res_00000739_2,chatbot_extended,chatbot,0,0,1,0,2,High,Social Value,Social Value,,,,2,0,0,desktop,1,0,ITA,West_Italian,West,Italian,0,0,0,0,0,0,0,0,0,0,0,0,0,1,0,0,0,1,0,0
res_00000740_1,chatbot_extended,chatbot,0,0,1,0,2,Low,Social Value,Social Value,,,,1,0,0,desktop,1,1,ITA,West_Italian,West,Italian,0,0,0,0,0,0,0,0,1,0,0,0,0,0,0,0,0,0,0,0
res_00000740_2,chatbot_extended,chatbot,0,1,1,0,1,High,Social Value,Social Value,,,,1,0,1,desktop,1,0,ITA,West_Italian,West,Italian,0,0,0,0,0,0,0,0,0,0,0,0,0,1,0,0,0,0,0,0
res_00000741_1,chatbot_extended,chatbot,0,0,1,0,1,Less,Utilitarian,Utilitarian,,,,1,1,0,desktop,1,1,ITA,West_Italian,West,Italian,0,1,0,0,0,0,0,0,0,0,0,0,0,0,0,0,0,0,0,0
res_00000741_2,chatbot_extended,chatbot,0,1,1,0,2,More,Utilitarian,Utilitarian,,,,2,1,1,desktop,1,0,ITA,West_Italian,West,Italian,0,1,1,0,0,0,0,0,0,0,0,0,0,0,0,0,0,0,0,0
res_00000742_1,chatbot_extended,chatbot,0,1,0,1,0,High,Social Value,Social Value,,,,4,0,0,desktop,1,1,ITA,West_Italian,West,Italian,0,1,0,0,0,0,0,0,0,0,0,0,0,1,0,0,1,1,0,0
res_00000742_2,chatbot_extended,chatbot,0,0,0,0,0,Low,Social Value,Social Value,,,,4,0,1,desktop,1,0,ITA,West_Italian,West,Italian,1,1,0,0,0,0,0,0,1,0,0,1,0,0,0,0,0,0,0,0
res_00000743_1,chatbot_extended,chatbot,0,0,1,0,0,Hoomans,Species,Species,,,,1,0,0,desktop,1,1,ITA,West_Italian,West,Italian,0,0,0,0,0,0,0,0,0,0,0,0,0,0,1,0,0,0,0,0
res_00000743_2,chatbot_extended,chatbot,0,1,1,0,0,Pets,Species,Species,,,,1,0,1,desktop,1,0,ITA,West_Italian,West,Italian,0,0,0,0,0,0,0,0,0,0,0,0,0,0,0,0,0,0,1,0
res_00000744_1,chatbot_extended,chatbot,0,1,1,0,1,Fat,Fitness,Fitness,,,,4,0,0,desktop,1,1,ITA,West_Italian,West,Italian,1,1,0,0,0,0,0,0,0,0,2,0,0,0,0,0,0,0,0,0
res_00000744_2,chatbot_extended,chatbot,0,0,1,0,2,Fit,Fitness,Fitness,,,,4,0,1,desktop,1,0,ITA,West_Italian,West,Italian,1,0,0,0,0,0,0,0,0,0,0,0,0,0,1,2,0,0,0,0
res_00000745_1,chatbot_extended,chatbot,0,1,0,1,0,Less,Utilitarian,Utilitarian,,,,3,1,0,desktop,1,1,ITA,West_Italian,West,Italian,0,0,0,0,0,0,0,0,1,1,0,0,0,1,0,0,0,0,0,0
res_00000745_2,chatbot_extended,chatbot,0,0,0,0,1,More,Utilitarian,Utilitarian,,,,4,1,1,desktop,1,0,ITA,West_Italian,West,Italian,0,0,0,0,0,0,0,1,1,1,0,0,0,1,0,0,0,0,0,0
res_00000746_1,chatbot_extended,chatbot,0,1,0,1,0,More,Utilitarian,Utilitarian,,,,5,3,0,desktop,1,1,ITA,West_Italian,West,Italian,0,0,3,0,0,0,0,0,0,0,0,0,0,0,0,0,0,0,1,1
res_00000746_2,chatbot_extended,chatbot,0,0,0,0,0,Less,Utilitarian,Utilitarian,,,,2,3,1,desktop,1,0,ITA,West_Italian,West,Italian,0,0,1,0,0,0,0,0,0,0,0,0,0,0,0,0,0,0,0,1
res_00000747_1,chatbot_extended,chatbot,0,0,0,1,0,Female,Gender,Gender,,,,4,0,1,desktop,1,1,ITA,West_Italian,West,Italian,0,1,0,0,0,1,0,0,0,0,0,0,0,0,1,0,1,0,0,0
res_00000747_2,chatbot_extended,chatbot,0,1,0,0,0,Male,Gender,Gender,,,,4,0,0,desktop,1,0,ITA,West_Italian,West,Italian,1,0,0,0,1,0,0,0,0,0,0,0,0,0,0,1,0,1,0,0
res_00000748_1,chatbot_extended,chatbot,0,0,1,0,0,Hoomans,Species,Species,,,,4,0,0,desktop,1,1,ITA,West_Italian,West,Italian,1,0,0,0,0,0,0,0,0,0,0,1,0,0,0,1,0,1,0,0
res_00000748_2,chatbot_extended,chatbot,0,1,1,0,0,Pets,Species,Species,,,,4,0,1,desktop,1,0,ITA,West_Italian,West,Italian,0,0,0,0,0,0,0,0,0,0,0,0,0,0,0,0,0,0,4,0
res_00000749_1,chatbot_extended,chatbot,0,0,1,0,1,Young,Age,Age,,,,2,0,0,desktop,1,1,ITA,West_Italian,West,Italian,2,0,0,0,0,0,0,0,0,0,0,0,0,0,0,0,0,0,0,0
res_00000749_2,chatbot_extended,chatbot,0,1,1,0,2,Old,Age,Age,,,,2,0,1,desktop,1,0,ITA,West_Italian,West,Italian,0,0,0,0,2,0,0,0,0,0,0,0,0,0,0,0,0,0,0,0
res_00000750_1,chatbot_extended,chatbot,0,1,0,1,0,Young,Age,Age,,,,5,0,0,desktop,1,1,ITA,West_Italian,West,Italian,0,0,0,0,0,0,2,3,0,0,0,0,0,0,0,0,0,0,0,0
res_00000750_2,chatbot_extended,chatbot,0,0,0,0,2,Old,Age,Age,,,,5,0,1,desktop,1,0,ITA,West_Italian,West,Italian,1,2,0,0,1,1,0,0,0,0,0,0,0,0,0,0,0,0,0,0
res_00000751_1,chatbot_extended,chatbot,0,0,0,1,0,Old,Age,Age,,,,3,0,0,desktop,1,1,ITA,West_Italian,West,Italian,0,1,0,0,0,2,0,0,0,0,0,0,0,0,0,0,0,0,0,0
res_00000751_2,chatbot_extended,chatbot,0,1,0,0,2,Young,Age,Age,,,,3,0,1,desktop,1,0,ITA,West_Italian,West,Italian,0,2,0,0,0,0,0,1,0,0,0,0,0,0,0,0,0,0,0,0
res_00000752_1,chatbot_extended,chatbot,0,0,0,1,0,Low,Social Value,Social Value,,,,1,0,1,desktop,1,1,ITA,West_Italian,West,Italian,0,0,0,0,0,0,0,0,0,0,0,1,0,0,0,0,0,0,0,0
res_00000752_2,chatbot_extended,chatbot,0,1,0,0,0,High,Social Value,Social Value,,,,1,0,0,desktop,1,0,ITA,West_Italian,West,Italian,1,0,0,0,0,0,0,0,0,0,0,0,0,0,0,0,0,0,0,0
res_00000753_1,chatbot_extended,chatbot,0,1,0,1,0,Low,Social Value,Social Value,,,,1,0,1,desktop,1,1,ITA,West_Italian,West,Italian,0,0,0,0,0,0,0,0,0,0,0,1,0,0,0,0,0,0,0,0
res_00000753_2,chatbot_extended,chatbot,0,0,0,0,2,High,Social Value,Social Value,,,,1,0,0,desktop,1,0,ITA,West_Italian,West,Italian,1,0,0,0,0,0,0,0,0,0,0,0,0,0,0,0,0,0,0,0
res_00000754_1,chatbot_extended,chatbot,0,0,0,1,0,Old,Age,Age,,,,1,0,1,desktop,1,1,ITA,West_Italian,West,Italian,0,0,0,0,1,0,0,0,0,0,0,0,0,0,0,0,0,0,0,0
res_00000754_2,chatbot_extended,chatbot,0,1,0,0,1,Young,Age,Age,,,,1,0,0,desktop,1,0,ITA,West_Italian,West,Italian,1,0,0,0,0,0,0,0,0,0,0,0,0,0,0,0,0,0,0,0
res_00000755_1,chatbot_extended,chatbot,0,1,0,1,0,Hoomans,Species,Species,,,,4,0,0,desktop,1,1,ITA,West_Italian,West,Italian,0,0,0,0,0,0,1,0,0,0,0,1,0,0,1,1,0,0,0,0
res_00000755_2,chatbot_extended,chatbot,0,0,0,0,2,Pets,Species,Species,,,,4,0,1,desktop,1,0,ITA,West_Italian,West,Italian,0,0,0,0,0,0,0,0,0,0,0,0,0,0,0,0,0,0,3,1
res_00000756_1,chatbot_extended,chatbot,0,1,0,1,0,Less,Utilitarian,Utilitarian,,,,2,1,0,desktop,1,1,ITA,West_Italian,West,Italian,0,0,0,1,0,0,0,0,0,0,0,0,0,0,0,0,1,0,0,0
res_00000756_2,chatbot_extended,chatbot,0,0,0,0,1,More,Utilitarian,Utilitarian,,,,3,1,1,desktop,1,0,ITA,West_Italian,West,Italian,0,0,0,1,0,0,0,0,0,0,0,0,0,0,0,1,1,0,0,0
res_00000757_1,chatbot_extended,chatbot,0,0,1,0,0,Less,Utilitarian,Utilitarian,,,,2,3,0,desktop,1,1,ITA,West_Italian,West,Italian,0,0,0,0,0,0,0,0,0,0,1,0,0,0,0,0,1,0,0,0
res_00000757_2,chatbot_extended,chatbot,0,1,1,0,0,More,Utilitarian,Utilitarian,,,,5,3,1,desktop,1,0,ITA,West_Italian,West,Italian,1,1,0,0,0,0,0,0,0,0,1,0,0,0,0,0,1,1,0,0
res_00000758_1,chatbot_extended,chatbot,0,1,0,1,0,Fit,Fitness,Fitness,,,,2,0,1,desktop,1,1,ITA,West_Italian,West,Italian,0,0,0,0,0,0,0,0,0,0,0,0,0,0,1,1,0,0,0,0
res_00000758_2,chatbot_extended,chatbot,0,0,0,0,0,Fat,Fitness,Fitness,,,,2,0,0,desktop,1,0,ITA,West_Italian,West,Italian,0,1,0,0,0,0,0,0,0,0,1,0,0,0,0,0,0,0,0,0
res_00000759_1,chatbot_extended,chatbot,0,0,1,0,0,Female,Gender,Gender,,,,3,0,0,desktop,1,1,ITA,West_Italian,West,Italian,0,0,0,0,0,0,0,0,0,0,0,0,0,0,2,0,1,0,0,0
res_00000759_2,chatbot_extended,chatbot,0,1,1,0,0,Male,Gender,Gender,,,,3,0,1,desktop,1,0,ITA,West_Italian,West,Italian,0,0,0,0,0,0,0,0,0,0,0,0,0,0,0,2,0,1,0,0
res_00000760_1,chatbot_extended,chatbot,0,0,0,1,0,Less,Utilitarian,Utilitarian,,,,1,1,1,desktop,1,1,ITA,West_Italian,West,Italian,0,0,0,0,0,0,0,1,0,0,0,0,0,0,0,0,0,0,0,0
res_00000760_2,chatbot_extended,chatbot,0,1,0,0,1,More,Utilitarian,Utilitarian,,,,2,1,0,desktop,1,0,ITA,West_Italian,West,Italian,0,0,0,0,0,0,0,1,0,1,0,0,0,0,0,0,0,0,0,0
res_00000761_1,chatbot_extended,chatbot,0,1,0,1,0,Hoomans,Species,Species,,,,2,0,0,desktop,1,1,ITA,West_Italian,West,Italian,0,0,0,0,0,0,0,0,0,1,0,0,1,0,0,0,0,0,0,0
res_00000761_2,chatbot_extended,chatbot,0,0,0,0,0,Pets,Species,Species,,,,2,0,1,desktop,1,0,ITA,West_Italian,West,Italian,0,0,0,0,0,0,0,0,0,0,0,0,0,0,0,0,0,0,1,1
res_00000762_1,chatbot_extended,chatbot,0,1,1,0,0,Young,Age,Age,,,,3,0,0,desktop,1,1,ITA,West_Italian,West,Italian,1,1,0,0,0,0,0,1,0,0,0,0,0,0,0,0,0,0,0,0
res_00000762_2,chatbot_extended,chatbot,0,0,1,0,0,Old,Age,Age,,,,3,0,1,desktop,1,0,ITA,West_Italian,West,Italian,0,0,0,0,1,2,0,0,0,0,0,0,0,0,0,0,0,0,0,0
res_00000763_1,chatbot_extended,chatbot,0,0,1,0,0,Less,Utilitarian,Utilitarian,,,,2,1,0,desktop,1,1,ITA,West_Italian,West,Italian,0,0,0,0,1,0,0,0,0,0,0,0,0,0,1,0,0,0,0,0
res_00000763_2,chatbot_extended,chatbot,0,1,1,0,0,More,Utilitarian,Utilitarian,,,,3,1,1,desktop,1,0,ITA,West_Italian,West,Italian,0,0,0,0,1,0,0,0,0,0,0,0,0,1,1,0,0,0,0,0
res_00000764_1,chatbot_extended,chatbot,0,1,1,0,1,Less,Utilitarian,Utilitarian,,,,2,3,0,desktop,1,1,ITA,West_Italian,West,Italian,0,0,1,0,0,0,0,0,0,0,0,0,1,0,0,0,0,0,0,0
res_00000764_2,chatbot_extended,chatbot,0,0,1,0,2,More,Utilitarian,Utilitarian,,,,5,3,1,desktop,1,0,ITA,West_Italian,West,Italian,0,0,1,1,0,0,0,0,0,0,0,0,1,1,1,0,0,0,0,0
res_00000765_1,chatbot_extended,chatbot,0,1,1,0,1,Young,Age,Age,,,,3,0,0,desktop,1,1,ITA,West_Italian,West,Italian,1,1,0,0,0,0,1,0,0,0,0,0,0,0,0,0,0,0,0,0
res_00000765_2,chatbot_extended,chatbot,0,0,1,0,2,Old,Age,Age,,,,3,0,1,desktop,1,0,ITA,West_Italian,West,Italian,0,0,0,0,2,1,0,0,0,0,0,0,0,0,0,0,0,0,0,0
res_00000766_1,chatbot_extended,chatbot,0,0,1,0,0,Young,Age,Age,,,,1,0,0,desktop,1,1,ITA,West_Italian,West,Italian,0,1,0,0,0,0,0,0,0,0,0,0,0,0,0,0,0,0,0,0
res_00000766_2,chatbot_extended,chatbot,0,1,1,0,0,Old,Age,Age,,,,1,0,1,desktop,1,0,ITA,West_Italian,West,Italian,0,0,0,0,0,1,0,0,0,0,0,0,0,0,0,0,0,0,0,0
res_00000767_1,chatbot_extended,chatbot,0,1,1,0,0,Young,Age,Age,,,,4,0,0,desktop,1,1,ITA,West_Italian,West,Italian,1,0,0,0,0,0,2,1,0,0,0,0,0,0,0,0,0,0,0,0
res_00000767_2,chatbot_extended,chatbot,0,0,1,0,0,Old,Age,Age,,,,4,0,1,desktop,1,0,ITA,West_Italian,West,Italian,2,0,0,0,1,1,0,0,0,0,0,0,0,0,0,0,0,0,0,0
res_00000768_1,chatbot_extended,chatbot,0,0,1,0,2,Low,Social Value,Social Value,,,,1,0,0,desktop,1,1,ITA,West_Italian,West,Italian,0,0,0,0,0,0,0,0,1,0,0,0,0,0,0,0,0,0,0,0
res_00000768_2,chatbot_extended,chatbot,0,1,1,0,1,High,Social Value,Social Value,,,,1,0,1,desktop,1,0,ITA,West_Italian,West,Italian,0,0,0,0,0,0,0,0,0,0,0,0,1,0,0,0,0,0,0,0
res_00000769_1,chatbot_extended,chatbot,0,0,1,0,2,Less,Utilitarian,Utilitarian,,,,3,2,0,desktop,1,1,ITA,West_Italian,West,Italian,0,0,0,0,0,1,0,0,0,0,0,0,0,0,0,0,0,0,2,0
res_00000769_2,chatbot_extended,chatbot,0,1,1,0,1,More,Utilitarian,Utilitarian,,,,5,2,1,desktop,1,0,ITA,West_Italian,West,Italian,0,0,0,0,0,1,0,0,0,0,1,0,0,1,0,0,0,0,2,0
res_00000770_1,chatbot_extended,chatbot,0,1,0,1,0,Pets,Species,Species,,,,5,0,1,desktop,1,1,ITA,West_Italian,West,Italian,0,0,0,0,0,0,0,0,0,0,0,0,0,0,0,0,0,0,2,3
res_00000770_2,chatbot_extended,chatbot,0,0,0,0,1,Hoomans,Species,Species,,,,5,0,0,desktop,1,0,ITA,West_Italian,West,Italian,0,1,0,1,0,0,0,1,1,0,0,0,1,0,0,0,0,0,0,0
res_00000771_1,chatbot_extended,chatbot,0,0,0,1,0,Young,Age,Age,,,,1,0,0,desktop,1,1,ITA,West_Italian,West,Italian,1,0,0,0,0,0,0,0,0,0,0,0,0,0,0,0,0,0,0,0
res_00000771_2,chatbot_extended,chatbot,0,1,0,0,0,Old,Age,Age,,,,1,0,1,desktop,1,0,ITA,West_Italian,West,Italian,0,0,0,0,1,0,0,0,0,0,0,0,0,0,0,0,0,0,0,0
res_00000772_1,chatbot_extended,chatbot,0,1,1,0,1,Hoomans,Species,Species,,,,1,0,0,desktop,1,1,ITA,West_Italian,West,Italian,0,0,0,0,0,0,1,0,0,0,0,0,0,0,0,0,0,0,0,0
res_00000772_2,chatbot_extended,chatbot,0,0,1,0,2,Pets,Species,Species,,,,1,0,1,desktop,1,0,ITA,West_Italian,West,Italian,0,0,0,0,0,0,0,0,0,0,0,0,0,0,0,0,0,0,0,1
res_00000773_1,chatbot_extended,chatbot,0,0,1,0,0,Hoomans,Species,Species,,,,4,0,0,desktop,1,1,ITA,West_Italian,West,Italian,0,1,0,0,0,1,0,1,0,0,0,0,1,0,0,0,0,0,0,0
res_00000773_2,chatbot_extended,chatbot,0,1,1,0,0,Pets,Species,Species,,,,4,0,1,desktop,1,0,ITA,West_Italian,West,Italian,0,0,0,0,0,0,0,0,0,0,0,0,0,0,0,0,0,0,2,2
res_00000774_1,chatbot_extended,chatbot,0,0,1,0,0,Fat,Fitness,Fitness,,,,3,0,0,desktop,1,1,ITA,West_Italian,West,Italian,1,0,0,0,0,0,0,0,0,2,0,0,0,0,0,0,0,0,0,0
res_00000774_2,chatbot_extended,chatbot,0,1,1,0,0,Fit,Fitness,Fitness,,,,3,0,1,desktop,1,0,ITA,West_Italian,West,Italian,0,2,0,0,0,0,0,0,0,0,0,0,0,0,0,1,0,0,0,0
res_00000775_1,chatbot_extended,chatbot,0,0,1,0,0,Hoomans,Species,Species,,,,1,0,0,desktop,1,1,ITA,West_Italian,West,Italian,0,0,0,0,0,0,0,0,0,0,0,0,0,0,1,0,0,0,0,0
res_00000775_2,chatbot_extended,chatbot,0,1,1,0,0,Pets,Species,Species,,,,1,0,1,desktop,1,0,ITA,West_Italian,West,Italian,0,0,0,0,0,0,0,0,0,0,0,0,0,0,0,0,0,0,0,1
res_00000776_1,chatbot_extended,chatbot,0,0,1,0,1,Female,Gender,Gender,,,,3,0,0,desktop,1,1,ITA,West_Italian,West,Italian,0,0,0,0,0,0,0,1,0,1,0,0,0,1,0,0,0,0,0,0
res_00000776_2,chatbot_extended,chatbot,0,1,1,0,2,Male,Gender,Gender,,,,3,0,1,desktop,1,0,ITA,West_Italian,West,Italian,0,0,0,0,0,0,1,0,0,0,1,0,1,0,0,0,0,0,0,0
res_00000777_1,chatbot_extended,chatbot,0,1,1,0,2,Low,Social Value,Social Value,,,,4,0,0,desktop,1,1,ITA,West_Italian,West,Italian,0,2,0,0,0,0,0,0,1,0,0,1,0,0,0,0,0,0,0,0
res_00000777_2,chatbot_extended,chatbot,0,0,1,0,1,High,Social Value,Social Value,,,,4,0,1,desktop,1,0,ITA,West_Italian,West,Italian,0,2,1,0,0,0,0,0,0,0,0,0,0,0,0,0,1,0,0,0
res_00000778_1,chatbot_extended,chatbot,0,0,1,0,0,Female,Gender,Gender,,,,3,0,0,desktop,1,1,ITA,West_Italian,West,Italian,0,1,0,0,0,0,0,0,0,1,0,0,0,0,0,0,1,0,0,0
res_00000778_2,chatbot_extended,chatbot,0,1,1,0,0,Male,Gender,Gender,,,,3,0,1,desktop,1,0,ITA,West_Italian,West,Italian,1,0,0,0,0,0,0,0,0,0,1,0,0,0,0,0,0,1,0,0
res_00000779_1,chatbot_extended,chatbot,0,0,0,1,0,Old,Age,Age,,,,4,0,1,desktop,1,1,ITA,West_Italian,West,Italian,1,0,0,0,1,2,0,0,0,0,0,0,0,0,0,0,0,0,0,0
res_00000779_2,chatbot_extended,chatbot,0,1,0,0,0,Young,Age,Age,,,,4,0,0,desktop,1,0,ITA,West_Italian,West,Italian,0,2,0,0,0,0,2,0,0,0,0,0,0,0,0,0,0,0,0,0
res_00000780_1,chatbot_extended,chatbot,0,0,1,0,2,Young,Age,Age,,,,3,0,0,desktop,1,1,ITA,West_Italian,West,Italian,0,1,0,0,0,0,0,2,0,0,0,0,0,0,0,0,0,0,0,0
res_00000780_2,chatbot_extended,chatbot,0,1,1,0,1,Old,Age,Age,,,,3,0,1,desktop,1,0,ITA,West_Italian,West,Italian,0,1,0,0,0,2,0,0,0,0,0,0,0,0,0,0,0,0,0,0
res_00000781_1,chatbot_extended,chatbot,0,0,0,1,0,Fat,Fitness,Fitness,,,,4,0,0,desktop,1,1,ITA,West_Italian,West,Italian,1,0,0,0,0,0,0,0,0,2,1,0,0,0,0,0,0,0,0,0
res_00000781_2,chatbot_extended,chatbot,0,1,0,0,0,Fit,Fitness,Fitness,,,,4,0,1,desktop,1,0,ITA,West_Italian,West,Italian,0,0,0,0,0,0,0,0,0,0,0,0,0,0,2,2,0,0,0,0
res_00000782_1,chatbot_extended,chatbot,0,0,1,0,1,Low,Social Value,Social Value,,,,2,0,0,desktop,1,1,ITA,West_Italian,West,Italian,1,0,0,0,0,0,0,0,0,0,0,1,0,0,0,0,0,0,0,0
res_00000782_2,chatbot_extended,chatbot,0,1,1,0,2,High,Social Value,Social Value,,,,2,0,1,desktop,1,0,ITA,West_Italian,West,Italian,1,0,0,0,0,0,0,0,0,0,0,0,0,0,0,0,0,1,0,0
res_00000783_1,chatbot_extended,chatbot,0,1,1,0,2,Low,Social Value,Social Value,,,,5,0,0,desktop,1,1,ITA,West_Italian,West,Italian,1,1,0,0,0,0,0,0,2,0,0,1,0,0,0,0,0,0,0,0
res_00000783_2,chatbot_extended,chatbot,0,0,1,0,1,High,Social Value,Social Value,,,,5,0,1,desktop,1,0,ITA,West_Italian,West,Italian,2,0,0,0,0,0,0,0,0,0,0,0,1,1,0,0,0,1,0,0
res_00000784_1,chatbot_extended,chatbot,0,1,0,1,0,Pets,Species,Species,,,,2,0,1,desktop,1,1,ITA,West_Italian,West,Italian,0,0,0,0,0,0,0,0,0,0,0,0,0,0,0,0,0,0,1,1
res_00000784_2,chatbot_extended,chatbot,0,0,0,0,0,Hoomans,Species,Species,,,,2,0,0,desktop,1,0,ITA,West_Italian,West,Italian,0,1,0,0,0,0,0,0,0,0,0,0,0,0,0,0,1,0,0,0
res_00000785_1,chatbot_extended,chatbot,0,1,0,1,0,Hoomans,Species,Species,,,,4,0,0,desktop,1,1,ITA,West_Italian,West,Italian,0,0,0,0,1,1,0,0,1,0,0,0,0,0,0,0,1,0,0,0
res_00000785_2,chatbot_extended,chatbot,0,0,0,0,2,Pets,Species,Species,,,,4,0,1,desktop,1,0,ITA,West_Italian,West,Italian,0,0,0,0,0,0,0,0,0,0,0,0,0,0,0,0,0,0,3,1
res_00000786_1,chatbot_extended,chatbot,0,0,1,0,0,Hoomans,Species,Species,,,,4,0,0,desktop,1,1,ITA,West_Italian,West,Italian,0,0,1,1,0,0,0,0,0,0,1,0,0,1,0,0,0,0,0,0
res_00000786_2,chatbot_extended,chatbot,0,1,1,0,0,Pets,Species,Species,,,,4,0,1,desktop,1,0,ITA,West_Italian,West,Italian,0,0,0,0,0,0,0,0,0,0,0,0,0,0,0,0,0,0,3,1
res_00000787_1,chatbot_extended,chatbot,0,0,0,1,0,Male,Gender,Gender,,,,2,0,0,desktop,1,1,ITA,West_Italian,West,Italian,0,0,0,0,1,0,0,0,0,0,1,0,0,0,0,0,0,0,0,0
res_00000787_2,chatbot_extended,chatbot,0,1,0,0,2,Female,Gender,Gender,,,,2,0,1,desktop,1,0,ITA,West_Italian,West,Italian,0,0,0,0,0,1,0,0,0,1,0,0,0,0,0,0,0,0,0,0
res_00000788_1,chatbot_extended,chatbot,0,1,1,0,0,Low,Social Value,Social Value,,,,2,0,0,desktop,1,1,ITA,West_Italian,West,Italian,0,1,0,0,0,0,0,0,0,0,0,1,0,0,0,0,0,0,0,0
res_00000788_2,chatbot_extended,chatbot,0,0,1,0,0,High,Social Value,Social Value,,,,2,0,1,desktop,1,0,ITA,West_Italian,West,Italian,0,1,0,0,0,0,0,0,0,0,0,0,0,1,0,0,0,0,0,0
res_00000789_1,chatbot_extended,chatbot,0,0,0,1,0,Fat,Fitness,Fitness,,,,3,0,0,desktop,1,1,ITA,West_Italian,West,Italian,0,1,0,0,0,0,0,0,0,2,0,0,0,0,0,0,0,0,0,0
res_00000789_2,chatbot_extended,chatbot,0,1,0,0,0,Fit,Fitness,Fitness,,,,3,0,1,desktop,1,0,ITA,West_Italian,West,Italian,0,1,0,0,0,0,0,0,0,0,0,0,0,0,2,0,0,0,0,0
res_00000790_1,chatbot_extended,chatbot,0,1,0,1,0,Low,Social Value,Social Value,,,,5,0,0,desktop,1,1,ITA,West_Italian,West,Italian,2,0,0,0,0,0,0,0,1,0,0,2,0,0,0,0,0,0,0,0
res_00000790_2,chatbot_extended,chatbot,0,0,0,0,0,High,Social Value,Social Value,,,,5,0,1,desktop,1,0,ITA,West_Italian,West,Italian,0,0,1,0,0,0,0,0,0,0,0,0,2,2,0,0,0,0,0,0
res_00000791_1,chatbot_extended,chatbot,0,0,0,1,0,Pets,Species,Species,,,,3,0,1,desktop,1,1,ITA,West_Italian,West,Italian,0,0,0,0,0,0,0,0,0,0,0,0,0,0,0,0,0,0,2,1
res_00000791_2,chatbot_extended,chatbot,0,1,0,0,1,Hoomans,Species,Species,,,,3,0,0,desktop,1,0,ITA,West_Italian,West,Italian,0,0,0,0,0,0,1,1,0,0,0,0,0,1,0,0,0,0,0,0
res_00000792_1,chatbot_extended,chatbot,0,0,1,0,0,Young,Age,Age,,,,1,0,0,desktop,1,1,ITA,West_Italian,West,Italian,0,0,0,0,0,0,0,1,0,0,0,0,0,0,0,0,0,0,0,0
res_00000792_2,chatbot_extended,chatbot,0,1,1,0,0,Old,Age,Age,,,,1,0,1,desktop,1,0,ITA,West_Italian,West,Italian,0,1,0,0,0,0,0,0,0,0,0,0,0,0,0,0,0,0,0,0
res_00000793_1,chatbot_extended,chatbot,0,0,1,0,2,Female,Gender,Gender,,,,1,0,0,desktop,1,1,ITA,West_Italian,West,Italian,0,1,0,0,0,0,0,0,0,0,0,0,0,0,0,0,0,0,0,0
res_00000793_2,chatbot_extended,chatbot,0,1,1,0,1,Male,Gender,Gender,,,,1,0,1,desktop,1,0,ITA,West_Italian,West,Italian,1,0,0,0,0,0,0,0,0,0,0,0,0,0,0,0,0,0,0,0
res_00000794_1,chatbot_extended,chatbot,0,0,1,0,2,Young,Age,Age,,,,2,0,0,desktop,1,1,ITA,West_Italian,West,Italian,0,1,0,0,0,0,0,1,0,0,0,0,0,0,0,0,0,0,0,0
res_00000794_2,chatbot_extended,chatbot,0,1,1,0,1,Old,Age,Age,,,,2,0,1,desktop,1,0,ITA,West_Italian,West,Italian,0,1,0,0,0,1,0,0,0,0,0,0,0,0,0,0,0,0,0,0
res_00000795_1,chatbot_extended,chatbot,0,0,0,1,0,Less,Utilitarian,Utilitarian,,,,4,1,0,desktop,1,1,ITA,West_Italian,West,Italian,0,0,0,1,0,0,0,2,0,0,0,0,0,0,0,0,0,0,0,1
res_00000795_2,chatbot_extended,chatbot,0,1,0,0,1,More,Utilitarian,Utilitarian,,,,5,1,1,desktop,1,0,ITA,West_Italian,West,Italian,0,0,0,1,0,0,0,2,0,0,1,0,0,0,0,0,0,0,0,1
res_00000796_1,chatbot_extended,chatbot,0,0,0,1,0,Low,Social Value,Social Value,,,,2,0,0,desktop,1,1,ITA,West_Italian,West,Italian,1,0,0,0,0,0,0,0,1,0,0,0,0,0,0,0,0,0,0,0
res_00000796_2,chatbot_extended,chatbot,0,1,0,0,1,High,Social Value,Social Value,,,,2,0,1,desktop,1,0,ITA,West_Italian,West,Italian,0,0,0,0,0,0,0,0,0,0,0,0,0,1,0,0,0,1,0,0
res_00000797_1,chatbot_extended,chatbot,0,0,0,1,0,Male,Gender,Gender,,,,1,0,1,desktop,1,1,ITA,West_Italian,West,Italian,0,0,0,0,1,0,0,0,0,0,0,0,0,0,0,0,0,0,0,0
res_00000797_2,chatbot_extended,chatbot,0,1,0,0,1,Female,Gender,Gender,,,,1,0,0,desktop,1,0,ITA,West_Italian,West,Italian,0,0,0,0,0,1,0,0,0,0,0,0,0,0,0,0,0,0,0,0
res_00000798_1,chatbot_extended,chatbot,0,1,0,1,0,More,Utilitarian,Utilitarian,,,,5,3,0,desktop,1,1,ITA,West_Italian,West,Italian,0,0,0,0,0,0,0,1,1,1,0,0,1,0,0,1,0,0,0,0
res_00000798_2,chatbot_extended,chatbot,0,0,0,0,1,Less,Utilitarian,Utilitarian,,,,2,3,1,desktop,1,0,ITA,West_Italian,West,Italian,0,0,0,0,0,0,0,0,0,0,0,0,1,0,0,1,0,0,0,0
res_00000799_1,chatbot_extended,chatbot,0,0,1,0,1,Less,Utilitarian,Utilitarian,,,,3,2,0,desktop,1,1,ITA,West_Italian,West,Italian,0,0,0,1,0,0,0,0,1,0,0,0,0,0,0,0,0,0,1,0
res_00000799_2,chatbot_extended,chatbot,0,1,1,0,2,More,Utilitarian,Utilitarian,,,,5,2,1,desktop,1,0,ITA,West_Italian,West,Italian,0,0,0,1,0,0,0,0,1,1,1,0,0,0,0,0,0,0,1,0
res_00000800_1,chatbot_extended,chatbot,0,0,0,1,0,Hoomans,Species,Species,,,,3,0,0,desktop,1,1,AUS,West_Australian,West,Australian,1,1,0,0,0,0,0,0,0,0,0,0,0,0,0,0,1,0,0,0
res_00000800_2,chatbot_extended,chatbot,0,1,0,0,0,Pets,Species,Species,,,,3,0,1,desktop,1,0,AUS,West_Australian,West,Australian,0,0,0,0,0,0,0,0,0,0,0,0,0,0,0,0,0,0,1,2
res_00000801_1,chatbot_extended,chatbot,0,0,0,1,0,Male,Gender,Gender,,,,2,0,1,desktop,1,1,AUS,West_Australian,West,Australian,0,0,0,0,0,0,2,0,0,0,0,0,0,0,0,0,0,0,0,0
res_00000801_2,chatbot_extended,chatbot,0,1,0,0,2,Female,Gender,Gender,,,,2,0,0,desktop,1,0,AUS,West_Australian,West,Australian,0,0,0,0,0,0,0,2,0,0,0,0,0,0,0,0,0,0,0,0
res_00000802_1,chatbot_extended,chatbot,0,1,1,0,2,Young,Age,Age,,,,1,0,0,desktop,1,1,AUS,West_Australian,West,Australian,0,0,0,0,0,0,0,1,0,0,0,0,0,0,0,0,0,0,0,0
res_00000802_2,chatbot_extended,chatbot,0,0,1,0,1,Old,Age,Age,,,,1,0,1,desktop,1,0,AUS,West_Australian,West,Australian,0,1,0,0,0,0,0,0,0,0,0,0,0,0,0,0,0,0,0,0
res_00000803_1,chatbot_extended,chatbot,0,1,0,1,0,Pets,Species,Species,,,,1,0,1,desktop,1,1,AUS,West_Australian,West,Australian,0,0,0,0,0,0,0,0,0,0,0,0,0,0,0,0,0,0,1,0
res_00000803_2,chatbot_extended,chatbot,0,0,0,0,1,Hoomans,Species,Species,,,,1,0,0,desktop,1,0,AUS,West_Australian,West,Australian,0,0,0,0,0,1,0,0,0,0,0,0,0,0,0,0,0,0,0,0
res_00000804_1,chatbot_extended,chatbot,0,0,1,0,0,Hoomans,Species,Species,,,,2,0,0,desktop,1,1,AUS,West_Australian,West,Australian,0,0,0,0,0,0,0,0,0,0,0,1,0,0,1,0,0,0,0,0
res_00000804_2,chatbot_extended,chatbot,0,1,1,0,0,Pets,Species,Species,,,,2,0,1,desktop,1,0,AUS,West_Australian,West,Australian,0,0,0,0,0,0,0,0,0,0,0,0,0,0,0,0,0,0,1,1
res_00000805_1,chatbot_extended,chatbot,0,0,0,1,0,Fat,Fitness,Fitness,,,,5,0,0,desktop,1,1,AUS,West_Australian,West,Australian,1,2,0,0,0,0,0,0,0,1,1,0,0,0,0,0,0,0,0,0
res_00000805_2,chatbot_extended,chatbot,0,1,0,0,0,Fit,Fitness,Fitness,,,,5,0,1,desktop,1,0,AUS,West_Australian,West,Australian,0,0,0,0,0,0,0,0,0,0,0,0,0,0,3,2,0,0,0,0
res_00000806_1,chatbot_extended,chatbot,0,0,0,1,0,Old,Age,Age,,,,1,0,1,desktop,1,1,AUS,West_Australian,West,Australian,0,0,0,0,0,1,0,0,0,0,0,0,0,0,0,0,0,0,0,0
res_00000806_2,chatbot_extended,chatbot,0,1,0,0,1,Young,Age,Age,,,,1,0,0,desktop,1,0,AUS,West_Australian,West,Australian,0,0,0,0,0,0,0,1,0,0,0,0,0,0,0,0,0,0,0,0
res_00000807_1,chatbot_extended,chatbot,0,0,0,1,0,Fat,Fitness,Fitness,,,,4,0,0,desktop,1,1,AUS,West_Australian,West,Australian,1,1,0,0,0,0,0,0,0,1,1,0,0,0,0,0,0,0,0,0
res_00000807_2,chatbot_extended,chatbot,0,1,0,0,0,Fit,Fitness,Fitness,,,,4,0,1,desktop,1,0,AUS,West_Australian,West,Australian,1,1,0,0,0,0,0,0,0,0,0,0,0,0,1,1,0,0,0,0
res_00000808_1,chatbot_extended,chatbot,0,0,0,1,0,Hoomans,Species,Species,,,,5,0,0,desktop,1,1,AUS,West_Australian,West,Australian,0,1,0,0,0,1,0,0,1,1,0,0,0,0,1,0,0,0,0,0
res_00000808_2,chatbot_extended,chatbot,0,1,0,0,0,Pets,Species,Species,,,,5,0,1,desktop,1,0,AUS,West_Australian,West,Australian,0,0,0,0,0,0,0,0,0,0,0,0,0,0,0,0,0,0,3,2
res_00000809_1,chatbot_extended,chatbot,0,1,1,0,1,Less,Utilitarian,Utilitarian,,,,2,2,0,desktop,1,1,AUS,West_Australian,West,Australian,0,0,0,0,0,0,0,0,1,0,0,0,0,0,0,0,0,0,0,1
res_00000809_2,chatbot_extended,chatbot,0,0,1,0,2,More,Utilitarian,Utilitarian,,,,4,2,1,desktop,1,0,AUS,West_Australian,West,Australian,1,0,1,0,0,0,0,0,1,0,0,0,0,0,0,0,0,0,0,1
res_00000810_1,chatbot_extended,chatbot,0,0,1,0,0,Female,Gender,Gender,,,,4,0,0,desktop,1,1,AUS,West_Australian,West,Australian,0,1,0,0,0,0,0,0,0,1,0,0,0,2,0,0,0,0,0,0
res_00000810_2,chatbot_extended,chatbot,0,1,1,0,0,Male,Gender,Gender,,,,4,0,1,desktop,1,0,AUS,West_Australian,West,Australian,1,0,0,0,0,0,0,0,0,0,1,0,2,0,0,0,0,0,0,0
res_00000811_1,chatbot_extended,chatbot,0,0,0,1,0,Hoomans,Species,Species,,,,1,0,0,desktop,1,1,AUS,West_Australian,West,Australian,0,0,0,0,0,0,0,0,0,1,0,0,0,0,0,0,0,0,0,0
res_00000811_2,chatbot_extended,chatbot,0,1,0,0,0,Pets,Species,Species,,,,1,0,1,desktop,1,0,AUS,West_Australian,West,Australian,0,0,0,0,0,0,0,0,0,0,0,0,0,0,0,0,0,0,0,1
res_00000812_1,chatbot_extended,chatbot,0,0,1,0,0,Hoomans,Species,Species,,,,1,0,0,desktop,1,1,AUS,West_Australian,West,Australian,0,0,0,0,0,0,0,0,0,0,0,0,0,1,0,0,0,0,0,0
res_00000812_2,chatbot_extended,chatbot,0,1,1,0,0,Pets,Species,Species,,,,1,0,1,desktop,1,0,AUS,West_Australian,West,Australian,0,0,0,0,0,0,0,0,0,0,0,0,0,0,0,0,0,0,0,1
res_00000813_1,chatbot_extended,chatbot,0,0,1,0,1,Female,Gender,Gender,,,,2,0,0,desktop,1,1,AUS,West_Australian,West,Australian,0,0,0,0,0,0,0,1,0,0,0,0,0,0,0,0,1,0,0,0
res_00000813_2,chatbot_extended,chatbot,0,1,1,0,2,Male,Gender,Gender,,,,2,0,1,desktop,1,0,AUS,West_Australian,West,Australian,0,0,0,0,0,0,1,0,0,0,0,0,0,0,0,0,0,1,0,0
res_00000814_1,chatbot_extended,chatbot,0,1,0,1,0,Less,Utilitarian,Utilitarian,,,,4,1,0,desktop,1,1,AUS,West_Australian,West,Australian,0,0,1,0,0,0,0,0,0,0,1,0,0,1,0,0,0,0,1,0
res_00000814_2,chatbot_extended,chatbot,0,0,0,0,1,More,Utilitarian,Utilitarian,,,,5,1,1,desktop,1,0,AUS,West_Australian,West,Australian,0,0,1,0,0,0,0,1,0,0,1,0,0,1,0,0,0,0,1,0
res_00000815_1,chatbot_extended,chatbot,0,0,1,0,2,Fat,Fitness,Fitness,,,,2,0,0,desktop,1,1,AUS,West_Australian,West,Australian,1,0,0,0,0,0,0,0,0,0,1,0,0,0,0,0,0,0,0,0
res_00000815_2,chatbot_extended,chatbot,0,1,1,0,1,Fit,Fitness,Fitness,,,,2,0,1,desktop,1,0,AUS,West_Australian,West,Australian,1,0,0,0,0,0,0,0,0,0,0,0,0,0,0,1,0,0,0,0
res_00000816_1,chatbot_extended,chatbot,0,0,0,1,0,Female,Gender,Gender,,,,5,0,1,desktop,1,1,AUS,West_Australian,West,Australian,0,1,0,0,0,0,0,2,0,2,0,0,0,0,0,0,0,0,0,0
res_00000816_2,chatbot_extended,chatbot,0,1,0,0,1,Male,Gender,Gender,,,,5,0,0,desktop,1,0,AUS,West_Australian,West,Australian,1,0,0,0,0,0,2,0,0,0,2,0,0,0,0,0,0,0,0,0
res_00000817_1,chatbot_extended,chatbot,0,1,1,0,1,Female,Gender,Gender,,,,2,0,0,desktop,1,1,AUS,West_Australian,West,Australian,0,0,0,0,0,1,0,0,0,0,0,0,0,0,0,0,1,0,0,0
res_00000817_2,chatbot_extended,chatbot,0,0,1,0,2,Male,Gender,Gender,,,,2,0,1,desktop,1,0,AUS,West_Australian,West,Australian,0,0,0,0,1,0,0,0,0,0,0,0,0,0,0,0,0,1,0,0
res_00000818_1,chatbot_extended,chatbot,0,1,0,1,0,Low,Social Value,Social Value,,,,3,0,0,desktop,1,1,AUS,West_Australian,West,Australian,0,0,0,0,0,0,0,0,0,0,0,3,0,0,0,0,0,0,0,0
res_00000818_2,chatbot_extended,chatbot,0,0,0,0,1,High,Social Value,Social Value,,,,3,0,1,desktop,1,0,AUS,West_Australian,West,Australian,0,1,0,0,0,0,0,0,0,0,0,0,0,1,0,0,0,1,0,0
res_00000819_1,chatbot_extended,chatbot,0,1,1,0,0,Fat,Fitness,Fitness,,,,4,0,0,desktop,1,1,AUS,West_Australian,West,Australian,0,1,0,0,0,0,0,0,0,1,2,0,0,0,0,0,0,0,0,0
res_00000819_2,chatbot_extended,chatbot,0,0,1,0,0,Fit,Fitness,Fitness,,,,4,0,1,desktop,1,0,AUS,West_Australian,West,Australian,0,1,0,0,0,0,0,0,0,0,0,0,0,0,1,2,0,0,0,0
res_00000820_1,chatbot_extended,chatbot,0,0,1,0,2,Young,Age,Age,,,,5,0,0,desktop,1,1,AUS,West_Australian,West,Australian,0,2,0,0,0,0,2,1,0,0,0,0,0,0,0,0,0,0,0,0
res_00000820_2,chatbot_extended,chatbot,0,1,1,0,1,Old,Age,Age,,,,5,0,1,desktop,1,0,AUS,West_Australian,West,Australian,1,0,0,0,1,3,0,0,0,0,0,0,0,0,0,0,0,0,0,0
res_00000821_1,chatbot_extended,chatbot,0,1,0,1,0,Less,Utilitarian,Utilitarian,,,,4,1,0,desktop,1,1,AUS,West_Australian,West,Australian,0,0,0,0,0,0,0,2,1,0,0,0,0,1,0,0,0,0,0,0
res_00000821_2,chatbot_extended,chatbot,0,0,0,0,0,More,Utilitarian,Utilitarian,,,,5,1,1,desktop,1,0,AUS,West_Australian,West,Australian,0,0,0,0,0,0,1,2,1,0,0,0,0,1,0,0,0,0,0,0
res_00000822_1,chatbot_extended,chatbot,0,0,0,1,0,High,Social Value,Social Value,,,,4,0,0,desktop,1,1,AUS,West_Australian,West,Australian,0,1,0,0,0,0,0,0,0,0,0,0,1,1,0,0,0,1,0,0
res_00000822_2,chatbot_extended,chatbot,0,1,0,0,0,Low,Social Value,Social Value,,,,4,0,1,desktop,1,0,AUS,West_Australian,West,Australian,0,2,0,0,0,0,0,0,1,0,0,1,0,0,0,0,0,0,0,0
res_00000823_1,chatbot_extended,chatbot,0,1,1,0,0,Female,Gender,Gender,,,,1,0,0,desktop,1,1,AUS,West_Australian,West,Australian,0,0,0,0,0,0,0,0,0,0,0,0,0,0,0,0,1,0,0,0
res_00000823_2,chatbot_extended,chatbot,0,0,1,0,0,Male,Gender,Gender,,,,1,0,1,desktop,1,0,AUS,West_Australian,West,Australian,0,0,0,0,0,0,0,0,0,0,0,0,0,0,0,0,0,1,0,0
res_00000824_1,chatbot_extended,chatbot,0,0,1,0,2,Hoomans,Species,Species,,,,4,0,0,desktop,1,1,AUS,West_Australian,West,Australian,0,0,0,0,0,1,0,0,0,0,1,1,0,0,0,0,0,1,0,0
res_00000824_2,chatbot_extended,chatbot,0,1,1,0,1,Pets,Species,Species,,,,4,0,1,desktop,1,0,AUS,West_Australian,West,Australian,0,0,0,0,0,0,0,0,0,0,0,0,0,0,0,0,0,0,2,2
res_00000825_1,chatbot_extended,chatbot,0,0,0,1,0,Fit,Fitness,Fitness,,,,5,0,1,desktop,1,1,AUS,West_Australian,West,Australian,2,0,0,0,0,0,0,0,0,0,0,0,0,0,2,1,0,0,0,0
res_00000825_2,chatbot_extended,chatbot,0,1,0,0,0,Fat,Fitness,Fitness,,,,5,0,0,desktop,1,0,AUS,West_Australian,West,Australian,1,1,0,0,0,0,0,0,0,1,2,0,0,0,0,0,0,0,0,0
res_00000826_1,chatbot_extended,chatbot,0,1,1,0,1,Young,Age,Age,,,,4,0,0,desktop,1,1,AUS,West_Australian,West,Australian,0,0,0,0,0,0,1,3,0,0,0,0,0,0,0,0,0,0,0,0
res_00000826_2,chatbot_extended,chatbot,0,0,1,0,2,Old,Age,Age,,,,4,0,1,desktop,1,0,AUS,West_Australian,West,Australian,1,0,0,0,0,3,0,0,0,0,0,0,0,0,0,0,0,0,0,0
res_00000827_1,chatbot_extended,chatbot,0,0,0,1,0,Young,Age,Age,,,,4,0,1,desktop,1,1,AUS,West_Australian,West,Australian,0,0,0,0,0,0,0,4,0,0,0,0,0,0,0,0,0,0,0,0
res_00000827_2,chatbot_extended,chatbot,0,1,0,0,0,Old,Age,Age,,,,4,0,0,desktop,1,0,AUS,West_Australian,West,Australian,0,2,0,0,0,2,0,0,0,0,0,0,0,0,0,0,0,0,0,0
res_00000828_1,chatbot_extended,chatbot,0,0,0,1,0,Male,Gender,Gender,,,,4,0,0,desktop,1,1,AUS,West_Australian,West,Australian,0,0,0,0,3,0,0,0,0,0,0,0,1,0,0,0,0,0,0,0
res_00000828_2,chatbot_extended,chatbot,0,1,0,0,2,Female,Gender,Gender,,,,4,0,1,desktop,1,0,AUS,West_Australian,West,Australian,0,0,0,0,0,3,0,0,0,0,0,0,0,1,0,0,0,0,0,0
res_00000829_1,chatbot_extended,chatbot,0,1,1,0,2,Young,Age,Age,,,,1,0,0,desktop,1,1,AUS,West_Australian,West,Australian,1,0,0,0,0,0,0,0,0,0,0,0,0,0,0,0,0,0,0,0
res_00000829_2,chatbot_extended,chatbot,0,0,1,0,1,Old,Age,Age,,,,1,0,1,desktop,1,0,AUS,West_Australian,West,Australian,0,0,0,0,1,0,0,0,0,0,0,0,0,0,0,0,0,0,0,0
res_00000830_1,chatbot_extended,chatbot,0,1,1,0,0,Fat,Fitness,Fitness,,,,4,0,0,desktop,1,1,AUS,West_Australian,West,Australian,1,1,0,0,0,0,0,0,0,0,2,0,0,0,0,0,0,0,0,0
res_00000830_2,chatbot_extended,chatbot,0,0,1,0,0,Fit,Fitness,Fitness,,,,4,0,1,desktop,1,0,AUS,West_Australian,West,Australian,1,0,0,0,0,0,0,0,0,0,0,0,0,0,1,2,0,0,0,0
res_00000831_1,chatbot_extended,chatbot,0,1,1,0,1,Female,Gender,Gender,,,,2,0,0,desktop,1,1,AUS,West_Australian,West,Australian,0,0,0,0,0,0,0,0,0,0,0,0,0,0,0,0,2,0,0,0
res_00000831_2,chatbot_extended,chatbot,0,0,1,0,2,Male,Gender,Gender,,,,2,0,1,desktop,1,0,AUS,West_Australian,West,Australian,0,0,0,0,0,0,0,0,0,0,0,0,0,0,0,0,0,2,0,0
res_00000832_1,chatbot_extended,chatbot,0,1,1,0,2,Low,Social Value,Social Value,,,,1,0,0,desktop,1,1,AUS,West_Australian,West,Australian,0,0,0,0,0,0,0,0,0,0,0,1,0,0,0,0,0,0,0,0
res_00000832_2,chatbot_extended,chatbot,0,0,1,0,1,High,Social Value,Social Value,,,,1,0,1,desktop,1,0,AUS,West_Australian,West,Australian,0,0,1,0,0,0,0,0,0,0,0,0,0,0,0,0,0,0,0,0
res_00000833_1,chatbot_extended,chatbot,0,1,1,0,0,Hoomans,Species,Species,,,,2,0,0,desktop,1,1,AUS,West_Australian,West,Australian,0,0,0,0,0,2,0,0,0,0,0,0,0,0,0,0,0,0,0,0
res_00000833_2,chatbot_extended,chatbot,0,0,1,0,0,Pets,Species,Species,,,,2,0,1,desktop,1,0,AUS,West_Australian,West,Australian,0,0,0,0,0,0,0,0,0,0,0,0,0,0,0,0,0,0,2,0
res_00000834_1,chatbot_extended,chatbot,0,0,0,1,0,Less,Utilitarian,Utilitarian,,,,3,2,0,desktop,1,1,AUS,West_Australian,West,Australian,0,0,0,0,0,0,0,0,1,1,0,0,0,0,0,1,0,0,0,0
res_00000834_2,chatbot_extended,chatbot,0,1,0,0,2,More,Utilitarian,Utilitarian,,,,5,2,1,desktop,1,0,AUS,West_Australian,West,Australian,0,0,0,1,0,0,0,1,1,1,0,0,0,0,0,1,0,0,0,0
res_00000835_1,chatbot_extended,chatbot,0,1,1,0,2,Female,Gender,Gender,,,,2,0,0,desktop,1,1,AUS,West_Australian,West,Australian,0,1,0,0,0,0,0,0,0,0,0,0,0,0,0,0,1,0,0,0
res_00000835_2,chatbot_extended,chatbot,0,0,1,0,1,Male,Gender,Gender,,,,2,0,1,desktop,1,0,AUS,West_Australian,West,Australian,1,0,0,0,0,0,0,0,0,0,0,0,0,0,0,0,0,1,0,0
res_00000836_1,chatbot_extended,chatbot,0,0,1,0,0,Young,Age,Age,,,,2,0,0,desktop,1,1,AUS,West_Australian,West,Australian,1,0,0,0,0,0,1,0,0,0,0,0,0,0,0,0,0,0,0,0
res_00000836_2,chatbot_extended,chatbot,0,1,1,0,0,Old,Age,Age,,,,2,0,1,desktop,1,0,AUS,West_Australian,West,Australian,1,0,0,0,1,0,0,0,0,0,0,0,0,0,0,0,0,0,0,0
res_00000837_1,chatbot_extended,chatbot,0,1,1,0,1,Fat,Fitness,Fitness,,,,2,0,0,desktop,1,1,AUS,West_Australian,West,Australian,0,0,0,0,0,0,0,0,0,2,0,0,0,0,0,0,0,0,0,0
res_00000837_2,chatbot_extended,chatbot,0,0,1,0,2,Fit,Fitness,Fitness,,,,2,0,1,desktop,1,0,AUS,West_Australian,West,Australian,0,1,0,0,0,0,0,0,0,0,0,0,0,0,1,0,0,0,0,0
res_00000838_1,chatbot_extended,chatbot,0,1,0,1,0,High,Social Value,Social Value,,,,3,0,0,desktop,1,1,AUS,West_Australian,West,Australian,1,0,0,0,0,0,0,0,0,0,0,0,0,0,0,0,2,0,0,0
res_00000838_2,chatbot_extended,chatbot,0,0,0,0,2,Low,Social Value,Social Value,,,,3,0,1,desktop,1,0,AUS,West_Australian,West,Australian,0,1,0,0,0,0,0,0,1,0,0,1,0,0,0,0,0,0,0,0
res_00000839_1,chatbot_extended,chatbot,0,1,1,0,1,Low,Social Value,Social Value,,,,2,0,0,desktop,1,1,AUS,West_Australian,West,Australian,0,0,0,0,0,0,0,0,2,0,0,0,0,0,0,0,0,0,0,0
res_00000839_2,chatbot_extended,chatbot,0,0,1,0,2,High,Social Value,Social Value,,,,2,0,1,desktop,1,0,AUS,West_Australian,West,Australian,0,0,0,0,0,0,0,0,0,0,0,0,0,1,0,0,0,1,0,0
res_00000840_1,chatbot_extended,chatbot,0,0,1,0,2,Low,Social Value,Social Value,,,,1,0,0,desktop,1,1,AUS,West_Australian,West,Australian,0,0,0,0,0,0,0,0,1,0,0,0,0,0,0,0,0,0,0,0
res_00000840_2,chatbot_extended,chatbot,0,1,1,0,1,High,Social Value,Social Value,,,,1,0,1,desktop,1,0,AUS,West_Australian,West,Australian,0,0,0,0,0,0,0,0,0,0,0,0,0,1,0,0,0,0,0,0
res_00000841_1,chatbot_extended,chatbot,0,0,1,0,1,Less,Utilitarian,Utilitarian,,,,1,1,0,desktop,1,1,AUS,West_Australian,West,Australian,0,1,0,0,0,0,0,0,0,0,0,0,0,0,0,0,0,0,0,0
res_00000841_2,chatbot_extended,chatbot,0,1,1,0,2,More,Utilitarian,Utilitarian,,,,2,1,1,desktop,1,0,AUS,West_Australian,West,Australian,0,1,1,0,0,0,0,0,0,0,0,0,0,0,0,0,0,0,0,0
res_00000842_1,chatbot_extended,chatbot,0,1,0,1,0,High,Social Value,Social Value,,,,4,0,0,desktop,1,1,AUS,West_Australian,West,Australian,0,1,0,0,0,0,0,0,0,0,0,0,0,1,0,0,1,1,0,0
res_00000842_2,chatbot_extended,chatbot,0,0,0,0,0,Low,Social Value,Social Value,,,,4,0,1,desktop,1,0,AUS,West_Australian,West,Australian,1,1,0,0,0,0,0,0,1,0,0,1,0,0,0,0,0,0,0,0
res_00000843_1,chatbot_extended,chatbot,0,0,1,0,0,Hoomans,Species,Species,,,,1,0,0,desktop,1,1,AUS,West_Australian,West,Australian,0,0,0,0,0,0,0,0,0,0,0,0,0,0,1,0,0,0,0,0
res_00000843_2,chatbot_extended,chatbot,0,1,1,0,0,Pets,Species,Species,,,,1,0,1,desktop,1,0,AUS,West_Australian,West,Australian,0,0,0,0,0,0,0,0,0,0,0,0,0,0,0,0,0,0,1,0
res_00000844_1,chatbot_extended,chatbot,0,1,1,0,1,Fat,Fitness,Fitness,,,,4,0,0,desktop,1,1,AUS,West_Australian,West,Australian,1,1,0,0,0,0,0,0,0,0,2,0,0,0,0,0,0,0,0,0
res_00000844_2,chatbot_extended,chatbot,0,0,1,0,2,Fit,Fitness,Fitness,,,,4,0,1,desktop,1,0,AUS,West_Australian,West,Australian,1,0,0,0,0,0,0,0,0,0,0,0,0,0,1,2,0,0,0,0
res_00000845_1,chatbot_extended,chatbot,0,1,0,1,0,Less,Utilitarian,Utilitarian,,,,3,1,0,desktop,1,1,AUS,West_Australian,West,Australian,0,0,0,0,0,0,0,0,1,1,0,0,0,1,0,0,0,0,0,0
res_00000845_2,chatbot_extended,chatbot,0,0,0,0,1,More,Utilitarian,Utilitarian,,,,4,1,1,desktop,1,0,AUS,West_Australian,West,Australian,0,0,0,0,0,0,0,1,1,1,0,0,0,1,0,0,0,0,0,0
res_00000846_1,chatbot_extended,chatbot,0,1,0,1,0,More,Utilitarian,Utilitarian,,,,5,3,1,desktop,1,1,AUS,West_Australian,West,Australian,0,0,3,0,0,0,0,0,0,0,0,0,0,0,0,0,0,0,1,1
res_00000846_2,chatbot_extended,chatbot,0,0,0,0,0,Less,Utilitarian,Utilitarian,,,,2,3,0,desktop,1,0,AUS,West_Australian,West,Australian,0,0,1,0,0,0,0,0,0,0,0,0,0,0,0,0,0,0,0,1
res_00000847_1,chatbot_extended,chatbot,0,0,0,1,0,Female,Gender,Gender,,,,4,0,0,desktop,1,1,AUS,West_Australian,West,Australian,0,1,0,0,0,1,0,0,0,0,0,0,0,0,1,0,1,0,0,0
res_00000847_2,chatbot_extended,chatbot,0,1,0,0,0,Male,Gender,Gender,,,,4,0,1,desktop,1,0,AUS,West_Australian,West,Australian,1,0,0,0,1,0,0,0,0,0,0,0,0,0,0,1,0,1,0,0
res_00000848_1,chatbot_extended,chatbot,0,0,1,0,0,Hoomans,Species,Species,,,,4,0,0,desktop,1,1,AUS,West_Australian,West,Australian,1,0,0,0,0,0,0,0,0,0,0,1,0,0,0,1,0,1,0,0
res_00000848_2,chatbot_extended,chatbot,0,1,1,0,0,Pets,Species,Species,,,,4,0,1,desktop,1,0,AUS,West_Australian,West,Australian,0,0,0,0,0,0,0,0,0,0,0,0,0,0,0,0,0,0,4,0
res_00000849_1,chatbot_extended,chatbot,0,0,1,0,1,Young,Age,Age,,,,2,0,0,desktop,1,1,AUS,West_Australian,West,Australian,2,0,0,0,0,0,0,0,0,0,0,0,0,0,0,0,0,0,0,0
res_00000849_2,chatbot_extended,chatbot,0,1,1,0,2,Old,Age,Age,,,,2,0,1,desktop,1,0,AUS,West_Australian,West,Australian,0,0,0,0,2,0,0,0,0,0,0,0,0,0,0,0,0,0,0,0
res_00000850_1,chatbot_extended,chatbot,0,1,0,1,0,Young,Age,Age,,,,5,0,0,desktop,1,1,AUS,West_Australian,West,Australian,0,0,0,0,0,0,2,3,0,0,0,0,0,0,0,0,0,0,0,0
res_00000850_2,chatbot_extended,chatbot,0,0,0,0,2,Old,Age,Age,,,,5,0,1,desktop,1,0,AUS,West_Australian,West,Australian,1,2,0,0,1,1,0,0,0,0,0,0,0,0,0,0,0,0,0,0
res_00000851_1,chatbot_extended,chatbot,0,0,0,1,0,Old,Age,Age,,,,3,0,0,desktop,1,1,AUS,West_Australian,West,Australian,0,1,0,0,0,2,0,0,0,0,0,0,0,0,0,0,0,0,0,0
res_00000851_2,chatbot_extended,chatbot,0,1,0,0,2,Young,Age,Age,,,,3,0,1,desktop,1,0,AUS,West_Australian,West,Australian,0,2,0,0,0,0,0,1,0,0,0,0,0,0,0,0,0,0,0,0
res_00000852_1,chatbot_extended,chatbot,0,0,0,1,0,Low,Social Value,Social Value,,,,1,0,0,desktop,1,1,AUS,West_Australian,West,Australian,0,0,0,0,0,0,0,0,0,0,0,1,0,0,0,0,0,0,0,0
res_00000852_2,chatbot_extended,chatbot,0,1,0,0,0,High,Social Value,Social Value,,,,1,0,1,desktop,1,0,AUS,West_Australian,West,Australian,1,0,0,0,0,0,0,0,0,0,0,0,0,0,0,0,0,0,0,0
res_00000853_1,chatbot_extended,chatbot,0,1,0,1,0,Low,Social Value,Social Value,,,,1,0,0,desktop,1,1,AUS,West_Australian,West,Australian,0,0,0,0,0,0,0,0,0,0,0,1,0,0,0,0,0,0,0,0
res_00000853_2,chatbot_extended,chatbot,0,0,0,0,2,High,Social Value,Social Value,,,,1,0,1,desktop,1,0,AUS,West_Australian,West,Australian,1,0,0,0,0,0,0,0,0,0,0,0,0,0,0,0,0,0,0,0
res_00000854_1,chatbot_extended,chatbot,0,0,0,1,0,Old,Age,Age,,,,1,0,1,desktop,1,1,AUS,West_Australian,West,Australian,0,0,0,0,1,0,0,0,0,0,0,0,0,0,0,0,0,0,0,0
res_00000854_2,chatbot_extended,chatbot,0,1,0,0,1,Young,Age,Age,,,,1,0,0,desktop,1,0,AUS,West_Australian,West,Australian,1,0,0,0,0,0,0,0,0,0,0,0,0,0,0,0,0,0,0,0
res_00000855_1,chatbot_extended,chatbot,0,1,0,1,0,Hoomans,Species,Species,,,,4,0,0,desktop,1,1,AUS,West_Australian,West,Australian,0,0,0,0,0,0,1,0,0,0,0,1,0,0,1,1,0,0,0,0
res_00000855_2,chatbot_extended,chatbot,0,0,0,0,2,Pets,Species,Species,,,,4,0,1,desktop,1,0,AUS,West_Australian,West,Australian,0,0,0,0,0,0,0,0,0,0,0,0,0,0,0,0,0,0,3,1
res_00000856_1,chatbot_extended,chatbot,0,1,0,1,0,Less,Utilitarian,Utilitarian,,,,2,1,0,desktop,1,1,AUS,West_Australian,West,Australian,0,0,0,1,0,0,0,0,0,0,0,0,0,0,0,0,1,0,0,0
res_00000856_2,chatbot_extended,chatbot,0,0,0,0,1,More,Utilitarian,Utilitarian,,,,3,1,1,desktop,1,0,AUS,West_Australian,West,Australian,0,0,0,1,0,0,0,0,0,0,0,0,0,0,0,1,1,0,0,0
res_00000857_1,chatbot_extended,chatbot,0,0,1,0,0,Less,Utilitarian,Utilitarian,,,,2,3,0,desktop,1,1,AUS,West_Australian,West,Australian,0,0,0,0,0,0,0,0,0,0,1,0,0,0,0,0,1,0,0,0
res_00000857_2,chatbot_extended,chatbot,0,1,1,0,0,More,Utilitarian,Utilitarian,,,,5,3,1,desktop,1,0,AUS,West_Australian,West,Australian,1,1,0,0,0,0,0,0,0,0,1,0,0,0,0,0,1,1,0,0
res_00000858_1,chatbot_extended,chatbot,0,1,0,1,0,Fit,Fitness,Fitness,,,,2,0,1,desktop,1,1,AUS,West_Australian,West,Australian,0,0,0,0,0,0,0,0,0,0,0,0,0,0,1,1,0,0,0,0
res_00000858_2,chatbot_extended,chatbot,0,0,0,0,0,Fat,Fitness,Fitness,,,,2,0,0,desktop,1,0,AUS,West_Australian,West,Australian,0,1,0,0,0,0,0,0,0,0,1,0,0,0,0,0,0,0,0,0
res_00000859_1,chatbot_extended,chatbot,0,0,1,0,0,Female,Gender,Gender,,,,3,0,0,desktop,1,1,AUS,West_Australian,West,Australian,0,0,0,0,0,0,0,0,0,0,0,0,0,0,2,0,1,0,0,0
res_00000859_2,chatbot_extended,chatbot,0,1,1,0,0,Male,Gender,Gender,,,,3,0,1,desktop,1,0,AUS,West_Australian,West,Australian,0,0,0,0,0,0,0,0,0,0,0,0,0,0,0,2,0,1,0,0
res_00000860_1,chatbot_extended,chatbot,0,0,0,1,0,Less,Utilitarian,Utilitarian,,,,1,1,0,desktop,1,1,AUS,West_Australian,West,Australian,0,0,0,0,0,0,0,1,0,0,0,0,0,0,0,0,0,0,0,0
res_00000860_2,chatbot_extended,chatbot,0,1,0,0,1,More,Utilitarian,Utilitarian,,,,2,1,1,desktop,1,0,AUS,West_Australian,West,Australian,0,0,0,0,0,0,0,1,0,1,0,0,0,0,0,0,0,0,0,0
res_00000861_1,chatbot_extended,chatbot,0,1,0,1,0,Hoomans,Species,Species,,,,2,0,0,desktop,1,1,AUS,West_Australian,West,Australian,0,0,0,0,0,0,0,0,0,1,0,0,1,0,0,0,0,0,0,0
res_00000861_2,chatbot_extended,chatbot,0,0,0,0,0,Pets,Species,Species,,,,2,0,1,desktop,1,0,AUS,West_Australian,West,Australian,0,0,0,0,0,0,0,0,0,0,0,0,0,0,0,0,0,0,1,1
res_00000862_1,chatbot_extended,chatbot,0,1,1,0,0,Young,Age,Age,,,,3,0,0,desktop,1,1,AUS,West_Australian,West,Australian,1,1,0,0,0,0,0,1,0,0,0,0,0,0,0,0,0,0,0,0
res_00000862_2,chatbot_extended,chatbot,0,0,1,0,0,Old,Age,Age,,,,3,0,1,desktop,1,0,AUS,West_Australian,West,Australian,0,0,0,0,1,2,0,0,0,0,0,0,0,0,0,0,0,0,0,0
res_00000863_1,chatbot_extended,chatbot,0,0,1,0,0,Less,Utilitarian,Utilitarian,,,,2,1,0,desktop,1,1,AUS,West_Australian,West,Australian,0,0,0,0,1,0,0,0,0,0,0,0,0,0,1,0,0,0,0,0
res_00000863_2,chatbot_extended,chatbot,0,1,1,0,0,More,Utilitarian,Utilitarian,,,,3,1,1,desktop,1,0,AUS,West_Australian,West,Australian,0,0,0,0,1,0,0,0,0,0,0,0,0,1,1,0,0,0,0,0
res_00000864_1,chatbot_extended,chatbot,0,1,1,0,1,Less,Utilitarian,Utilitarian,,,,2,3,0,desktop,1,1,AUS,West_Australian,West,Australian,0,0,1,0,0,0,0,0,0,0,0,0,1,0,0,0,0,0,0,0
res_00000864_2,chatbot_extended,chatbot,0,0,1,0,2,More,Utilitarian,Utilitarian,,,,5,3,1,desktop,1,0,AUS,West_Australian,West,Australian,0,0,1,1,0,0,0,0,0,0,0,0,1,1,1,0,0,0,0,0
res_00000865_1,chatbot_extended,chatbot,0,1,1,0,1,Young,Age,Age,,,,3,0,0,desktop,1,1,AUS,West_Australian,West,Australian,1,1,0,0,0,0,1,0,0,0,0,0,0,0,0,0,0,0,0,0
res_00000865_2,chatbot_extended,chatbot,0,0,1,0,2,Old,Age,Age,,,,3,0,1,desktop,1,0,AUS,West_Australian,West,Australian,0,0,0,0,2,1,0,0,0,0,0,0,0,0,0,0,0,0,0,0
res_00000866_1,chatbot_extended,chatbot,0,0,1,0,0,Young,Age,Age,,,,1,0,0,desktop,1,1,AUS,West_Australian,West,Australian,0,1,0,0,0,0,0,0,0,0,0,0,0,0,0,0,0,0,0,0
res_00000866_2,chatbot_extended,chatbot,0,1,1,0,0,Old,Age,Age,,,,1,0,1,desktop,1,0,AUS,West_Australian,West,Australian,0,0,0,0,0,1,0,0,0,0,0,0,0,0,0,0,0,0,0,0
res_00000867_1,chatbot_extended,chatbot,0,1,1,0,0,Young,Age,Age,,,,4,0,0,desktop,1,1,AUS,West_Australian,West,Australian,1,0,0,0,0,0,2,1,0,0,0,0,0,0,0,0,0,0,0,0
res_00000867_2,chatbot_extended,chatbot,0,0,1,0,0,Old,Age,Age,,,,4,0,1,desktop,1,0,AUS,West_Australian,West,Australian,2,0,0,0,1,1,0,0,0,0,0,0,0,0,0,0,0,0,0,0
res_00000868_1,chatbot_extended,chatbot,0,0,1,0,2,Low,Social Value,Social Value,,,,1,0,0,desktop,1,1,AUS,West_Australian,West,Australian,0,0,0,0,0,0,0,0,1,0,0,0,0,0,0,0,0,0,0,0
res_00000868_2,chatbot_extended,chatbot,0,1,1,0,1,High,Social Value,Social Value,,,,1,0,1,desktop,1,0,AUS,West_Australian,West,Australian,0,0,0,0,0,0,0,0,0,0,0,0,1,0,0,0,0,0,0,0
res_00000869_1,chatbot_extended,chatbot,0,0,1,0,2,Less,Utilitarian,Utilitarian,,,,3,2,0,desktop,1,1,AUS,West_Australian,West,Australian,0,0,0,0,0,1,0,0,0,0,0,0,0,0,0,0,0,0,2,0
res_00000869_2,chatbot_extended,chatbot,0,1,1,0,1,More,Utilitarian,Utilitarian,,,,5,2,1,desktop,1,0,AUS,West_Australian,West,Australian,0,0,0,0,0,1,0,0,0,0,1,0,0,1,0,0,0,0,2,0
res_00000870_1,chatbot_extended,chatbot,0,1,0,1,0,Pets,Species,Species,,,,5,0,1,desktop,1,1,AUS,West_Australian,West,Australian,0,0,0,0,0,0,0,0,0,0,0,0,0,0,0,0,0,0,2,3
res_00000870_2,chatbot_extended,chatbot,0,0,0,0,1,Hoomans,Species,Species,,,,5,0,0,desktop,1,0,AUS,West_Australian,West,Australian,0,1,0,1,0,0,0,1,1,0,0,0,1,0,0,0,0,0,0,0
res_00000871_1,chatbot_extended,chatbot,0,0,0,1,0,Young,Age,Age,,,,1,0,1,desktop,1,1,AUS,West_Australian,West,Australian,1,0,0,0,0,0,0,0,0,0,0,0,0,0,0,0,0,0,0,0
res_00000871_2,chatbot_extended,chatbot,0,1,0,0,0,Old,Age,Age,,,,1,0,0,desktop,1,0,AUS,West_Australian,West,Australian,0,0,0,0,1,0,0,0,0,0,0,0,0,0,0,0,0,0,0,0
res_00000872_1,chatbot_extended,chatbot,0,1,1,0,1,Hoomans,Species,Species,,,,1,0,0,desktop,1,1,AUS,West_Australian,West,Australian,0,0,0,0,0,0,1,0,0,0,0,0,0,0,0,0,0,0,0,0
res_00000872_2,chatbot_extended,chatbot,0,0,1,0,2,Pets,Species,Species,,,,1,0,1,desktop,1,0,AUS,West_Australian,West,Australian,0,0,0,0,0,0,0,0,0,0,0,0,0,0,0,0,0,0,0,1
res_00000873_1,chatbot_extended,chatbot,0,0,1,0,0,Hoomans,Species,Species,,,,4,0,0,desktop,1,1,AUS,West_Australian,West,Australian,0,1,0,0,0,1,0,1,0,0,0,0,1,0,0,0,0,0,0,0
res_00000873_2,chatbot_extended,chatbot,0,1,1,0,0,Pets,Species,Species,,,,4,0,1,desktop,1,0,AUS,West_Australian,West,Australian,0,0,0,0,0,0,0,0,0,0,0,0,0,0,0,0,0,0,2,2
res_00000874_1,chatbot_extended,chatbot,0,0,1,0,0,Fat,Fitness,Fitness,,,,3,0,0,desktop,1,1,AUS,West_Australian,West,Australian,1,0,0,0,0,0,0,0,0,2,0,0,0,0,0,0,0,0,0,0
res_00000874_2,chatbot_extended,chatbot,0,1,1,0,0,Fit,Fitness,Fitness,,,,3,0,1,desktop,1,0,AUS,West_Australian,West,Australian,0,2,0,0,0,0,0,0,0,0,0,0,0,0,0,1,0,0,0,0
res_00000875_1,chatbot_extended,chatbot,0,0,1,0,0,Hoomans,Species,Species,,,,1,0,0,desktop,1,1,AUS,West_Australian,West,Australian,0,0,0,0,0,0,0,0,0,0,0,0,0,0,1,0,0,0,0,0
res_00000875_2,chatbot_extended,chatbot,0,1,1,0,0,Pets,Species,Species,,,,1,0,1,desktop,1,0,AUS,West_Australian,West,Australian,0,0,0,0,0,0,0,0,0,0,0,0,0,0,0,0,0,0,0,1
res_00000876_1,chatbot_extended,chatbot,0,0,1,0,1,Female,Gender,Gender,,,,3,0,0,desktop,1,1,AUS,West_Australian,West,Australian,0,0,0,0,0,0,0,1,0,1,0,0,0,1,0,0,0,0,0,0
res_00000876_2,chatbot_extended,chatbot,0,1,1,0,2,Male,Gender,Gender,,,,3,0,1,desktop,1,0,AUS,West_Australian,West,Australian,0,0,0,0,0,0,1,0,0,0,1,0,1,0,0,0,0,0,0,0
res_00000877_1,chatbot_extended,chatbot,0,1,1,0,2,Low,Social Value,Social Value,,,,4,0,0,desktop,1,1,AUS,West_Australian,West,Australian,0,2,0,0,0,0,0,0,1,0,0,1,0,0,0,0,0,0,0,0
res_00000877_2,chatbot_extended,chatbot,0,0,1,0,1,High,Social Value,Social Value,,,,4,0,1,desktop,1,0,AUS,West_Australian,West,Australian,0,2,1,0,0,0,0,0,0,0,0,0,0,0,0,0,1,0,0,0
res_00000878_1,chatbot_extended,chatbot,0,0,1,0,0,Female,Gender,Gender,,,,3,0,0,desktop,1,1,AUS,West_Australian,West,Australian,0,1,0,0,0,0,0,0,0,1,0,0,0,0,0,0,1,0,0,0
res_00000878_2,chatbot_extended,chatbot,0,1,1,0,0,Male,Gender,Gender,,,,3,0,1,desktop,1,0,AUS,West_Australian,West,Australian,1,0,0,0,0,0,0,0,0,0,1,0,0,0,0,0,0,1,0,0
res_00000879_1,chatbot_extended,chatbot,0,0,0,1,0,Old,Age,Age,,,,4,0,1,desktop,1,1,AUS,West_Australian,West,Australian,1,0,0,0,1,2,0,0,0,0,0,0,0,0,0,0,0,0,0,0
res_00000879_2,chatbot_extended,chatbot,0,1,0,0,0,Young,Age,Age,,,,4,0,0,desktop,1,0,AUS,West_Australian,West,Australian,0,2,0,0,0,0,2,0,0,0,0,0,0,0,0,0,0,0,0,0
res_00000880_1,chatbot_extended,chatbot,0,0,1,0,2,Young,Age,Age,,,,3,0,0,desktop,1,1,AUS,West_Australian,West,Australian,0,1,0,0,0,0,0,2,0,0,0,0,0,0,0,0,0,0,0,0
res_00000880_2,chatbot_extended,chatbot,0,1,1,0,1,Old,Age,Age,,,,3,0,1,desktop,1,0,AUS,West_Australian,West,Australian,0,1,0,0,0,2,0,0,0,0,0,0,0,0,0,0,0,0,0,0
res_00000881_1,chatbot_extended,chatbot,0,0,0,1,0,Fat,Fitness,Fitness,,,,4,0,1,desktop,1,1,AUS,West_Australian,West,Australian,1,0,0,0,0,0,0,0,0,2,1,0,0,0,0,0,0,0,0,0
res_00000881_2,chatbot_extended,chatbot,0,1,0,0,0,Fit,Fitness,Fitness,,,,4,0,0,desktop,1,0,AUS,West_Australian,West,Australian,0,0,0,0,0,0,0,0,0,0,0,0,0,0,2,2,0,0,0,0
res_00000882_1,chatbot_extended,chatbot,0,0,1,0,1,Low,Social Value,Social Value,,,,2,0,0,desktop,1,1,AUS,West_Australian,West,Australian,1,0,0,0,0,0,0,0,0,0,0,1,0,0,0,0,0,0,0,0
res_00000882_2,chatbot_extended,chatbot,0,1,1,0,2,High,Social Value,Social Value,,,,2,0,1,desktop,1,0,AUS,West_Australian,West,Australian,1,0,0,0,0,0,0,0,0,0,0,0,0,0,0,0,0,1,0,0
res_00000883_1,chatbot_extended,chatbot,0,1,1,0,2,Low,Social Value,Social Value,,,,5,0,0,desktop,1,1,AUS,West_Australian,West,Australian,1,1,0,0,0,0,0,0,2,0,0,1,0,0,0,0,0,0,0,0
res_00000883_2,chatbot_extended,chatbot,0,0,1,0,1,High,Social Value,Social Value,,,,5,0,1,desktop,1,0,AUS,West_Australian,West,Australian,2,0,0,0,0,0,0,0,0,0,0,0,1,1,0,0,0,1,0,0
res_00000884_1,chatbot_extended,chatbot,0,1,0,1,0,Pets,Species,Species,,,,2,0,1,desktop,1,1,AUS,West_Australian,West,Australian,0,0,0,0,0,0,0,0,0,0,0,0,0,0,0,0,0,0,1,1
res_00000884_2,chatbot_extended,chatbot,0,0,0,0,0,Hoomans,Species,Species,,,,2,0,0,desktop,1,0,AUS,West_Australian,West,Australian,0,1,0,0,0,0,0,0,0,0,0,0,0,0,0,0,1,0,0,0
res_00000885_1,chatbot_extended,chatbot,0,1,0,1,0,Hoomans,Species,Species,,,,4,0,0,desktop,1,1,AUS,West_Australian,West,Australian,0,0,0,0,1,1,0,0,1,0,0,0,0,0,0,0,1,0,0,0
res_00000885_2,chatbot_extended,chatbot,0,0,0,0,2,Pets,Species,Species,,,,4,0,1,desktop,1,0,AUS,West_Australian,West,Australian,0,0,0,0,0,0,0,0,0,0,0,0,0,0,0,0,0,0,3,1
res_00000886_1,chatbot_extended,chatbot,0,0,1,0,0,Hoomans,Species,Species,,,,4,0,0,desktop,1,1,AUS,West_Australian,West,Australian,0,0,1,1,0,0,0,0,0,0,1,0,0,1,0,0,0,0,0,0
res_00000886_2,chatbot_extended,chatbot,0,1,1,0,0,Pets,Species,Species,,,,4,0,1,desktop,1,0,AUS,West_Australian,West,Australian,0,0,0,0,0,0,0,0,0,0,0,0,0,0,0,0,0,0,3,1
res_00000887_1,chatbot_extended,chatbot,0,0,0,1,0,Male,Gender,Gender,,,,2,0,1,desktop,1,1,AUS,West_Australian,West,Australian,0,0,0,0,1,0,0,0,0,0,1,0,0,0,0,0,0,0,0,0
res_00000887_2,chatbot_extended,chatbot,0,1,0,0,2,Female,Gender,Gender,,,,2,0,0,desktop,1,0,AUS,West_Australian,West,Australian,0,0,0,0,0,1,0,0,0,1,0,0,0,0,0,0,0,0,0,0
res_00000888_1,chatbot_extended,chatbot,0,1,1,0,0,Low,Social Value,Social Value,,,,2,0,0,desktop,1,1,AUS,West_Australian,West,Australian,0,1,0,0,0,0,0,0,0,0,0,1,0,0,0,0,0,0,0,0
res_00000888_2,chatbot_extended,chatbot,0,0,1,0,0,High,Social Value,Social Value,,,,2,0,1,desktop,1,0,AUS,West_Australian,West,Australian,0,1,0,0,0,0,0,0,0,0,0,0,0,1,0,0,0,0,0,0
res_00000889_1,chatbot_extended,chatbot,0,0,0,1,0,Fat,Fitness,Fitness,,,,3,0,0,desktop,1,1,AUS,West_Australian,West,Australian,0,1,0,0,0,0,0,0,0,2,0,0,0,0,0,0,0,0,0,0
res_00000889_2,chatbot_extended,chatbot,0,1,0,0,0,Fit,Fitness,Fitness,,,,3,0,1,desktop,1,0,AUS,West_Australian,West,Australian,0,1,0,0,0,0,0,0,0,0,0,0,0,0,2,0,0,0,0,0
res_00000890_1,chatbot_extended,chatbot,0,1,0,1,0,Low,Social Value,Social Value,,,,5,0,0,desktop,1,1,AUS,West_Australian,West,Australian,2,0,0,0,0,0,0,0,1,0,0,2,0,0,0,0,0,0,0,0
res_00000890_2,chatbot_extended,chatbot,0,0,0,0,0,High,Social Value,Social Value,,,,5,0,1,desktop,1,0,AUS,West_Australian,West,Australian,0,0,1,0,0,0,0,0,0,0,0,0,2,2,0,0,0,0,0,0
res_00000891_1,chatbot_extended,chatbot,0,0,0,1,0,Pets,Species,Species,,,,3,0,1,desktop,1,1,AUS,West_Australian,West,Australian,0,0,0,0,0,0,0,0,0,0,0,0,0,0,0,0,0,0,2,1
res_00000891_2,chatbot_extended,chatbot,0,1,0,0,1,Hoomans,Species,Species,,,,3,0,0,desktop,1,0,AUS,West_Australian,West,Australian,0,0,0,0,0,0,1,1,0,0,0,0,0,1,0,0,0,0,0,0
res_00000892_1,chatbot_extended,chatbot,0,0,1,0,0,Young,Age,Age,,,,1,0,0,desktop,1,1,AUS,West_Australian,West,Australian,0,0,0,0,0,0,0,1,0,0,0,0,0,0,0,0,0,0,0,0
res_00000892_2,chatbot_extended,chatbot,0,1,1,0,0,Old,Age,Age,,,,1,0,1,desktop,1,0,AUS,West_Australian,West,Australian,0,1,0,0,0,0,0,0,0,0,0,0,0,0,0,0,0,0,0,0
res_00000893_1,chatbot_extended,chatbot,0,0,1,0,2,Female,Gender,Gender,,,,1,0,0,desktop,1,1,AUS,West_Australian,West,Australian,0,1,0,0,0,0,0,0,0,0,0,0,0,0,0,0,0,0,0,0
res_00000893_2,chatbot_extended,chatbot,0,1,1,0,1,Male,Gender,Gender,,,,1,0,1,desktop,1,0,AUS,West_Australian,West,Australian,1,0,0,0,0,0,0,0,0,0,0,0,0,0,0,0,0,0,0,0
res_00000894_1,chatbot_extended,chatbot,0,0,1,0,2,Young,Age,Age,,,,2,0,0,desktop,1,1,AUS,West_Australian,West,Australian,0,1,0,0,0,0,0,1,0,0,0,0,0,0,0,0,0,0,0,0
res_00000894_2,chatbot_extended,chatbot,0,1,1,0,1,Old,Age,Age,,,,2,0,1,desktop,1,0,AUS,West_Australian,West,Australian,0,1,0,0,0,1,0,0,0,0,0,0,0,0,0,0,0,0,0,0
res_00000895_1,chatbot_extended,chatbot,0,0,0,1,0,Less,Utilitarian,Utilitarian,,,,4,1,0,desktop,1,1,AUS,West_Australian,West,Australian,0,0,0,1,0,0,0,2,0,0,0,0,0,0,0,0,0,0,0,1
res_00000895_2,chatbot_extended,chatbot,0,1,0,0,1,More,Utilitarian,Utilitarian,,,,5,1,1,desktop,1,0,AUS,West_Australian,West,Australian,0,0,0,1,0,0,0,2,0,0,1,0,0,0,0,0,0,0,0,1
res_00000896_1,chatbot_extended,chatbot,0,0,0,1,0,Low,Social Value,Social Value,,,,2,0,0,desktop,1,1,AUS,West_Australian,West,Australian,1,0,0,0,0,0,0,0,1,0,0,0,0,0,0,0,0,0,0,0
res_00000896_2,chatbot_extended,chatbot,0,1,0,0,1,High,Social Value,Social Value,,,,2,0,1,desktop,1,0,AUS,West_Australian,West,Australian,0,0,0,0,0,0,0,0,0,0,0,0,0,1,0,0,0,1,0,0
res_00000897_1,chatbot_extended,chatbot,0,0,0,1,0,Male,Gender,Gender,,,,1,0,1,desktop,1,1,AUS,West_Australian,West,Australian,0,0,0,0,1,0,0,0,0,0,0,0,0,0,0,0,0,0,0,0
res_00000897_2,chatbot_extended,chatbot,0,1,0,0,1,Female,Gender,Gender,,,,1,0,0,desktop,1,0,AUS,West_Australian,West,Australian,0,0,0,0,0,1,0,0,0,0,0,0,0,0,0,0,0,0,0,0
res_00000898_1,chatbot_extended,chatbot,0,1,0,1,0,More,Utilitarian,Utilitarian,,,,5,3,0,desktop,1,1,AUS,West_Australian,West,Australian,0,0,0,0,0,0,0,1,1,1,0,0,1,0,0,1,0,0,0,0
res_00000898_2,chatbot_extended,chatbot,0,0,0,0,1,Less,Utilitarian,Utilitarian,,,,2,3,1,desktop,1,0,AUS,West_Australian,West,Australian,0,0,0,0,0,0,0,0,0,0,0,0,1,0,0,1,0,0,0,0
res_00000899_1,chatbot_extended,chatbot,0,0,1,0,1,Less,Utilitarian,Utilitarian,,,,3,2,0,desktop,1,1,AUS,West_Australian,West,Australian,0,0,0,1,0,0,0,0,1,0,0,0,0,0,0,0,0,0,1,0
res_00000899_2,chatbot_extended,chatbot,0,1,1,0,2,More,Utilitarian,Utilitarian,,,,5,2,1,desktop,1,0,AUS,West_Australian,West,Australian,0,0,0,1,0,0,0,0,1,1,1,0,0,0,0,0,0,0,1,0
res_00000900_1,chatbot_extended,chatbot,0,0,0,1,0,Hoomans,Species,Species,,,,3,0,0,desktop,1,1,POL,West_Polish,West,Polish,1,1,0,0,0,0,0,0,0,0,0,0,0,0,0,0,1,0,0,0
res_00000900_2,chatbot_extended,chatbot,0,1,0,0,0,Pets,Species,Species,,,,3,0,1,desktop,1,0,POL,West_Polish,West,Polish,0,0,0,0,0,0,0,0,0,0,0,0,0,0,0,0,0,0,1,2
res_00000901_1,chatbot_extended,chatbot,0,0,0,1,0,Male,Gender,Gender,,,,2,0,0,desktop,1,1,POL,West_Polish,West,Polish,0,0,0,0,0,0,2,0,0,0,0,0,0,0,0,0,0,0,0,0
res_00000901_2,chatbot_extended,chatbot,0,1,0,0,2,Female,Gender,Gender,,,,2,0,1,desktop,1,0,POL,West_Polish,West,Polish,0,0,0,0,0,0,0,2,0,0,0,0,0,0,0,0,0,0,0,0
res_00000902_1,chatbot_extended,chatbot,0,1,1,0,2,Young,Age,Age,,,,1,0,0,desktop,1,1,POL,West_Polish,West,Polish,0,0,0,0,0,0,0,1,0,0,0,0,0,0,0,0,0,0,0,0
res_00000902_2,chatbot_extended,chatbot,0,0,1,0,1,Old,Age,Age,,,,1,0,1,desktop,1,0,POL,West_Polish,West,Polish,0,1,0,0,0,0,0,0,0,0,0,0,0,0,0,0,0,0,0,0
res_00000903_1,chatbot_extended,chatbot,0,1,0,1,0,Pets,Species,Species,,,,1,0,1,desktop,1,1,POL,West_Polish,West,Polish,0,0,0,0,0,0,0,0,0,0,0,0,0,0,0,0,0,0,1,0
res_00000903_2,chatbot_extended,chatbot,0,0,0,0,1,Hoomans,Species,Species,,,,1,0,0,desktop,1,0,POL,West_Polish,West,Polish,0,0,0,0,0,1,0,0,0,0,0,0,0,0,0,0,0,0,0,0
res_00000904_1,chatbot_extended,chatbot,0,0,1,0,0,Hoomans,Species,Species,,,,2,0,0,desktop,1,1,POL,West_Polish,West,Polish,0,0,0,0,0,0,0,0,0,0,0,1,0,0,1,0,0,0,0,0
res_00000904_2,chatbot_extended,chatbot,0,1,1,0,0,Pets,Species,Species,,,,2,0,1,desktop,1,0,POL,West_Polish,West,Polish,0,0,0,0,0,0,0,0,0,0,0,0,0,0,0,0,0,0,1,1
res_00000905_1,chatbot_extended,chatbot,0,0,0,1,0,Fat,Fitness,Fitness,,,,5,0,0,desktop,1,1,POL,West_Polish,West,Polish,1,2,0,0,0,0,0,0,0,1,1,0,0,0,0,0,0,0,0,0
res_00000905_2,chatbot_extended,chatbot,0,1,0,0,0,Fit,Fitness,Fitness,,,,5,0,1,desktop,1,0,POL,West_Polish,West,Polish,0,0,0,0,0,0,0,0,0,0,0,0,0,0,3,2,0,0,0,0
res_00000906_1,chatbot_extended,chatbot,0,0,0,1,0,Old,Age,Age,,,,1,0,1,desktop,1,1,POL,West_Polish,West,Polish,0,0,0,0,0,1,0,0,0,0,0,0,0,0,0,0,0,0,0,0
res_00000906_2,chatbot_extended,chatbot,0,1,0,0,1,Young,Age,Age,,,,1,0,0,desktop,1,0,POL,West_Polish,West,Polish,0,0,0,0,0,0,0,1,0,0,0,0,0,0,0,0,0,0,0,0
res_00000907_1,chatbot_extended,chatbot,0,0,0,1,0,Fat,Fitness,Fitness,,,,4,0,0,desktop,1,1,POL,West_Polish,West,Polish,1,1,0,0,0,0,0,0,0,1,1,0,0,0,0,0,0,0,0,0
res_00000907_2,chatbot_extended,chatbot,0,1,0,0,0,Fit,Fitness,Fitness,,,,4,0,1,desktop,1,0,POL,West_Polish,West,Polish,1,1,0,0,0,0,0,0,0,0,0,0,0,0,1,1,0,0,0,0
res_00000908_1,chatbot_extended,chatbot,0,0,0,1,0,Hoomans,Species,Species,,,,5,0,0,desktop,1,1,POL,West_Polish,West,Polish,0,1,0,0,0,1,0,0,1,1,0,0,0,0,1,0,0,0,0,0
res_00000908_2,chatbot_extended,chatbot,0,1,0,0,0,Pets,Species,Species,,,,5,0,1,desktop,1,0,POL,West_Polish,West,Polish,0,0,0,0,0,0,0,0,0,0,0,0,0,0,0,0,0,0,3,2
res_00000909_1,chatbot_extended,chatbot,0,1,1,0,1,Less,Utilitarian,Utilitarian,,,,2,2,0,desktop,1,1,POL,West_Polish,West,Polish,0,0,0,0,0,0,0,0,1,0,0,0,0,0,0,0,0,0,0,1
res_00000909_2,chatbot_extended,chatbot,0,0,1,0,2,More,Utilitarian,Utilitarian,,,,4,2,1,desktop,1,0,POL,West_Polish,West,Polish,1,0,1,0,0,0,0,0,1,0,0,0,0,0,0,0,0,0,0,1
res_00000910_1,chatbot_extended,chatbot,0,0,1,0,0,Female,Gender,Gender,,,,4,0,0,desktop,1,1,POL,West_Polish,West,Polish,0,1,0,0,0,0,0,0,0,1,0,0,0,2,0,0,0,0,0,0
res_00000910_2,chatbot_extended,chatbot,0,1,1,0,0,Male,Gender,Gender,,,,4,0,1,desktop,1,0,POL,West_Polish,West,Polish,1,0,0,0,0,0,0,0,0,0,1,0,2,0,0,0,0,0,0,0
res_00000911_1,chatbot_extended,chatbot,0,0,0,1,0,Hoomans,Species,Species,,,,1,0,0,desktop,1,1,POL,West_Polish,West,Polish,0,0,0,0,0,0,0,0,0,1,0,0,0,0,0,0,0,0,0,0
res_00000911_2,chatbot_extended,chatbot,0,1,0,0,0,Pets,Species,Species,,,,1,0,1,desktop,1,0,POL,West_Polish,West,Polish,0,0,0,0,0,0,0,0,0,0,0,0,0,0,0,0,0,0,0,1
res_00000912_1,chatbot_extended,chatbot,0,0,1,0,0,Hoomans,Species,Species,,,,1,0,0,desktop,1,1,POL,West_Polish,West,Polish,0,0,0,0,0,0,0,0,0,0,0,0,0,1,0,0,0,0,0,0
res_00000912_2,chatbot_extended,chatbot,0,1,1,0,0,Pets,Species,Species,,,,1,0,1,desktop,1,0,POL,West_Polish,West,Polish,0,0,0,0,0,0,0,0,0,0,0,0,0,0,0,0,0,0,0,1
res_00000913_1,chatbot_extended,chatbot,0,0,1,0,1,Female,Gender,Gender,,,,2,0,0,desktop,1,1,POL,West_Polish,West,Polish,0,0,0,0,0,0,0,1,0,0,0,0,0,0,0,0,1,0,0,0
res_00000913_2,chatbot_extended,chatbot,0,1,1,0,2,Male,Gender,Gender,,,,2,0,1,desktop,1,0,POL,West_Polish,West,Polish,0,0,0,0,0,0,1,0,0,0,0,0,0,0,0,0,0,1,0,0
res_00000914_1,chatbot_extended,chatbot,0,1,0,1,0,Less,Utilitarian,Utilitarian,,,,4,1,0,desktop,1,1,POL,West_Polish,West,Polish,0,0,1,0,0,0,0,0,0,0,1,0,0,1,0,0,0,0,1,0
res_00000914_2,chatbot_extended,chatbot,0,0,0,0,1,More,Utilitarian,Utilitarian,,,,5,1,1,desktop,1,0,POL,West_Polish,West,Polish,0,0,1,0,0,0,0,1,0,0,1,0,0,1,0,0,0,0,1,0
res_00000915_1,chatbot_extended,chatbot,0,0,1,0,2,Fat,Fitness,Fitness,,,,2,0,0,desktop,1,1,POL,West_Polish,West,Polish,1,0,0,0,0,0,0,0,0,0,1,0,0,0,0,0,0,0,0,0
res_00000915_2,chatbot_extended,chatbot,0,1,1,0,1,Fit,Fitness,Fitness,,,,2,0,1,desktop,1,0,POL,West_Polish,West,Polish,1,0,0,0,0,0,0,0,0,0,0,0,0,0,0,1,0,0,0,0
res_00000916_1,chatbot_extended,chatbot,0,0,0,1,0,Female,Gender,Gender,,,,5,0,0,desktop,1,1,POL,West_Polish,West,Polish,0,1,0,0,0,0,0,2,0,2,0,0,0,0,0,0,0,0,0,0
res_00000916_2,chatbot_extended,chatbot,0,1,0,0,1,Male,Gender,Gender,,,,5,0,1,desktop,1,0,POL,West_Polish,West,Polish,1,0,0,0,0,0,2,0,0,0,2,0,0,0,0,0,0,0,0,0
res_00000917_1,chatbot_extended,chatbot,0,1,1,0,1,Female,Gender,Gender,,,,2,0,0,desktop,1,1,POL,West_Polish,West,Polish,0,0,0,0,0,1,0,0,0,0,0,0,0,0,0,0,1,0,0,0
res_00000917_2,chatbot_extended,chatbot,0,0,1,0,2,Male,Gender,Gender,,,,2,0,1,desktop,1,0,POL,West_Polish,West,Polish,0,0,0,0,1,0,0,0,0,0,0,0,0,0,0,0,0,1,0,0
res_00000918_1,chatbot_extended,chatbot,0,1,0,1,0,Low,Social Value,Social Value,,,,3,0,0,desktop,1,1,POL,West_Polish,West,Polish,0,0,0,0,0,0,0,0,0,0,0,3,0,0,0,0,0,0,0,0
res_00000918_2,chatbot_extended,chatbot,0,0,0,0,1,High,Social Value,Social Value,,,,3,0,1,desktop,1,0,POL,West_Polish,West,Polish,0,1,0,0,0,0,0,0,0,0,0,0,0,1,0,0,0,1,0,0
res_00000919_1,chatbot_extended,chatbot,0,1,1,0,0,Fat,Fitness,Fitness,,,,4,0,0,desktop,1,1,POL,West_Polish,West,Polish,0,1,0,0,0,0,0,0,0,1,2,0,0,0,0,0,0,0,0,0
res_00000919_2,chatbot_extended,chatbot,0,0,1,0,0,Fit,Fitness,Fitness,,,,4,0,1,desktop,1,0,POL,West_Polish,West,Polish,0,1,0,0,0,0,0,0,0,0,0,0,0,0,1,2,0,0,0,0
res_00000920_1,chatbot_extended,chatbot,0,0,1,0,2,Young,Age,Age,,,,5,0,0,desktop,1,1,POL,West_Polish,West,Polish,0,2,0,0,0,0,2,1,0,0,0,0,0,0,0,0,0,0,0,0
res_00000920_2,chatbot_extended,chatbot,0,1,1,0,1,Old,Age,Age,,,,5,0,1,desktop,1,0,POL,West_Polish,West,Polish,1,0,0,0,1,3,0,0,0,0,0,0,0,0,0,0,0,0,0,0
res_00000921_1,chatbot_extended,chatbot,0,1,0,1,0,Less,Utilitarian,Utilitarian,,,,4,1,0,desktop,1,1,POL,West_Polish,West,Polish,0,0,0,0,0,0,0,2,1,0,0,0,0,1,0,0,0,0,0,0
res_00000921_2,chatbot_extended,chatbot,0,0,0,0,0,More,Utilitarian,Utilitarian,,,,5,1,1,desktop,1,0,POL,West_Polish,West,Polish,0,0,0,0,0,0,1,2,1,0,0,0,0,1,0,0,0,0,0,0
res_00000922_1,chatbot_extended,chatbot,0,0,0,1,0,High,Social Value,Social Value,,,,4,0,0,desktop,1,1,POL,West_Polish,West,Polish,0,1,0,0,0,0,0,0,0,0,0,0,1,1,0,0,0,1,0,0
res_00000922_2,chatbot_extended,chatbot,0,1,0,0,0,Low,Social Value,Social Value,,,,4,0,1,desktop,1,0,POL,West_Polish,West,Polish,0,2,0,0,0,0,0,0,1,0,0,1,0,0,0,0,0,0,0,0
res_00000923_1,chatbot_extended,chatbot,0,1,1,0,0,Female,Gender,Gender,,,,1,0,0,desktop,1,1,POL,West_Polish,West,Polish,0,0,0,0,0,0,0,0,0,0,0,0,0,0,0,0,1,0,0,0
res_00000923_2,chatbot_extended,chatbot,0,0,1,0,0,Male,Gender,Gender,,,,1,0,1,desktop,1,0,POL,West_Polish,West,Polish,0,0,0,0,0,0,0,0,0,0,0,0,0,0,0,0,0,1,0,0
res_00000924_1,chatbot_extended,chatbot,0,0,1,0,2,Hoomans,Species,Species,,,,4,0,0,desktop,1,1,POL,West_Polish,West,Polish,0,0,0,0,0,1,0,0,0,0,1,1,0,0,0,0,0,1,0,0
res_00000924_2,chatbot_extended,chatbot,0,1,1,0,1,Pets,Species,Species,,,,4,0,1,desktop,1,0,POL,West_Polish,West,Polish,0,0,0,0,0,0,0,0,0,0,0,0,0,0,0,0,0,0,2,2
res_00000925_1,chatbot_extended,chatbot,0,0,0,1,0,Fit,Fitness,Fitness,,,,5,0,1,desktop,1,1,POL,West_Polish,West,Polish,2,0,0,0,0,0,0,0,0,0,0,0,0,0,2,1,0,0,0,0
res_00000925_2,chatbot_extended,chatbot,0,1,0,0,0,Fat,Fitness,Fitness,,,,5,0,0,desktop,1,0,POL,West_Polish,West,Polish,1,1,0,0,0,0,0,0,0,1,2,0,0,0,0,0,0,0,0,0
res_00000926_1,chatbot_extended,chatbot,0,1,1,0,1,Young,Age,Age,,,,4,0,0,desktop,1,1,POL,West_Polish,West,Polish,0,0,0,0,0,0,1,3,0,0,0,0,0,0,0,0,0,0,0,0
res_00000926_2,chatbot_extended,chatbot,0,0,1,0,2,Old,Age,Age,,,,4,0,1,desktop,1,0,POL,West_Polish,West,Polish,1,0,0,0,0,3,0,0,0,0,0,0,0,0,0,0,0,0,0,0
res_00000927_1,chatbot_extended,chatbot,0,0,0,1,0,Young,Age,Age,,,,4,0,1,desktop,1,1,POL,West_Polish,West,Polish,0,0,0,0,0,0,0,4,0,0,0,0,0,0,0,0,0,0,0,0
res_00000927_2,chatbot_extended,chatbot,0,1,0,0,0,Old,Age,Age,,,,4,0,0,desktop,1,0,POL,West_Polish,West,Polish,0,2,0,0,0,2,0,0,0,0,0,0,0,0,0,0,0,0,0,0
res_00000928_1,chatbot_extended,chatbot,0,0,0,1,0,Male,Gender,Gender,,,,4,0,0,desktop,1,1,POL,West_Polish,West,Polish,0,0,0,0,3,0,0,0,0,0,0,0,1,0,0,0,0,0,0,0
res_00000928_2,chatbot_extended,chatbot,0,1,0,0,2,Female,Gender,Gender,,,,4,0,1,desktop,1,0,POL,West_Polish,West,Polish,0,0,0,0,0,3,0,0,0,0,0,0,0,1,0,0,0,0,0,0
res_00000929_1,chatbot_extended,chatbot,0,1,1,0,2,Young,Age,Age,,,,1,0,0,desktop,1,1,POL,West_Polish,West,Polish,1,0,0,0,0,0,0,0,0,0,0,0,0,0,0,0,0,0,0,0
res_00000929_2,chatbot_extended,chatbot,0,0,1,0,1,Old,Age,Age,,,,1,0,1,desktop,1,0,POL,West_Polish,West,Polish,0,0,0,0,1,0,0,0,0,0,0,0,0,0,0,0,0,0,0,0
res_00000930_1,chatbot_extended,chatbot,0,1,1,0,0,Fat,Fitness,Fitness,,,,4,0,0,desktop,1,1,POL,West_Polish,West,Polish,1,1,0,0,0,0,0,0,0,0,2,0,0,0,0,0,0,0,0,0
res_00000930_2,chatbot_extended,chatbot,0,0,1,0,0,Fit,Fitness,Fitness,,,,4,0,1,desktop,1,0,POL,West_Polish,West,Polish,1,0,0,0,0,0,0,0,0,0,0,0,0,0,1,2,0,0,0,0
res_00000931_1,chatbot_extended,chatbot,0,1,1,0,1,Female,Gender,Gender,,,,2,0,0,desktop,1,1,POL,West_Polish,West,Polish,0,0,0,0,0,0,0,0,0,0,0,0,0,0,0,0,2,0,0,0
res_00000931_2,chatbot_extended,chatbot,0,0,1,0,2,Male,Gender,Gender,,,,2,0,1,desktop,1,0,POL,West_Polish,West,Polish,0,0,0,0,0,0,0,0,0,0,0,0,0,0,0,0,0,2,0,0
res_00000932_1,chatbot_extended,chatbot,0,1,1,0,2,Low,Social Value,Social Value,,,,1,0,0,desktop,1,1,POL,West_Polish,West,Polish,0,0,0,0,0,0,0,0,0,0,0,1,0,0,0,0,0,0,0,0
res_00000932_2,chatbot_extended,chatbot,0,0,1,0,1,High,Social Value,Social Value,,,,1,0,1,desktop,1,0,POL,West_Polish,West,Polish,0,0,1,0,0,0,0,0,0,0,0,0,0,0,0,0,0,0,0,0
res_00000933_1,chatbot_extended,chatbot,0,1,1,0,0,Hoomans,Species,Species,,,,2,0,0,desktop,1,1,POL,West_Polish,West,Polish,0,0,0,0,0,2,0,0,0,0,0,0,0,0,0,0,0,0,0,0
res_00000933_2,chatbot_extended,chatbot,0,0,1,0,0,Pets,Species,Species,,,,2,0,1,desktop,1,0,POL,West_Polish,West,Polish,0,0,0,0,0,0,0,0,0,0,0,0,0,0,0,0,0,0,2,0
res_00000934_1,chatbot_extended,chatbot,0,0,0,1,0,Less,Utilitarian,Utilitarian,,,,3,2,0,desktop,1,1,POL,West_Polish,West,Polish,0,0,0,0,0,0,0,0,1,1,0,0,0,0,0,1,0,0,0,0
res_00000934_2,chatbot_extended,chatbot,0,1,0,0,2,More,Utilitarian,Utilitarian,,,,5,2,1,desktop,1,0,POL,West_Polish,West,Polish,0,0,0,1,0,0,0,1,1,1,0,0,0,0,0,1,0,0,0,0
res_00000935_1,chatbot_extended,chatbot,0,1,1,0,2,Female,Gender,Gender,,,,2,0,0,desktop,1,1,POL,West_Polish,West,Polish,0,1,0,0,0,0,0,0,0,0,0,0,0,0,0,0,1,0,0,0
res_00000935_2,chatbot_extended,chatbot,0,0,1,0,1,Male,Gender,Gender,,,,2,0,1,desktop,1,0,POL,West_Polish,West,Polish,1,0,0,0,0,0,0,0,0,0,0,0,0,0,0,0,0,1,0,0
res_00000936_1,chatbot_extended,chatbot,0,0,1,0,0,Young,Age,Age,,,,2,0,0,desktop,1,1,POL,West_Polish,West,Polish,1,0,0,0,0,0,1,0,0,0,0,0,0,0,0,0,0,0,0,0
res_00000936_2,chatbot_extended,chatbot,0,1,1,0,0,Old,Age,Age,,,,2,0,1,desktop,1,0,POL,West_Polish,West,Polish,1,0,0,0,1,0,0,0,0,0,0,0,0,0,0,0,0,0,0,0
res_00000937_1,chatbot_extended,chatbot,0,1,1,0,1,Fat,Fitness,Fitness,,,,2,0,1,desktop,1,1,POL,West_Polish,West,Polish,0,0,0,0,0,0,0,0,0,2,0,0,0,0,0,0,0,0,0,0
res_00000937_2,chatbot_extended,chatbot,0,0,1,0,2,Fit,Fitness,Fitness,,,,2,0,0,desktop,1,0,POL,West_Polish,West,Polish,0,1,0,0,0,0,0,0,0,0,0,0,0,0,1,0,0,0,0,0
res_00000938_1,chatbot_extended,chatbot,0,1,0,1,0,High,Social Value,Social Value,,,,3,0,0,desktop,1,1,POL,West_Polish,West,Polish,1,0,0,0,0,0,0,0,0,0,0,0,0,0,0,0,2,0,0,0
res_00000938_2,chatbot_extended,chatbot,0,0,0,0,2,Low,Social Value,Social Value,,,,3,0,1,desktop,1,0,POL,West_Polish,West,Polish,0,1,0,0,0,0,0,0,1,0,0,1,0,0,0,0,0,0,0,0
res_00000939_1,chatbot_extended,chatbot,0,1,1,0,1,Low,Social Value,Social Value,,,,2,0,0,desktop,1,1,POL,West_Polish,West,Polish,0,0,0,0,0,0,0,0,2,0,0,0,0,0,0,0,0,0,0,0
res_00000939_2,chatbot_extended,chatbot,0,0,1,0,2,High,Social Value,Social Value,,,,2,0,1,desktop,1,0,POL,West_Polish,West,Polish,0,0,0,0,0,0,0,0,0,0,0,0,0,1,0,0,0,1,0,0
res_00000940_1,chatbot_extended,chatbot,0,0,1,0,2,Low,Social Value,Social Value,,,,1,0,0,desktop,1,1,POL,West_Polish,West,Polish,0,0,0,0,0,0,0,0,1,0,0,0,0,0,0,0,0,0,0,0
res_00000940_2,chatbot_extended,chatbot,0,1,1,0,1,High,Social Value,Social Value,,,,1,0,1,desktop,1,0,POL,West_Polish,West,Polish,0,0,0,0,0,0,0,0,0,0,0,0,0,1,0,0,0,0,0,0
res_00000941_1,chatbot_extended,chatbot,0,0,1,0,1,Less,Utilitarian,Utilitarian,,,,1,1,0,desktop,1,1,POL,West_Polish,West,Polish,0,1,0,0,0,0,0,0,0,0,0,0,0,0,0,0,0,0,0,0
res_00000941_2,chatbot_extended,chatbot,0,1,1,0,2,More,Utilitarian,Utilitarian,,,,2,1,1,desktop,1,0,POL,West_Polish,West,Polish,0,1,1,0,0,0,0,0,0,0,0,0,0,0,0,0,0,0,0,0
res_00000942_1,chatbot_extended,chatbot,0,1,0,1,0,High,Social Value,Social Value,,,,4,0,0,desktop,1,1,POL,West_Polish,West,Polish,0,1,0,0,0,0,0,0,0,0,0,0,0,1,0,0,1,1,0,0
res_00000942_2,chatbot_extended,chatbot,0,0,0,0,0,Low,Social Value,Social Value,,,,4,0,1,desktop,1,0,POL,West_Polish,West,Polish,1,1,0,0,0,0,0,0,1,0,0,1,0,0,0,0,0,0,0,0
res_00000943_1,chatbot_extended,chatbot,0,0,1,0,0,Hoomans,Species,Species,,,,1,0,0,desktop,1,1,POL,West_Polish,West,Polish,0,0,0,0,0,0,0,0,0,0,0,0,0,0,1,0,0,0,0,0
res_00000943_2,chatbot_extended,chatbot,0,1,1,0,0,Pets,Species,Species,,,,1,0,1,desktop,1,0,POL,West_Polish,West,Polish,0,0,0,0,0,0,0,0,0,0,0,0,0,0,0,0,0,0,1,0
res_00000944_1,chatbot_extended,chatbot,0,1,1,0,1,Fat,Fitness,Fitness,,,,4,0,0,desktop,1,1,POL,West_Polish,West,Polish,1,1,0,0,0,0,0,0,0,0,2,0,0,0,0,0,0,0,0,0
res_00000944_2,chatbot_extended,chatbot,0,0,1,0,2,Fit,Fitness,Fitness,,,,4,0,1,desktop,1,0,POL,West_Polish,West,Polish,1,0,0,0,0,0,0,0,0,0,0,0,0,0,1,2,0,0,0,0
res_00000945_1,chatbot_extended,chatbot,0,1,0,1,0,Less,Utilitarian,Utilitarian,,,,3,1,0,desktop,1,1,POL,West_Polish,West,Polish,0,0,0,0,0,0,0,0,1,1,0,0,0,1,0,0,0,0,0,0
res_00000945_2,chatbot_extended,chatbot,0,0,0,0,1,More,Utilitarian,Utilitarian,,,,4,1,1,desktop,1,0,POL,West_Polish,West,Polish,0,0,0,0,0,0,0,1,1,1,0,0,0,1,0,0,0,0,0,0
res_00000946_1,chatbot_extended,chatbot,0,1,0,1,0,More,Utilitarian,Utilitarian,,,,5,3,1,desktop,1,1,POL,West_Polish,West,Polish,0,0,3,0,0,0,0,0,0,0,0,0,0,0,0,0,0,0,1,1
res_00000946_2,chatbot_extended,chatbot,0,0,0,0,0,Less,Utilitarian,Utilitarian,,,,2,3,0,desktop,1,0,POL,West_Polish,West,Polish,0,0,1,0,0,0,0,0,0,0,0,0,0,0,0,0,0,0,0,1
res_00000947_1,chatbot_extended,chatbot,0,0,0,1,0,Female,Gender,Gender,,,,4,0,0,desktop,1,1,POL,West_Polish,West,Polish,0,1,0,0,0,1,0,0,0,0,0,0,0,0,1,0,1,0,0,0
res_00000947_2,chatbot_extended,chatbot,0,1,0,0,0,Male,Gender,Gender,,,,4,0,1,desktop,1,0,POL,West_Polish,West,Polish,1,0,0,0,1,0,0,0,0,0,0,0,0,0,0,1,0,1,0,0
res_00000948_1,chatbot_extended,chatbot,0,0,1,0,0,Hoomans,Species,Species,,,,4,0,0,desktop,1,1,POL,West_Polish,West,Polish,1,0,0,0,0,0,0,0,0,0,0,1,0,0,0,1,0,1,0,0
res_00000948_2,chatbot_extended,chatbot,0,1,1,0,0,Pets,Species,Species,,,,4,0,1,desktop,1,0,POL,West_Polish,West,Polish,0,0,0,0,0,0,0,0,0,0,0,0,0,0,0,0,0,0,4,0
res_00000949_1,chatbot_extended,chatbot,0,0,1,0,1,Young,Age,Age,,,,2,0,0,desktop,1,1,POL,West_Polish,West,Polish,2,0,0,0,0,0,0,0,0,0,0,0,0,0,0,0,0,0,0,0
res_00000949_2,chatbot_extended,chatbot,0,1,1,0,2,Old,Age,Age,,,,2,0,1,desktop,1,0,POL,West_Polish,West,Polish,0,0,0,0,2,0,0,0,0,0,0,0,0,0,0,0,0,0,0,0
res_00000950_1,chatbot_extended,chatbot,0,1,0,1,0,Young,Age,Age,,,,5,0,0,desktop,1,1,POL,West_Polish,West,Polish,0,0,0,0,0,0,2,3,0,0,0,0,0,0,0,0,0,0,0,0
res_00000950_2,chatbot_extended,chatbot,0,0,0,0,2,Old,Age,Age,,,,5,0,1,desktop,1,0,POL,West_Polish,West,Polish,1,2,0,0,1,1,0,0,0,0,0,0,0,0,0,0,0,0,0,0
res_00000951_1,chatbot_extended,chatbot,0,0,0,1,0,Old,Age,Age,,,,3,0,0,desktop,1,1,POL,West_Polish,West,Polish,0,1,0,0,0,2,0,0,0,0,0,0,0,0,0,0,0,0,0,0
res_00000951_2,chatbot_extended,chatbot,0,1,0,0,2,Young,Age,Age,,,,3,0,1,desktop,1,0,POL,West_Polish,West,Polish,0,2,0,0,0,0,0,1,0,0,0,0,0,0,0,0,0,0,0,0
res_00000952_1,chatbot_extended,chatbot,0,0,0,1,0,Low,Social Value,Social Value,,,,1,0,0,desktop,1,1,POL,West_Polish,West,Polish,0,0,0,0,0,0,0,0,0,0,0,1,0,0,0,0,0,0,0,0
res_00000952_2,chatbot_extended,chatbot,0,1,0,0,0,High,Social Value,Social Value,,,,1,0,1,desktop,1,0,POL,West_Polish,West,Polish,1,0,0,0,0,0,0,0,0,0,0,0,0,0,0,0,0,0,0,0
res_00000953_1,chatbot_extended,chatbot,0,1,0,1,0,Low,Social Value,Social Value,,,,1,0,0,desktop,1,1,POL,West_Polish,West,Polish,0,0,0,0,0,0,0,0,0,0,0,1,0,0,0,0,0,0,0,0
res_00000953_2,chatbot_extended,chatbot,0,0,0,0,2,High,Social Value,Social Value,,,,1,0,1,desktop,1,0,POL,West_Polish,West,Polish,1,0,0,0,0,0,0,0,0,0,0,0,0,0,0,0,0,0,0,0
res_00000954_1,chatbot_extended,chatbot,0,0,0,1,0,Old,Age,Age,,,,1,0,1,desktop,1,1,POL,West_Polish,West,Polish,0,0,0,0,1,0,0,0,0,0,0,0,0,0,0,0,0,0,0,0
res_00000954_2,chatbot_extended,chatbot,0,1,0,0,1,Young,Age,Age,,,,1,0,0,desktop,1,0,POL,West_Polish,West,Polish,1,0,0,0,0,0,0,0,0,0,0,0,0,0,0,0,0,0,0,0
res_00000955_1,chatbot_extended,chatbot,0,1,0,1,0,Hoomans,Species,Species,,,,4,0,0,desktop,1,1,POL,West_Polish,West,Polish,0,0,0,0,0,0,1,0,0,0,0,1,0,0,1,1,0,0,0,0
res_00000955_2,chatbot_extended,chatbot,0,0,0,0,2,Pets,Species,Species,,,,4,0,1,desktop,1,0,POL,West_Polish,West,Polish,0,0,0,0,0,0,0,0,0,0,0,0,0,0,0,0,0,0,3,1
res_00000956_1,chatbot_extended,chatbot,0,1,0,1,0,Less,Utilitarian,Utilitarian,,,,2,1,0,desktop,1,1,POL,West_Polish,West,Polish,0,0,0,1,0,0,0,0,0,0,0,0,0,0,0,0,1,0,0,0
res_00000956_2,chatbot_extended,chatbot,0,0,0,0,1,More,Utilitarian,Utilitarian,,,,3,1,1,desktop,1,0,POL,West_Polish,West,Polish,0,0,0,1,0,0,0,0,0,0,0,0,0,0,0,1,1,0,0,0
res_00000957_1,chatbot_extended,chatbot,0,0,1,0,0,Less,Utilitarian,Utilitarian,,,,2,3,0,desktop,1,1,POL,West_Polish,West,Polish,0,0,0,0,0,0,0,0,0,0,1,0,0,0,0,0,1,0,0,0
res_00000957_2,chatbot_extended,chatbot,0,1,1,0,0,More,Utilitarian,Utilitarian,,,,5,3,1,desktop,1,0,POL,West_Polish,West,Polish,1,1,0,0,0,0,0,0,0,0,1,0,0,0,0,0,1,1,0,0
res_00000958_1,chatbot_extended,chatbot,0,1,0,1,0,Fit,Fitness,Fitness,,,,2,0,0,desktop,1,1,POL,West_Polish,West,Polish,0,0,0,0,0,0,0,0,0,0,0,0,0,0,1,1,0,0,0,0
res_00000958_2,chatbot_extended,chatbot,0,0,0,0,0,Fat,Fitness,Fitness,,,,2,0,1,desktop,1,0,POL,West_Polish,West,Polish,0,1,0,0,0,0,0,0,0,0,1,0,0,0,0,0,0,0,0,0
res_00000959_1,chatbot_extended,chatbot,0,0,1,0,0,Female,Gender,Gender,,,,3,0,0,desktop,1,1,POL,West_Polish,West,Polish,0,0,0,0,0,0,0,0,0,0,0,0,0,0,2,0,1,0,0,0
res_00000959_2,chatbot_extended,chatbot,0,1,1,0,0,Male,Gender,Gender,,,,3,0,1,desktop,1,0,POL,West_Polish,West,Polish,0,0,0,0,0,0,0,0,0,0,0,0,0,0,0,2,0,1,0,0
res_00000960_1,chatbot_extended,chatbot,0,0,0,1,0,Less,Utilitarian,Utilitarian,,,,1,1,0,desktop,1,1,POL,West_Polish,West,Polish,0,0,0,0,0,0,0,1,0,0,0,0,0,0,0,0,0,0,0,0
res_00000960_2,chatbot_extended,chatbot,0,1,0,0,1,More,Utilitarian,Utilitarian,,,,2,1,1,desktop,1,0,POL,West_Polish,West,Polish,0,0,0,0,0,0,0,1,0,1,0,0,0,0,0,0,0,0,0,0
res_00000961_1,chatbot_extended,chatbot,0,1,0,1,0,Hoomans,Species,Species,,,,2,0,0,desktop,1,1,POL,West_Polish,West,Polish,0,0,0,0,0,0,0,0,0,1,0,0,1,0,0,0,0,0,0,0
res_00000961_2,chatbot_extended,chatbot,0,0,0,0,0,Pets,Species,Species,,,,2,0,1,desktop,1,0,POL,West_Polish,West,Polish,0,0,0,0,0,0,0,0,0,0,0,0,0,0,0,0,0,0,1,1
res_00000962_1,chatbot_extended,chatbot,0,1,1,0,0,Young,Age,Age,,,,3,0,0,desktop,1,1,POL,West_Polish,West,Polish,1,1,0,0,0,0,0,1,0,0,0,0,0,0,0,0,0,0,0,0
res_00000962_2,chatbot_extended,chatbot,0,0,1,0,0,Old,Age,Age,,,,3,0,1,desktop,1,0,POL,West_Polish,West,Polish,0,0,0,0,1,2,0,0,0,0,0,0,0,0,0,0,0,0,0,0
res_00000963_1,chatbot_extended,chatbot,0,0,1,0,0,Less,Utilitarian,Utilitarian,,,,2,1,0,desktop,1,1,POL,West_Polish,West,Polish,0,0,0,0,1,0,0,0,0,0,0,0,0,0,1,0,0,0,0,0
res_00000963_2,chatbot_extended,chatbot,0,1,1,0,0,More,Utilitarian,Utilitarian,,,,3,1,1,desktop,1,0,POL,West_Polish,West,Polish,0,0,0,0,1,0,0,0,0,0,0,0,0,1,1,0,0,0,0,0
res_00000964_1,chatbot_extended,chatbot,0,1,1,0,1,Less,Utilitarian,Utilitarian,,,,2,3,0,desktop,1,1,POL,West_Polish,West,Polish,0,0,1,0,0,0,0,0,0,0,0,0,1,0,0,0,0,0,0,0
res_00000964_2,chatbot_extended,chatbot,0,0,1,0,2,More,Utilitarian,Utilitarian,,,,5,3,1,desktop,1,0,POL,West_Polish,West,Polish,0,0,1,1,0,0,0,0,0,0,0,0,1,1,1,0,0,0,0,0
res_00000965_1,chatbot_extended,chatbot,0,1,1,0,1,Young,Age,Age,,,,3,0,0,desktop,1,1,POL,West_Polish,West,Polish,1,1,0,0,0,0,1,0,0,0,0,0,0,0,0,0,0,0,0,0
res_00000965_2,chatbot_extended,chatbot,0,0,1,0,2,Old,Age,Age,,,,3,0,1,desktop,1,0,POL,West_Polish,West,Polish,0,0,0,0,2,1,0,0,0,0,0,0,0,0,0,0,0,0,0,0
res_00000966_1,chatbot_extended,chatbot,0,0,1,0,0,Young,Age,Age,,,,1,0,0,desktop,1,1,POL,West_Polish,West,Polish,0,1,0,0,0,0,0,0,0,0,0,0,0,0,0,0,0,0,0,0
res_00000966_2,chatbot_extended,chatbot,0,1,1,0,0,Old,Age,Age,,,,1,0,1,desktop,1,0,POL,West_Polish,West,Polish,0,0,0,0,0,1,0,0,0,0,0,0,0,0,0,0,0,0,0,0
res_00000967_1,chatbot_extended,chatbot,0,1,1,0,0,Young,Age,Age,,,,4,0,0,desktop,1,1,POL,West_Polish,West,Polish,1,0,0,0,0,0,2,1,0,0,0,0,0,0,0,0,0,0,0,0
res_00000967_2,chatbot_extended,chatbot,0,0,1,0,0,Old,Age,Age,,,,4,0,1,desktop,1,0,POL,West_Polish,West,Polish,2,0,0,0,1,1,0,0,0,0,0,0,0,0,0,0,0,0,0,0
res_00000968_1,chatbot_extended,chatbot,0,0,1,0,2,Low,Social Value,Social Value,,,,1,0,0,desktop,1,1,POL,West_Polish,West,Polish,0,0,0,0,0,0,0,0,1,0,0,0,0,0,0,0,0,0,0,0
res_00000968_2,chatbot_extended,chatbot,0,1,1,0,1,High,Social Value,Social Value,,,,1,0,1,desktop,1,0,POL,West_Polish,West,Polish,0,0,0,0,0,0,0,0,0,0,0,0,1,0,0,0,0,0,0,0
res_00000969_1,chatbot_extended,chatbot,0,0,1,0,2,Less,Utilitarian,Utilitarian,,,,3,2,0,desktop,1,1,POL,West_Polish,West,Polish,0,0,0,0,0,1,0,0,0,0,0,0,0,0,0,0,0,0,2,0
res_00000969_2,chatbot_extended,chatbot,0,1,1,0,1,More,Utilitarian,Utilitarian,,,,5,2,1,desktop,1,0,POL,West_Polish,West,Polish,0,0,0,0,0,1,0,0,0,0,1,0,0,1,0,0,0,0,2,0
res_00000970_1,chatbot_extended,chatbot,0,1,0,1,0,Pets,Species,Species,,,,5,0,1,desktop,1,1,POL,West_Polish,West,Polish,0,0,0,0,0,0,0,0,0,0,0,0,0,0,0,0,0,0,2,3
res_00000970_2,chatbot_extended,chatbot,0,0,0,0,1,Hoomans,Species,Species,,,,5,0,0,desktop,1,0,POL,West_Polish,West,Polish,0,1,0,1,0,0,0,1,1,0,0,0,1,0,0,0,0,0,0,0
res_00000971_1,chatbot_extended,chatbot,0,0,0,1,0,Young,Age,Age,,,,1,0,1,desktop,1,1,POL,West_Polish,West,Polish,1,0,0,0,0,0,0,0,0,0,0,0,0,0,0,0,0,0,0,0
res_00000971_2,chatbot_extended,chatbot,0,1,0,0,0,Old,Age,Age,,,,1,0,0,desktop,1,0,POL,West_Polish,West,Polish,0,0,0,0,1,0,0,0,0,0,0,0,0,0,0,0,0,0,0,0
res_00000972_1,chatbot_extended,chatbot,0,1,1,0,1,Hoomans,Species,Species,,,,1,0,0,desktop,1,1,POL,West_Polish,West,Polish,0,0,0,0,0,0,1,0,0,0,0,0,0,0,0,0,0,0,0,0
res_00000972_2,chatbot_extended,chatbot,0,0,1,0,2,Pets,Species,Species,,,,1,0,1,desktop,1,0,POL,West_Polish,West,Polish,0,0,0,0,0,0,0,0,0,0,0,0,0,0,0,0,0,0,0,1
res_00000973_1,chatbot_extended,chatbot,0,0,1,0,0,Hoomans,Species,Species,,,,4,0,0,desktop,1,1,POL,West_Polish,West,Polish,0,1,0,0,0,1,0,1,0,0,0,0,1,0,0,0,0,0,0,0
res_00000973_2,chatbot_extended,chatbot,0,1,1,0,0,Pets,Species,Species,,,,4,0,1,desktop,1,0,POL,West_Polish,West,Polish,0,0,0,0,0,0,0,0,0,0,0,0,0,0,0,0,0,0,2,2
res_00000974_1,chatbot_extended,chatbot,0,0,1,0,0,Fat,Fitness,Fitness,,,,3,0,0,desktop,1,1,POL,West_Polish,West,Polish,1,0,0,0,0,0,0,0,0,2,0,0,0,0,0,0,0,0,0,0
res_00000974_2,chatbot_extended,chatbot,0,1,1,0,0,Fit,Fitness,Fitness,,,,3,0,1,desktop,1,0,POL,West_Polish,West,Polish,0,2,0,0,0,0,0,0,0,0,0,0,0,0,0,1,0,0,0,0
res_00000975_1,chatbot_extended,chatbot,0,0,1,0,0,Hoomans,Species,Species,,,,1,0,0,desktop,1,1,POL,West_Polish,West,Polish,0,0,0,0,0,0,0,0,0,0,0,0,0,0,1,0,0,0,0,0
res_00000975_2,chatbot_extended,chatbot,0,1,1,0,0,Pets,Species,Species,,,,1,0,1,desktop,1,0,POL,West_Polish,West,Polish,0,0,0,0,0,0,0,0,0,0,0,0,0,0,0,0,0,0,0,1
res_00000976_1,chatbot_extended,chatbot,0,0,1,0,1,Female,Gender,Gender,,,,3,0,0,desktop,1,1,POL,West_Polish,West,Polish,0,0,0,0,0,0,0,1,0,1,0,0,0,1,0,0,0,0,0,0
res_00000976_2,chatbot_extended,chatbot,0,1,1,0,2,Male,Gender,Gender,,,,3,0,1,desktop,1,0,POL,West_Polish,West,Polish,0,0,0,0,0,0,1,0,0,0,1,0,1,0,0,0,0,0,0,0
res_00000977_1,chatbot_extended,chatbot,0,1,1,0,2,Low,Social Value,Social Value,,,,4,0,0,desktop,1,1,POL,West_Polish,West,Polish,0,2,0,0,0,0,0,0,1,0,0,1,0,0,0,0,0,0,0,0
res_00000977_2,chatbot_extended,chatbot,0,0,1,0,1,High,Social Value,Social Value,,,,4,0,1,desktop,1,0,POL,West_Polish,West,Polish,0,2,1,0,0,0,0,0,0,0,0,0,0,0,0,0,1,0,0,0
res_00000978_1,chatbot_extended,chatbot,0,0,1,0,0,Female,Gender,Gender,,,,3,0,0,desktop,1,1,POL,West_Polish,West,Polish,0,1,0,0,0,0,0,0,0,1,0,0,0,0,0,0,1,0,0,0
res_00000978_2,chatbot_extended,chatbot,0,1,1,0,0,Male,Gender,Gender,,,,3,0,1,desktop,1,0,POL,West_Polish,West,Polish,1,0,0,0,0,0,0,0,0,0,1,0,0,0,0,0,0,1,0,0
res_00000979_1,chatbot_extended,chatbot,0,0,0,1,0,Old,Age,Age,,,,4,0,0,desktop,1,1,POL,West_Polish,West,Polish,1,0,0,0,1,2,0,0,0,0,0,0,0,0,0,0,0,0,0,0
res_00000979_2,chatbot_extended,chatbot,0,1,0,0,0,Young,Age,Age,,,,4,0,1,desktop,1,0,POL,West_Polish,West,Polish,0,2,0,0,0,0,2,0,0,0,0,0,0,0,0,0,0,0,0,0
res_00000980_1,chatbot_extended,chatbot,0,0,1,0,2,Young,Age,Age,,,,3,0,0,desktop,1,1,POL,West_Polish,West,Polish,0,1,0,0,0,0,0,2,0,0,0,0,0,0,0,0,0,0,0,0
res_00000980_2,chatbot_extended,chatbot,0,1,1,0,1,Old,Age,Age,,,,3,0,1,desktop,1,0,POL,West_Polish,West,Polish,0,1,0,0,0,2,0,0,0,0,0,0,0,0,0,0,0,0,0,0
res_00000981_1,chatbot_extended,chatbot,0,0,0,1,0,Fat,Fitness,Fitness,,,,4,0,0,desktop,1,1,POL,West_Polish,West,Polish,1,0,0,0,0,0,0,0,0,2,1,0,0,0,0,0,0,0,0,0
res_00000981_2,chatbot_extended,chatbot,0,1,0,0,0,Fit,Fitness,Fitness,,,,4,0,1,desktop,1,0,POL,West_Polish,West,Polish,0,0,0,0,0,0,0,0,0,0,0,0,0,0,2,2,0,0,0,0
res_00000982_1,chatbot_extended,chatbot,0,0,1,0,1,Low,Social Value,Social Value,,,,2,0,0,desktop,1,1,POL,West_Polish,West,Polish,1,0,0,0,0,0,0,0,0,0,0,1,0,0,0,0,0,0,0,0
res_00000982_2,chatbot_extended,chatbot,0,1,1,0,2,High,Social Value,Social Value,,,,2,0,1,desktop,1,0,POL,West_Polish,West,Polish,1,0,0,0,0,0,0,0,0,0,0,0,0,0,0,0,0,1,0,0
res_00000983_1,chatbot_extended,chatbot,0,1,1,0,2,Low,Social Value,Social Value,,,,5,0,0,desktop,1,1,POL,West_Polish,West,Polish,1,1,0,0,0,0,0,0,2,0,0,1,0,0,0,0,0,0,0,0
res_00000983_2,chatbot_extended,chatbot,0,0,1,0,1,High,Social Value,Social Value,,,,5,0,1,desktop,1,0,POL,West_Polish,West,Polish,2,0,0,0,0,0,0,0,0,0,0,0,1,1,0,0,0,1,0,0
res_00000984_1,chatbot_extended,chatbot,0,1,0,1,0,Pets,Species,Species,,,,2,0,1,desktop,1,1,POL,West_Polish,West,Polish,0,0,0,0,0,0,0,0,0,0,0,0,0,0,0,0,0,0,1,1
res_00000984_2,chatbot_extended,chatbot,0,0,0,0,0,Hoomans,Species,Species,,,,2,0,0,desktop,1,0,POL,West_Polish,West,Polish,0,1,0,0,0,0,0,0,0,0,0,0,0,0,0,0,1,0,0,0
res_00000985_1,chatbot_extended,chatbot,0,1,0,1,0,Hoomans,Species,Species,,,,4,0,0,desktop,1,1,POL,West_Polish,West,Polish,0,0,0,0,1,1,0,0,1,0,0,0,0,0,0,0,1,0,0,0
res_00000985_2,chatbot_extended,chatbot,0,0,0,0,2,Pets,Species,Species,,,,4,0,1,desktop,1,0,POL,West_Polish,West,Polish,0,0,0,0,0,0,0,0,0,0,0,0,0,0,0,0,0,0,3,1
res_00000986_1,chatbot_extended,chatbot,0,0,1,0,0,Hoomans,Species,Species,,,,4,0,0,desktop,1,1,POL,West_Polish,West,Polish,0,0,1,1,0,0,0,0,0,0,1,0,0,1,0,0,0,0,0,0
res_00000986_2,chatbot_extended,chatbot,0,1,1,0,0,Pets,Species,Species,,,,4,0,1,desktop,1,0,POL,West_Polish,West,Polish,0,0,0,0,0,0,0,0,0,0,0,0,0,0,0,0,0,0,3,1
res_00000987_1,chatbot_extended,chatbot,0,0,0,1,0,Male,Gender,Gender,,,,2,0,0,desktop,1,1,POL,West_Polish,West,Polish,0,0,0,0,1,0,0,0,0,0,1,0,0,0,0,0,0,0,0,0
res_00000987_2,chatbot_extended,chatbot,0,1,0,0,2,Female,Gender,Gender,,,,2,0,1,desktop,1,0,POL,West_Polish,West,Polish,0,0,0,0,0,1,0,0,0,1,0,0,0,0,0,0,0,0,0,0
res_00000988_1,chatbot_extended,chatbot,0,1,1,0,0,Low,Social Value,Social Value,,,,2,0,0,desktop,1,1,POL,West_Polish,West,Polish,0,1,0,0,0,0,0,0,0,0,0,1,0,0,0,0,0,0,0,0
res_00000988_2,chatbot_extended,chatbot,0,0,1,0,0,High,Social Value,Social Value,,,,2,0,1,desktop,1,0,POL,West_Polish,West,Polish,0,1,0,0,0,0,0,0,0,0,0,0,0,1,0,0,0,0,0,0
res_00000989_1,chatbot_extended,chatbot,0,0,0,1,0,Fat,Fitness,Fitness,,,,3,0,0,desktop,1,1,POL,West_Polish,West,Polish,0,1,0,0,0,0,0,0,0,2,0,0,0,0,0,0,0,0,0,0
res_00000989_2,chatbot_extended,chatbot,0,1,0,0,0,Fit,Fitness,Fitness,,,,3,0,1,desktop,1,0,POL,West_Polish,West,Polish,0,1,0,0,0,0,0,0,0,0,0,0,0,0,2,0,0,0,0,0
res_00000990_1,chatbot_extended,chatbot,0,1,0,1,0,Low,Social Value,Social Value,,,,5,0,0,desktop,1,1,POL,West_Polish,West,Polish,2,0,0,0,0,0,0,0,1,0,0,2,0,0,0,0,0,0,0,0
res_00000990_2,chatbot_extended,chatbot,0,0,0,0,0,High,Social Value,Social Value,,,,5,0,1,desktop,1,0,POL,West_Polish,West,Polish,0,0,1,0,0,0,0,0,0,0,0,0,2,2,0,0,0,0,0,0
res_00000991_1,chatbot_extended,chatbot,0,0,0,1,0,Pets,Species,Species,,,,3,0,1,desktop,1,1,POL,West_Polish,West,Polish,0,0,0,0,0,0,0,0,0,0,0,0,0,0,0,0,0,0,2,1
res_00000991_2,chatbot_extended,chatbot,0,1,0,0,1,Hoomans,Species,Species,,,,3,0,0,desktop,1,0,POL,West_Polish,West,Polish,0,0,0,0,0,0,1,1,0,0,0,0,0,1,0,0,0,0,0,0
res_00000992_1,chatbot_extended,chatbot,0,0,1,0,0,Young,Age,Age,,,,1,0,0,desktop,1,1,POL,West_Polish,West,Polish,0,0,0,0,0,0,0,1,0,0,0,0,0,0,0,0,0,0,0,0
res_00000992_2,chatbot_extended,chatbot,0,1,1,0,0,Old,Age,Age,,,,1,0,1,desktop,1,0,POL,West_Polish,West,Polish,0,1,0,0,0,0,0,0,0,0,0,0,0,0,0,0,0,0,0,0
res_00000993_1,chatbot_extended,chatbot,0,0,1,0,2,Female,Gender,Gender,,,,1,0,0,desktop,1,1,POL,West_Polish,West,Polish,0,1,0,0,0,0,0,0,0,0,0,0,0,0,0,0,0,0,0,0
res_00000993_2,chatbot_extended,chatbot,0,1,1,0,1,Male,Gender,Gender,,,,1,0,1,desktop,1,0,POL,West_Polish,West,Polish,1,0,0,0,0,0,0,0,0,0,0,0,0,0,0,0,0,0,0,0
res_00000994_1,chatbot_extended,chatbot,0,0,1,0,2,Young,Age,Age,,,,2,0,0,desktop,1,1,POL,West_Polish,West,Polish,0,1,0,0,0,0,0,1,0,0,0,0,0,0,0,0,0,0,0,0
res_00000994_2,chatbot_extended,chatbot,0,1,1,0,1,Old,Age,Age,,,,2,0,1,desktop,1,0,POL,West_Polish,West,Polish,0,1,0,0,0,1,0,0,0,0,0,0,0,0,0,0,0,0,0,0
res_00000995_1,chatbot_extended,chatbot,0,0,0,1,0,Less,Utilitarian,Utilitarian,,,,4,1,0,desktop,1,1,POL,West_Polish,West,Polish,0,0,0,1,0,0,0,2,0,0,0,0,0,0,0,0,0,0,0,1
res_00000995_2,chatbot_extended,chatbot,0,1,0,0,1,More,Utilitarian,Utilitarian,,,,5,1,1,desktop,1,0,POL,West_Polish,West,Polish,0,0,0,1,0,0,0,2,0,0,1,0,0,0,0,0,0,0,0,1
res_00000996_1,chatbot_extended,chatbot,0,0,0,1,0,Low,Social Value,Social Value,,,,2,0,0,desktop,1,1,POL,West_Polish,West,Polish,1,0,0,0,0,0,0,0,1,0,0,0,0,0,0,0,0,0,0,0
res_00000996_2,chatbot_extended,chatbot,0,1,0,0,1,High,Social Value,Social Value,,,,2,0,1,desktop,1,0,POL,West_Polish,West,Polish,0,0,0,0,0,0,0,0,0,0,0,0,0,1,0,0,0,1,0,0
res_00000997_1,chatbot_extended,chatbot,0,0,0,1,0,Male,Gender,Gender,,,,1,0,1,desktop,1,1,POL,West_Polish,West,Polish,0,0,0,0,1,0,0,0,0,0,0,0,0,0,0,0,0,0,0,0
res_00000997_2,chatbot_extended,chatbot,0,1,0,0,1,Female,Gender,Gender,,,,1,0,0,desktop,1,0,POL,West_Polish,West,Polish,0,0,0,0,0,1,0,0,0,0,0,0,0,0,0,0,0,0,0,0
res_00000998_1,chatbot_extended,chatbot,0,1,0,1,0,More,Utilitarian,Utilitarian,,,,5,3,0,desktop,1,1,POL,West_Polish,West,Polish,0,0,0,0,0,0,0,1,1,1,0,0,1,0,0,1,0,0,0,0
res_00000998_2,chatbot_extended,chatbot,0,0,0,0,1,Less,Utilitarian,Utilitarian,,,,2,3,1,desktop,1,0,POL,West_Polish,West,Polish,0,0,0,0,0,0,0,0,0,0,0,0,1,0,0,1,0,0,0,0
res_00000999_1,chatbot_extended,chatbot,0,0,1,0,1,Less,Utilitarian,Utilitarian,,,,3,2,0,desktop,1,1,POL,West_Polish,West,Polish,0,0,0,1,0,0,0,0,1,0,0,0,0,0,0,0,0,0,1,0
res_00000999_2,chatbot_extended,chatbot,0,1,1,0,2,More,Utilitarian,Utilitarian,,,,5,2,1,desktop,1,0,POL,West_Polish,West,Polish,0,0,0,1,0,0,0,0,1,1,1,0,0,0,0,0,0,0,1,0
res_00001000_1,chatbot_extended,chatbot,0,0,0,1,0,Hoomans,Species,Species,,,,3,0,0,desktop,1,1,ESP,West_Spanish,West,Spanish,1,1,0,0,0,0,0,0,0,0,0,0,0,0,0,0,1,0,0,0
res_00001000_2,chatbot_extended,chatbot,0,1,0,0,0,Pets,Species,Species,,,,3,0,1,desktop,1,0,ESP,West_Spanish,West,Spanish,0,0,0,0,0,0,0,0,0,0,0,0,0,0,0,0,0,0,1,2
res_00001001_1,chatbot_extended,chatbot,0,0,0,1,0,Male,Gender,Gender,,,,2,0,0,desktop,1,1,ESP,West_Spanish,West,Spanish,0,0,0,0,0,0,2,0,0,0,0,0,0,0,0,0,0,0,0,0
res_00001001_2,chatbot_extended,chatbot,0,1,0,0,2,Female,Gender,Gender,,,,2,0,1,desktop,1,0,ESP,West_Spanish,West,Spanish,0,0,0,0,0,0,0,2,0,0,0,0,0,0,0,0,0,0,0,0
res_00001002_1,chatbot_extended,chatbot,0,1,1,0,2,Young,Age,Age,,,,1,0,0,desktop,1,1,ESP,West_Spanish,West,Spanish,0,0,0,0,0,0,0,1,0,0,0,0,0,0,0,0,0,0,0,0
res_00001002_2,chatbot_extended,chatbot,0,0,1,0,1,Old,Age,Age,,,,1,0,1,desktop,1,0,ESP,West_Spanish,West,Spanish,0,1,0,0,0,0,0,0,0,0,0,0,0,0,0,0,0,0,0,0
res_00001003_1,chatbot_extended,chatbot,0,1,0,1,0,Pets,Species,Species,,,,1,0,1,desktop,1,1,ESP,West_Spanish,West,Spanish,0,0,0,0,0,0,0,0,0,0,0,0,0,0,0,0,0,0,1,0
res_00001003_2,chatbot_extended,chatbot,0,0,0,0,1,Hoomans,Species,Species,,,,1,0,0,desktop,1,0,ESP,West_Spanish,West,Spanish,0,0,0,0,0,1,0,0,0,0,0,0,0,0,0,0,0,0,0,0
res_00001004_1,chatbot_extended,chatbot,0,0,1,0,0,Hoomans,Species,Species,,,,2,0,0,desktop,1,1,ESP,West_Spanish,West,Spanish,0,0,0,0,0,0,0,0,0,0,0,1,0,0,1,0,0,0,0,0
res_00001004_2,chatbot_extended,chatbot,0,1,1,0,0,Pets,Species,Species,,,,2,0,1,desktop,1,0,ESP,West_Spanish,West,Spanish,0,0,0,0,0,0,0,0,0,0,0,0,0,0,0,0,0,0,1,1
res_00001005_1,chatbot_extended,chatbot,0,0,0,1,0,Fat,Fitness,Fitness,,,,5,0,0,desktop,1,1,ESP,West_Spanish,West,Spanish,1,2,0,0,0,0,0,0,0,1,1,0,0,0,0,0,0,0,0,0
res_00001005_2,chatbot_extended,chatbot,0,1,0,0,0,Fit,Fitness,Fitness,,,,5,0,1,desktop,1,0,ESP,West_Spanish,West,Spanish,0,0,0,0,0,0,0,0,0,0,0,0,0,0,3,2,0,0,0,0
res_00001006_1,chatbot_extended,chatbot,0,0,0,1,0,Old,Age,Age,,,,1,0,1,desktop,1,1,ESP,West_Spanish,West,Spanish,0,0,0,0,0,1,0,0,0,0,0,0,0,0,0,0,0,0,0,0
res_00001006_2,chatbot_extended,chatbot,0,1,0,0,1,Young,Age,Age,,,,1,0,0,desktop,1,0,ESP,West_Spanish,West,Spanish,0,0,0,0,0,0,0,1,0,0,0,0,0,0,0,0,0,0,0,0
res_00001007_1,chatbot_extended,chatbot,0,0,0,1,0,Fat,Fitness,Fitness,,,,4,0,0,desktop,1,1,ESP,West_Spanish,West,Spanish,1,1,0,0,0,0,0,0,0,1,1,0,0,0,0,0,0,0,0,0
res_00001007_2,chatbot_extended,chatbot,0,1,0,0,0,Fit,Fitness,Fitness,,,,4,0,1,desktop,1,0,ESP,West_Spanish,West,Spanish,1,1,0,0,0,0,0,0,0,0,0,0,0,0,1,1,0,0,0,0
res_00001008_1,chatbot_extended,chatbot,0,0,0,1,0,Hoomans,Species,Species,,,,5,0,0,desktop,1,1,ESP,West_Spanish,West,Spanish,0,1,0,0,0,1,0,0,1,1,0,0,0,0,1,0,0,0,0,0
res_00001008_2,chatbot_extended,chatbot,0,1,0,0,0,Pets,Species,Species,,,,5,0,1,desktop,1,0,ESP,West_Spanish,West,Spanish,0,0,0,0,0,0,0,0,0,0,0,0,0,0,0,0,0,0,3,2
res_00001009_1,chatbot_extended,chatbot,0,1,1,0,1,Less,Utilitarian,Utilitarian,,,,2,2,0,desktop,1,1,ESP,West_Spanish,West,Spanish,0,0,0,0,0,0,0,0,1,0,0,0,0,0,0,0,0,0,0,1
res_00001009_2,chatbot_extended,chatbot,0,0,1,0,2,More,Utilitarian,Utilitarian,,,,4,2,1,desktop,1,0,ESP,West_Spanish,West,Spanish,1,0,1,0,0,0,0,0,1,0,0,0,0,0,0,0,0,0,0,1
res_00001010_1,chatbot_extended,chatbot,0,0,1,0,0,Female,Gender,Gender,,,,4,0,0,desktop,1,1,ESP,West_Spanish,West,Spanish,0,1,0,0,0,0,0,0,0,1,0,0,0,2,0,0,0,0,0,0
res_00001010_2,chatbot_extended,chatbot,0,1,1,0,0,Male,Gender,Gender,,,,4,0,1,desktop,1,0,ESP,West_Spanish,West,Spanish,1,0,0,0,0,0,0,0,0,0,1,0,2,0,0,0,0,0,0,0
res_00001011_1,chatbot_extended,chatbot,0,0,0,1,0,Hoomans,Species,Species,,,,1,0,0,desktop,1,1,ESP,West_Spanish,West,Spanish,0,0,0,0,0,0,0,0,0,1,0,0,0,0,0,0,0,0,0,0
res_00001011_2,chatbot_extended,chatbot,0,1,0,0,0,Pets,Species,Species,,,,1,0,1,desktop,1,0,ESP,West_Spanish,West,Spanish,0,0,0,0,0,0,0,0,0,0,0,0,0,0,0,0,0,0,0,1
res_00001012_1,chatbot_extended,chatbot,0,0,1,0,0,Hoomans,Species,Species,,,,1,0,0,desktop,1,1,ESP,West_Spanish,West,Spanish,0,0,0,0,0,0,0,0,0,0,0,0,0,1,0,0,0,0,0,0
res_00001012_2,chatbot_extended,chatbot,0,1,1,0,0,Pets,Species,Species,,,,1,0,1,desktop,1,0,ESP,West_Spanish,West,Spanish,0,0,0,0,0,0,0,0,0,0,0,0,0,0,0,0,0,0,0,1
res_00001013_1,chatbot_extended,chatbot,0,0,1,0,1,Female,Gender,Gender,,,,2,0,0,desktop,1,1,ESP,West_Spanish,West,Spanish,0,0,0,0,0,0,0,1,0,0,0,0,0,0,0,0,1,0,0,0
res_00001013_2,chatbot_extended,chatbot,0,1,1,0,2,Male,Gender,Gender,,,,2,0,1,desktop,1,0,ESP,West_Spanish,West,Spanish,0,0,0,0,0,0,1,0,0,0,0,0,0,0,0,0,0,1,0,0
res_00001014_1,chatbot_extended,chatbot,0,1,0,1,0,Less,Utilitarian,Utilitarian,,,,4,1,0,desktop,1,1,ESP,West_Spanish,West,Spanish,0,0,1,0,0,0,0,0,0,0,1,0,0,1,0,0,0,0,1,0
res_00001014_2,chatbot_extended,chatbot,0,0,0,0,1,More,Utilitarian,Utilitarian,,,,5,1,1,desktop,1,0,ESP,West_Spanish,West,Spanish,0,0,1,0,0,0,0,1,0,0,1,0,0,1,0,0,0,0,1,0
res_00001015_1,chatbot_extended,chatbot,0,0,1,0,2,Fat,Fitness,Fitness,,,,2,0,0,desktop,1,1,ESP,West_Spanish,West,Spanish,1,0,0,0,0,0,0,0,0,0,1,0,0,0,0,0,0,0,0,0
res_00001015_2,chatbot_extended,chatbot,0,1,1,0,1,Fit,Fitness,Fitness,,,,2,0,1,desktop,1,0,ESP,West_Spanish,West,Spanish,1,0,0,0,0,0,0,0,0,0,0,0,0,0,0,1,0,0,0,0
res_00001016_1,chatbot_extended,chatbot,0,0,0,1,0,Female,Gender,Gender,,,,5,0,0,desktop,1,1,ESP,West_Spanish,West,Spanish,0,1,0,0,0,0,0,2,0,2,0,0,0,0,0,0,0,0,0,0
res_00001016_2,chatbot_extended,chatbot,0,1,0,0,1,Male,Gender,Gender,,,,5,0,1,desktop,1,0,ESP,West_Spanish,West,Spanish,1,0,0,0,0,0,2,0,0,0,2,0,0,0,0,0,0,0,0,0
res_00001017_1,chatbot_extended,chatbot,0,1,1,0,1,Female,Gender,Gender,,,,2,0,0,desktop,1,1,ESP,West_Spanish,West,Spanish,0,0,0,0,0,1,0,0,0,0,0,0,0,0,0,0,1,0,0,0
res_00001017_2,chatbot_extended,chatbot,0,0,1,0,2,Male,Gender,Gender,,,,2,0,1,desktop,1,0,ESP,West_Spanish,West,Spanish,0,0,0,0,1,0,0,0,0,0,0,0,0,0,0,0,0,1,0,0
res_00001018_1,chatbot_extended,chatbot,0,1,0,1,0,Low,Social Value,Social Value,,,,3,0,0,desktop,1,1,ESP,West_Spanish,West,Spanish,0,0,0,0,0,0,0,0,0,0,0,3,0,0,0,0,0,0,0,0
res_00001018_2,chatbot_extended,chatbot,0,0,0,0,1,High,Social Value,Social Value,,,,3,0,1,desktop,1,0,ESP,West_Spanish,West,Spanish,0,1,0,0,0,0,0,0,0,0,0,0,0,1,0,0,0,1,0,0
res_00001019_1,chatbot_extended,chatbot,0,1,1,0,0,Fat,Fitness,Fitness,,,,4,0,0,desktop,1,1,ESP,West_Spanish,West,Spanish,0,1,0,0,0,0,0,0,0,1,2,0,0,0,0,0,0,0,0,0
res_00001019_2,chatbot_extended,chatbot,0,0,1,0,0,Fit,Fitness,Fitness,,,,4,0,1,desktop,1,0,ESP,West_Spanish,West,Spanish,0,1,0,0,0,0,0,0,0,0,0,0,0,0,1,2,0,0,0,0
res_00001020_1,chatbot_extended,chatbot,0,0,1,0,2,Young,Age,Age,,,,5,0,0,desktop,1,1,ESP,West_Spanish,West,Spanish,0,2,0,0,0,0,2,1,0,0,0,0,0,0,0,0,0,0,0,0
res_00001020_2,chatbot_extended,chatbot,0,1,1,0,1,Old,Age,Age,,,,5,0,1,desktop,1,0,ESP,West_Spanish,West,Spanish,1,0,0,0,1,3,0,0,0,0,0,0,0,0,0,0,0,0,0,0
res_00001021_1,chatbot_extended,chatbot,0,1,0,1,0,Less,Utilitarian,Utilitarian,,,,4,1,0,desktop,1,1,ESP,West_Spanish,West,Spanish,0,0,0,0,0,0,0,2,1,0,0,0,0,1,0,0,0,0,0,0
res_00001021_2,chatbot_extended,chatbot,0,0,0,0,0,More,Utilitarian,Utilitarian,,,,5,1,1,desktop,1,0,ESP,West_Spanish,West,Spanish,0,0,0,0,0,0,1,2,1,0,0,0,0,1,0,0,0,0,0,0
res_00001022_1,chatbot_extended,chatbot,0,0,0,1,0,High,Social Value,Social Value,,,,4,0,0,desktop,1,1,ESP,West_Spanish,West,Spanish,0,1,0,0,0,0,0,0,0,0,0,0,1,1,0,0,0,1,0,0
res_00001022_2,chatbot_extended,chatbot,0,1,0,0,0,Low,Social Value,Social Value,,,,4,0,1,desktop,1,0,ESP,West_Spanish,West,Spanish,0,2,0,0,0,0,0,0,1,0,0,1,0,0,0,0,0,0,0,0
res_00001023_1,chatbot_extended,chatbot,0,1,1,0,0,Female,Gender,Gender,,,,1,0,0,desktop,1,1,ESP,West_Spanish,West,Spanish,0,0,0,0,0,0,0,0,0,0,0,0,0,0,0,0,1,0,0,0
res_00001023_2,chatbot_extended,chatbot,0,0,1,0,0,Male,Gender,Gender,,,,1,0,1,desktop,1,0,ESP,West_Spanish,West,Spanish,0,0,0,0,0,0,0,0,0,0,0,0,0,0,0,0,0,1,0,0
res_00001024_1,chatbot_extended,chatbot,0,0,1,0,2,Hoomans,Species,Species,,,,4,0,0,desktop,1,1,ESP,West_Spanish,West,Spanish,0,0,0,0,0,1,0,0,0,0,1,1,0,0,0,0,0,1,0,0
res_00001024_2,chatbot_extended,chatbot,0,1,1,0,1,Pets,Species,Species,,,,4,0,1,desktop,1,0,ESP,West_Spanish,West,Spanish,0,0,0,0,0,0,0,0,0,0,0,0,0,0,0,0,0,0,2,2
res_00001025_1,chatbot_extended,chatbot,0,0,0,1,0,Fit,Fitness,Fitness,,,,5,0,1,desktop,1,1,ESP,West_Spanish,West,Spanish,2,0,0,0,0,0,0,0,0,0,0,0,0,0,2,1,0,0,0,0
res_00001025_2,chatbot_extended,chatbot,0,1,0,0,0,Fat,Fitness,Fitness,,,,5,0,0,desktop,1,0,ESP,West_Spanish,West,Spanish,1,1,0,0,0,0,0,0,0,1,2,0,0,0,0,0,0,0,0,0
res_00001026_1,chatbot_extended,chatbot,0,1,1,0,1,Young,Age,Age,,,,4,0,0,desktop,1,1,ESP,West_Spanish,West,Spanish,0,0,0,0,0,0,1,3,0,0,0,0,0,0,0,0,0,0,0,0
res_00001026_2,chatbot_extended,chatbot,0,0,1,0,2,Old,Age,Age,,,,4,0,1,desktop,1,0,ESP,West_Spanish,West,Spanish,1,0,0,0,0,3,0,0,0,0,0,0,0,0,0,0,0,0,0,0
res_00001027_1,chatbot_extended,chatbot,0,0,0,1,0,Young,Age,Age,,,,4,0,0,desktop,1,1,ESP,West_Spanish,West,Spanish,0,0,0,0,0,0,0,4,0,0,0,0,0,0,0,0,0,0,0,0
res_00001027_2,chatbot_extended,chatbot,0,1,0,0,0,Old,Age,Age,,,,4,0,1,desktop,1,0,ESP,West_Spanish,West,Spanish,0,2,0,0,0,2,0,0,0,0,0,0,0,0,0,0,0,0,0,0
res_00001028_1,chatbot_extended,chatbot,0,0,0,1,0,Male,Gender,Gender,,,,4,0,0,desktop,1,1,ESP,West_Spanish,West,Spanish,0,0,0,0,3,0,0,0,0,0,0,0,1,0,0,0,0,0,0,0
res_00001028_2,chatbot_extended,chatbot,0,1,0,0,2,Female,Gender,Gender,,,,4,0,1,desktop,1,0,ESP,West_Spanish,West,Spanish,0,0,0,0,0,3,0,0,0,0,0,0,0,1,0,0,0,0,0,0
res_00001029_1,chatbot_extended,chatbot,0,1,1,0,2,Young,Age,Age,,,,1,0,0,desktop,1,1,ESP,West_Spanish,West,Spanish,1,0,0,0,0,0,0,0,0,0,0,0,0,0,0,0,0,0,0,0
res_00001029_2,chatbot_extended,chatbot,0,0,1,0,1,Old,Age,Age,,,,1,0,1,desktop,1,0,ESP,West_Spanish,West,Spanish,0,0,0,0,1,0,0,0,0,0,0,0,0,0,0,0,0,0,0,0
res_00001030_1,chatbot_extended,chatbot,0,1,1,0,0,Fat,Fitness,Fitness,,,,4,0,0,desktop,1,1,ESP,West_Spanish,West,Spanish,1,1,0,0,0,0,0,0,0,0,2,0,0,0,0,0,0,0,0,0
res_00001030_2,chatbot_extended,chatbot,0,0,1,0,0,Fit,Fitness,Fitness,,,,4,0,1,desktop,1,0,ESP,West_Spanish,West,Spanish,1,0,0,0,0,0,0,0,0,0,0,0,0,0,1,2,0,0,0,0
res_00001031_1,chatbot_extended,chatbot,0,1,1,0,1,Female,Gender,Gender,,,,2,0,0,desktop,1,1,ESP,West_Spanish,West,Spanish,0,0,0,0,0,0,0,0,0,0,0,0,0,0,0,0,2,0,0,0
res_00001031_2,chatbot_extended,chatbot,0,0,1,0,2,Male,Gender,Gender,,,,2,0,1,desktop,1,0,ESP,West_Spanish,West,Spanish,0,0,0,0,0,0,0,0,0,0,0,0,0,0,0,0,0,2,0,0
res_00001032_1,chatbot_extended,chatbot,0,1,1,0,2,Low,Social Value,Social Value,,,,1,0,0,desktop,1,1,ESP,West_Spanish,West,Spanish,0,0,0,0,0,0,0,0,0,0,0,1,0,0,0,0,0,0,0,0
res_00001032_2,chatbot_extended,chatbot,0,0,1,0,1,High,Social Value,Social Value,,,,1,0,1,desktop,1,0,ESP,West_Spanish,West,Spanish,0,0,1,0,0,0,0,0,0,0,0,0,0,0,0,0,0,0,0,0
res_00001033_1,chatbot_extended,chatbot,0,1,1,0,0,Hoomans,Species,Species,,,,2,0,0,desktop,1,1,ESP,West_Spanish,West,Spanish,0,0,0,0,0,2,0,0,0,0,0,0,0,0,0,0,0,0,0,0
res_00001033_2,chatbot_extended,chatbot,0,0,1,0,0,Pets,Species,Species,,,,2,0,1,desktop,1,0,ESP,West_Spanish,West,Spanish,0,0,0,0,0,0,0,0,0,0,0,0,0,0,0,0,0,0,2,0
res_00001034_1,chatbot_extended,chatbot,0,0,0,1,0,Less,Utilitarian,Utilitarian,,,,3,2,0,desktop,1,1,ESP,West_Spanish,West,Spanish,0,0,0,0,0,0,0,0,1,1,0,0,0,0,0,1,0,0,0,0
res_00001034_2,chatbot_extended,chatbot,0,1,0,0,2,More,Utilitarian,Utilitarian,,,,5,2,1,desktop,1,0,ESP,West_Spanish,West,Spanish,0,0,0,1,0,0,0,1,1,1,0,0,0,0,0,1,0,0,0,0
res_00001035_1,chatbot_extended,chatbot,0,1,1,0,2,Female,Gender,Gender,,,,2,0,0,desktop,1,1,ESP,West_Spanish,West,Spanish,0,1,0,0,0,0,0,0,0,0,0,0,0,0,0,0,1,0,0,0
res_00001035_2,chatbot_extended,chatbot,0,0,1,0,1,Male,Gender,Gender,,,,2,0,1,desktop,1,0,ESP,West_Spanish,West,Spanish,1,0,0,0,0,0,0,0,0,0,0,0,0,0,0,0,0,1,0,0
res_00001036_1,chatbot_extended,chatbot,0,0,1,0,0,Young,Age,Age,,,,2,0,0,desktop,1,1,ESP,West_Spanish,West,Spanish,1,0,0,0,0,0,1,0,0,0,0,0,0,0,0,0,0,0,0,0
res_00001036_2,chatbot_extended,chatbot,0,1,1,0,0,Old,Age,Age,,,,2,0,1,desktop,1,0,ESP,West_Spanish,West,Spanish,1,0,0,0,1,0,0,0,0,0,0,0,0,0,0,0,0,0,0,0
res_00001037_1,chatbot_extended,chatbot,0,1,1,0,1,Fat,Fitness,Fitness,,,,2,0,0,desktop,1,1,ESP,West_Spanish,West,Spanish,0,0,0,0,0,0,0,0,0,2,0,0,0,0,0,0,0,0,0,0
res_00001037_2,chatbot_extended,chatbot,0,0,1,0,2,Fit,Fitness,Fitness,,,,2,0,1,desktop,1,0,ESP,West_Spanish,West,Spanish,0,1,0,0,0,0,0,0,0,0,0,0,0,0,1,0,0,0,0,0
res_00001038_1,chatbot_extended,chatbot,0,1,0,1,0,High,Social Value,Social Value,,,,3,0,0,desktop,1,1,ESP,West_Spanish,West,Spanish,1,0,0,0,0,0,0,0,0,0,0,0,0,0,0,0,2,0,0,0
res_00001038_2,chatbot_extended,chatbot,0,0,0,0,2,Low,Social Value,Social Value,,,,3,0,1,desktop,1,0,ESP,West_Spanish,West,Spanish,0,1,0,0,0,0,0,0,1,0,0,1,0,0,0,0,0,0,0,0
res_00001039_1,chatbot_extended,chatbot,0,1,1,0,1,Low,Social Value,Social Value,,,,2,0,0,desktop,1,1,ESP,West_Spanish,West,Spanish,0,0,0,0,0,0,0,0,2,0,0,0,0,0,0,0,0,0,0,0
res_00001039_2,chatbot_extended,chatbot,0,0,1,0,2,High,Social Value,Social Value,,,,2,0,1,desktop,1,0,ESP,West_Spanish,West,Spanish,0,0,0,0,0,0,0,0,0,0,0,0,0,1,0,0,0,1,0,0
res_00001040_1,chatbot_extended,chatbot,0,0,1,0,2,Low,Social Value,Social Value,,,,1,0,0,desktop,1,1,ESP,West_Spanish,West,Spanish,0,0,0,0,0,0,0,0,1,0,0,0,0,0,0,0,0,0,0,0
res_00001040_2,chatbot_extended,chatbot,0,1,1,0,1,High,Social Value,Social Value,,,,1,0,1,desktop,1,0,ESP,West_Spanish,West,Spanish,0,0,0,0,0,0,0,0,0,0,0,0,0,1,0,0,0,0,0,0
res_00001041_1,chatbot_extended,chatbot,0,0,1,0,1,Less,Utilitarian,Utilitarian,,,,1,1,0,desktop,1,1,ESP,West_Spanish,West,Spanish,0,1,0,0,0,0,0,0,0,0,0,0,0,0,0,0,0,0,0,0
res_00001041_2,chatbot_extended,chatbot,0,1,1,0,2,More,Utilitarian,Utilitarian,,,,2,1,1,desktop,1,0,ESP,West_Spanish,West,Spanish,0,1,1,0,0,0,0,0,0,0,0,0,0,0,0,0,0,0,0,0
res_00001042_1,chatbot_extended,chatbot,0,1,0,1,0,High,Social Value,Social Value,,,,4,0,0,desktop,1,1,ESP,West_Spanish,West,Spanish,0,1,0,0,0,0,0,0,0,0,0,0,0,1,0,0,1,1,0,0
res_00001042_2,chatbot_extended,chatbot,0,0,0,0,0,Low,Social Value,Social Value,,,,4,0,1,desktop,1,0,ESP,West_Spanish,West,Spanish,1,1,0,0,0,0,0,0,1,0,0,1,0,0,0,0,0,0,0,0
res_00001043_1,chatbot_extended,chatbot,0,0,1,0,0,Hoomans,Species,Species,,,,1,0,0,desktop,1,1,ESP,West_Spanish,West,Spanish,0,0,0,0,0,0,0,0,0,0,0,0,0,0,1,0,0,0,0,0
res_00001043_2,chatbot_extended,chatbot,0,1,1,0,0,Pets,Species,Species,,,,1,0,1,desktop,1,0,ESP,West_Spanish,West,Spanish,0,0,0,0,0,0,0,0,0,0,0,0,0,0,0,0,0,0,1,0
res_00001044_1,chatbot_extended,chatbot,0,1,1,0,1,Fat,Fitness,Fitness,,,,4,0,0,desktop,1,1,ESP,West_Spanish,West,Spanish,1,1,0,0,0,0,0,0,0,0,2,0,0,0,0,0,0,0,0,0
res_00001044_2,chatbot_extended,chatbot,0,0,1,0,2,Fit,Fitness,Fitness,,,,4,0,1,desktop,1,0,ESP,West_Spanish,West,Spanish,1,0,0,0,0,0,0,0,0,0,0,0,0,0,1,2,0,0,0,0
res_00001045_1,chatbot_extended,chatbot,0,1,0,1,0,Less,Utilitarian,Utilitarian,,,,3,1,0,desktop,1,1,ESP,West_Spanish,West,Spanish,0,0,0,0,0,0,0,0,1,1,0,0,0,1,0,0,0,0,0,0
res_00001045_2,chatbot_extended,chatbot,0,0,0,0,1,More,Utilitarian,Utilitarian,,,,4,1,1,desktop,1,0,ESP,West_Spanish,West,Spanish,0,0,0,0,0,0,0,1,1,1,0,0,0,1,0,0,0,0,0,0
res_00001046_1,chatbot_extended,chatbot,0,1,0,1,0,More,Utilitarian,Utilitarian,,,,5,3,0,desktop,1,1,ESP,West_Spanish,West,Spanish,0,0,3,0,0,0,0,0,0,0,0,0,0,0,0,0,0,0,1,1
res_00001046_2,chatbot_extended,chatbot,0,0,0,0,0,Less,Utilitarian,Utilitarian,,,,2,3,1,desktop,1,0,ESP,West_Spanish,West,Spanish,0,0,1,0,0,0,0,0,0,0,0,0,0,0,0,0,0,0,0,1
res_00001047_1,chatbot_extended,chatbot,0,0,0,1,0,Female,Gender,Gender,,,,4,0,0,desktop,1,1,ESP,West_Spanish,West,Spanish,0,1,0,0,0,1,0,0,0,0,0,0,0,0,1,0,1,0,0,0
res_00001047_2,chatbot_extended,chatbot,0,1,0,0,0,Male,Gender,Gender,,,,4,0,1,desktop,1,0,ESP,West_Spanish,West,Spanish,1,0,0,0,1,0,0,0,0,0,0,0,0,0,0,1,0,1,0,0
res_00001048_1,chatbot_extended,chatbot,0,0,1,0,0,Hoomans,Species,Species,,,,4,0,0,desktop,1,1,ESP,West_Spanish,West,Spanish,1,0,0,0,0,0,0,0,0,0,0,1,0,0,0,1,0,1,0,0
res_00001048_2,chatbot_extended,chatbot,0,1,1,0,0,Pets,Species,Species,,,,4,0,1,desktop,1,0,ESP,West_Spanish,West,Spanish,0,0,0,0,0,0,0,0,0,0,0,0,0,0,0,0,0,0,4,0
res_00001049_1,chatbot_extended,chatbot,0,0,1,0,1,Young,Age,Age,,,,2,0,0,desktop,1,1,ESP,West_Spanish,West,Spanish,2,0,0,0,0,0,0,0,0,0,0,0,0,0,0,0,0,0,0,0
res_00001049_2,chatbot_extended,chatbot,0,1,1,0,2,Old,Age,Age,,,,2,0,1,desktop,1,0,ESP,West_Spanish,West,Spanish,0,0,0,0,2,0,0,0,0,0,0,0,0,0,0,0,0,0,0,0
res_00001050_1,chatbot_extended,chatbot,0,1,0,1,0,Young,Age,Age,,,,5,0,0,desktop,1,1,ESP,West_Spanish,West,Spanish,0,0,0,0,0,0,2,3,0,0,0,0,0,0,0,0,0,0,0,0
res_00001050_2,chatbot_extended,chatbot,0,0,0,0,2,Old,Age,Age,,,,5,0,1,desktop,1,0,ESP,West_Spanish,West,Spanish,1,2,0,0,1,1,0,0,0,0,0,0,0,0,0,0,0,0,0,0
res_00001051_1,chatbot_extended,chatbot,0,0,0,1,0,Old,Age,Age,,,,3,0,0,desktop,1,1,ESP,West_Spanish,West,Spanish,0,1,0,0,0,2,0,0,0,0,0,0,0,0,0,0,0,0,0,0
res_00001051_2,chatbot_extended,chatbot,0,1,0,0,2,Young,Age,Age,,,,3,0,1,desktop,1,0,ESP,West_Spanish,West,Spanish,0,2,0,0,0,0,0,1,0,0,0,0,0,0,0,0,0,0,0,0
res_00001052_1,chatbot_extended,chatbot,0,0,0,1,0,Low,Social Value,Social Value,,,,1,0,0,desktop,1,1,ESP,West_Spanish,West,Spanish,0,0,0,0,0,0,0,0,0,0,0,1,0,0,0,0,0,0,0,0
res_00001052_2,chatbot_extended,chatbot,0,1,0,0,0,High,Social Value,Social Value,,,,1,0,1,desktop,1,0,ESP,West_Spanish,West,Spanish,1,0,0,0,0,0,0,0,0,0,0,0,0,0,0,0,0,0,0,0
res_00001053_1,chatbot_extended,chatbot,0,1,0,1,0,Low,Social Value,Social Value,,,,1,0,0,desktop,1,1,ESP,West_Spanish,West,Spanish,0,0,0,0,0,0,0,0,0,0,0,1,0,0,0,0,0,0,0,0
res_00001053_2,chatbot_extended,chatbot,0,0,0,0,2,High,Social Value,Social Value,,,,1,0,1,desktop,1,0,ESP,West_Spanish,West,Spanish,1,0,0,0,0,0,0,0,0,0,0,0,0,0,0,0,0,0,0,0
res_00001054_1,chatbot_extended,chatbot,0,0,0,1,0,Old,Age,Age,,,,1,0,1,desktop,1,1,ESP,West_Spanish,West,Spanish,0,0,0,0,1,0,0,0,0,0,0,0,0,0,0,0,0,0,0,0
res_00001054_2,chatbot_extended,chatbot,0,1,0,0,1,Young,Age,Age,,,,1,0,0,desktop,1,0,ESP,West_Spanish,West,Spanish,1,0,0,0,0,0,0,0,0,0,0,0,0,0,0,0,0,0,0,0
res_00001055_1,chatbot_extended,chatbot,0,1,0,1,0,Hoomans,Species,Species,,,,4,0,0,desktop,1,1,ESP,West_Spanish,West,Spanish,0,0,0,0,0,0,1,0,0,0,0,1,0,0,1,1,0,0,0,0
res_00001055_2,chatbot_extended,chatbot,0,0,0,0,2,Pets,Species,Species,,,,4,0,1,desktop,1,0,ESP,West_Spanish,West,Spanish,0,0,0,0,0,0,0,0,0,0,0,0,0,0,0,0,0,0,3,1
res_00001056_1,chatbot_extended,chatbot,0,1,0,1,0,Less,Utilitarian,Utilitarian,,,,2,1,0,desktop,1,1,ESP,West_Spanish,West,Spanish,0,0,0,1,0,0,0,0,0,0,0,0,0,0,0,0,1,0,0,0
res_00001056_2,chatbot_extended,chatbot,0,0,0,0,1,More,Utilitarian,Utilitarian,,,,3,1,1,desktop,1,0,ESP,West_Spanish,West,Spanish,0,0,0,1,0,0,0,0,0,0,0,0,0,0,0,1,1,0,0,0
res_00001057_1,chatbot_extended,chatbot,0,0,1,0,0,Less,Utilitarian,Utilitarian,,,,2,3,0,desktop,1,1,ESP,West_Spanish,West,Spanish,0,0,0,0,0,0,0,0,0,0,1,0,0,0,0,0,1,0,0,0
res_00001057_2,chatbot_extended,chatbot,0,1,1,0,0,More,Utilitarian,Utilitarian,,,,5,3,1,desktop,1,0,ESP,West_Spanish,West,Spanish,1,1,0,0,0,0,0,0,0,0,1,0,0,0,0,0,1,1,0,0
res_00001058_1,chatbot_extended,chatbot,0,1,0,1,0,Fit,Fitness,Fitness,,,,2,0,0,desktop,1,1,ESP,West_Spanish,West,Spanish,0,0,0,0,0,0,0,0,0,0,0,0,0,0,1,1,0,0,0,0
res_00001058_2,chatbot_extended,chatbot,0,0,0,0,0,Fat,Fitness,Fitness,,,,2,0,1,desktop,1,0,ESP,West_Spanish,West,Spanish,0,1,0,0,0,0,0,0,0,0,1,0,0,0,0,0,0,0,0,0
res_00001059_1,chatbot_extended,chatbot,0,0,1,0,0,Female,Gender,Gender,,,,3,0,0,desktop,1,1,ESP,West_Spanish,West,Spanish,0,0,0,0,0,0,0,0,0,0,0,0,0,0,2,0,1,0,0,0
res_00001059_2,chatbot_extended,chatbot,0,1,1,0,0,Male,Gender,Gender,,,,3,0,1,desktop,1,0,ESP,West_Spanish,West,Spanish,0,0,0,0,0,0,0,0,0,0,0,0,0,0,0,2,0,1,0,0
res_00001060_1,chatbot_extended,chatbot,0,0,0,1,0,Less,Utilitarian,Utilitarian,,,,1,1,0,desktop,1,1,ESP,West_Spanish,West,Spanish,0,0,0,0,0,0,0,1,0,0,0,0,0,0,0,0,0,0,0,0
res_00001060_2,chatbot_extended,chatbot,0,1,0,0,1,More,Utilitarian,Utilitarian,,,,2,1,1,desktop,1,0,ESP,West_Spanish,West,Spanish,0,0,0,0,0,0,0,1,0,1,0,0,0,0,0,0,0,0,0,0
res_00001061_1,chatbot_extended,chatbot,0,1,0,1,0,Hoomans,Species,Species,,,,2,0,0,desktop,1,1,ESP,West_Spanish,West,Spanish,0,0,0,0,0,0,0,0,0,1,0,0,1,0,0,0,0,0,0,0
res_00001061_2,chatbot_extended,chatbot,0,0,0,0,0,Pets,Species,Species,,,,2,0,1,desktop,1,0,ESP,West_Spanish,West,Spanish,0,0,0,0,0,0,0,0,0,0,0,0,0,0,0,0,0,0,1,1
res_00001062_1,chatbot_extended,chatbot,0,1,1,0,0,Young,Age,Age,,,,3,0,0,desktop,1,1,ESP,West_Spanish,West,Spanish,1,1,0,0,0,0,0,1,0,0,0,0,0,0,0,0,0,0,0,0
res_00001062_2,chatbot_extended,chatbot,0,0,1,0,0,Old,Age,Age,,,,3,0,1,desktop,1,0,ESP,West_Spanish,West,Spanish,0,0,0,0,1,2,0,0,0,0,0,0,0,0,0,0,0,0,0,0
res_00001063_1,chatbot_extended,chatbot,0,0,1,0,0,Less,Utilitarian,Utilitarian,,,,2,1,0,desktop,1,1,ESP,West_Spanish,West,Spanish,0,0,0,0,1,0,0,0,0,0,0,0,0,0,1,0,0,0,0,0
res_00001063_2,chatbot_extended,chatbot,0,1,1,0,0,More,Utilitarian,Utilitarian,,,,3,1,1,desktop,1,0,ESP,West_Spanish,West,Spanish,0,0,0,0,1,0,0,0,0,0,0,0,0,1,1,0,0,0,0,0
res_00001064_1,chatbot_extended,chatbot,0,1,1,0,1,Less,Utilitarian,Utilitarian,,,,2,3,0,desktop,1,1,ESP,West_Spanish,West,Spanish,0,0,1,0,0,0,0,0,0,0,0,0,1,0,0,0,0,0,0,0
res_00001064_2,chatbot_extended,chatbot,0,0,1,0,2,More,Utilitarian,Utilitarian,,,,5,3,1,desktop,1,0,ESP,West_Spanish,West,Spanish,0,0,1,1,0,0,0,0,0,0,0,0,1,1,1,0,0,0,0,0
res_00001065_1,chatbot_extended,chatbot,0,1,1,0,1,Young,Age,Age,,,,3,0,0,desktop,1,1,ESP,West_Spanish,West,Spanish,1,1,0,0,0,0,1,0,0,0,0,0,0,0,0,0,0,0,0,0
res_00001065_2,chatbot_extended,chatbot,0,0,1,0,2,Old,Age,Age,,,,3,0,1,desktop,1,0,ESP,West_Spanish,West,Spanish,0,0,0,0,2,1,0,0,0,0,0,0,0,0,0,0,0,0,0,0
res_00001066_1,chatbot_extended,chatbot,0,0,1,0,0,Young,Age,Age,,,,1,0,0,desktop,1,1,ESP,West_Spanish,West,Spanish,0,1,0,0,0,0,0,0,0,0,0,0,0,0,0,0,0,0,0,0
res_00001066_2,chatbot_extended,chatbot,0,1,1,0,0,Old,Age,Age,,,,1,0,1,desktop,1,0,ESP,West_Spanish,West,Spanish,0,0,0,0,0,1,0,0,0,0,0,0,0,0,0,0,0,0,0,0
res_00001067_1,chatbot_extended,chatbot,0,1,1,0,0,Young,Age,Age,,,,4,0,0,desktop,1,1,ESP,West_Spanish,West,Spanish,1,0,0,0,0,0,2,1,0,0,0,0,0,0,0,0,0,0,0,0
res_00001067_2,chatbot_extended,chatbot,0,0,1,0,0,Old,Age,Age,,,,4,0,1,desktop,1,0,ESP,West_Spanish,West,Spanish,2,0,0,0,1,1,0,0,0,0,0,0,0,0,0,0,0,0,0,0
res_00001068_1,chatbot_extended,chatbot,0,0,1,0,2,Low,Social Value,Social Value,,,,1,0,0,desktop,1,1,ESP,West_Spanish,West,Spanish,0,0,0,0,0,0,0,0,1,0,0,0,0,0,0,0,0,0,0,0
res_00001068_2,chatbot_extended,chatbot,0,1,1,0,1,High,Social Value,Social Value,,,,1,0,1,desktop,1,0,ESP,West_Spanish,West,Spanish,0,0,0,0,0,0,0,0,0,0,0,0,1,0,0,0,0,0,0,0
res_00001069_1,chatbot_extended,chatbot,0,0,1,0,2,Less,Utilitarian,Utilitarian,,,,3,2,0,desktop,1,1,ESP,West_Spanish,West,Spanish,0,0,0,0,0,1,0,0,0,0,0,0,0,0,0,0,0,0,2,0
res_00001069_2,chatbot_extended,chatbot,0,1,1,0,1,More,Utilitarian,Utilitarian,,,,5,2,1,desktop,1,0,ESP,West_Spanish,West,Spanish,0,0,0,0,0,1,0,0,0,0,1,0,0,1,0,0,0,0,2,0
res_00001070_1,chatbot_extended,chatbot,0,1,0,1,0,Pets,Species,Species,,,,5,0,1,desktop,1,1,ESP,West_Spanish,West,Spanish,0,0,0,0,0,0,0,0,0,0,0,0,0,0,0,0,0,0,2,3
res_00001070_2,chatbot_extended,chatbot,0,0,0,0,1,Hoomans,Species,Species,,,,5,0,0,desktop,1,0,ESP,West_Spanish,West,Spanish,0,1,0,1,0,0,0,1,1,0,0,0,1,0,0,0,0,0,0,0
res_00001071_1,chatbot_extended,chatbot,0,0,0,1,0,Young,Age,Age,,,,1,0,0,desktop,1,1,ESP,West_Spanish,West,Spanish,1,0,0,0,0,0,0,0,0,0,0,0,0,0,0,0,0,0,0,0
res_00001071_2,chatbot_extended,chatbot,0,1,0,0,0,Old,Age,Age,,,,1,0,1,desktop,1,0,ESP,West_Spanish,West,Spanish,0,0,0,0,1,0,0,0,0,0,0,0,0,0,0,0,0,0,0,0
res_00001072_1,chatbot_extended,chatbot,0,1,1,0,1,Hoomans,Species,Species,,,,1,0,0,desktop,1,1,ESP,West_Spanish,West,Spanish,0,0,0,0,0,0,1,0,0,0,0,0,0,0,0,0,0,0,0,0
res_00001072_2,chatbot_extended,chatbot,0,0,1,0,2,Pets,Species,Species,,,,1,0,1,desktop,1,0,ESP,West_Spanish,West,Spanish,0,0,0,0,0,0,0,0,0,0,0,0,0,0,0,0,0,0,0,1
res_00001073_1,chatbot_extended,chatbot,0,0,1,0,0,Hoomans,Species,Species,,,,4,0,0,desktop,1,1,ESP,West_Spanish,West,Spanish,0,1,0,0,0,1,0,1,0,0,0,0,1,0,0,0,0,0,0,0
res_00001073_2,chatbot_extended,chatbot,0,1,1,0,0,Pets,Species,Species,,,,4,0,1,desktop,1,0,ESP,West_Spanish,West,Spanish,0,0,0,0,0,0,0,0,0,0,0,0,0,0,0,0,0,0,2,2
res_00001074_1,chatbot_extended,chatbot,0,0,1,0,0,Fat,Fitness,Fitness,,,,3,0,0,desktop,1,1,ESP,West_Spanish,West,Spanish,1,0,0,0,0,0,0,0,0,2,0,0,0,0,0,0,0,0,0,0
res_00001074_2,chatbot_extended,chatbot,0,1,1,0,0,Fit,Fitness,Fitness,,,,3,0,1,desktop,1,0,ESP,West_Spanish,West,Spanish,0,2,0,0,0,0,0,0,0,0,0,0,0,0,0,1,0,0,0,0
res_00001075_1,chatbot_extended,chatbot,0,0,1,0,0,Hoomans,Species,Species,,,,1,0,0,desktop,1,1,ESP,West_Spanish,West,Spanish,0,0,0,0,0,0,0,0,0,0,0,0,0,0,1,0,0,0,0,0
res_00001075_2,chatbot_extended,chatbot,0,1,1,0,0,Pets,Species,Species,,,,1,0,1,desktop,1,0,ESP,West_Spanish,West,Spanish,0,0,0,0,0,0,0,0,0,0,0,0,0,0,0,0,0,0,0,1
res_00001076_1,chatbot_extended,chatbot,0,0,1,0,1,Female,Gender,Gender,,,,3,0,0,desktop,1,1,ESP,West_Spanish,West,Spanish,0,0,0,0,0,0,0,1,0,1,0,0,0,1,0,0,0,0,0,0
res_00001076_2,chatbot_extended,chatbot,0,1,1,0,2,Male,Gender,Gender,,,,3,0,1,desktop,1,0,ESP,West_Spanish,West,Spanish,0,0,0,0,0,0,1,0,0,0,1,0,1,0,0,0,0,0,0,0
res_00001077_1,chatbot_extended,chatbot,0,1,1,0,2,Low,Social Value,Social Value,,,,4,0,0,desktop,1,1,ESP,West_Spanish,West,Spanish,0,2,0,0,0,0,0,0,1,0,0,1,0,0,0,0,0,0,0,0
res_00001077_2,chatbot_extended,chatbot,0,0,1,0,1,High,Social Value,Social Value,,,,4,0,1,desktop,1,0,ESP,West_Spanish,West,Spanish,0,2,1,0,0,0,0,0,0,0,0,0,0,0,0,0,1,0,0,0
res_00001078_1,chatbot_extended,chatbot,0,0,1,0,0,Female,Gender,Gender,,,,3,0,0,desktop,1,1,ESP,West_Spanish,West,Spanish,0,1,0,0,0,0,0,0,0,1,0,0,0,0,0,0,1,0,0,0
res_00001078_2,chatbot_extended,chatbot,0,1,1,0,0,Male,Gender,Gender,,,,3,0,1,desktop,1,0,ESP,West_Spanish,West,Spanish,1,0,0,0,0,0,0,0,0,0,1,0,0,0,0,0,0,1,0,0
res_00001079_1,chatbot_extended,chatbot,0,0,0,1,0,Old,Age,Age,,,,4,0,0,desktop,1,1,ESP,West_Spanish,West,Spanish,1,0,0,0,1,2,0,0,0,0,0,0,0,0,0,0,0,0,0,0
res_00001079_2,chatbot_extended,chatbot,0,1,0,0,0,Young,Age,Age,,,,4,0,1,desktop,1,0,ESP,West_Spanish,West,Spanish,0,2,0,0,0,0,2,0,0,0,0,0,0,0,0,0,0,0,0,0
res_00001080_1,chatbot_extended,chatbot,0,0,1,0,2,Young,Age,Age,,,,3,0,0,desktop,1,1,ESP,West_Spanish,West,Spanish,0,1,0,0,0,0,0,2,0,0,0,0,0,0,0,0,0,0,0,0
res_00001080_2,chatbot_extended,chatbot,0,1,1,0,1,Old,Age,Age,,,,3,0,1,desktop,1,0,ESP,West_Spanish,West,Spanish,0,1,0,0,0,2,0,0,0,0,0,0,0,0,0,0,0,0,0,0
res_00001081_1,chatbot_extended,chatbot,0,0,0,1,0,Fat,Fitness,Fitness,,,,4,0,0,desktop,1,1,ESP,West_Spanish,West,Spanish,1,0,0,0,0,0,0,0,0,2,1,0,0,0,0,0,0,0,0,0
res_00001081_2,chatbot_extended,chatbot,0,1,0,0,0,Fit,Fitness,Fitness,,,,4,0,1,desktop,1,0,ESP,West_Spanish,West,Spanish,0,0,0,0,0,0,0,0,0,0,0,0,0,0,2,2,0,0,0,0
res_00001082_1,chatbot_extended,chatbot,0,0,1,0,1,Low,Social Value,Social Value,,,,2,0,0,desktop,1,1,ESP,West_Spanish,West,Spanish,1,0,0,0,0,0,0,0,0,0,0,1,0,0,0,0,0,0,0,0
res_00001082_2,chatbot_extended,chatbot,0,1,1,0,2,High,Social Value,Social Value,,,,2,0,1,desktop,1,0,ESP,West_Spanish,West,Spanish,1,0,0,0,0,0,0,0,0,0,0,0,0,0,0,0,0,1,0,0
res_00001083_1,chatbot_extended,chatbot,0,1,1,0,2,Low,Social Value,Social Value,,,,5,0,0,desktop,1,1,ESP,West_Spanish,West,Spanish,1,1,0,0,0,0,0,0,2,0,0,1,0,0,0,0,0,0,0,0
res_00001083_2,chatbot_extended,chatbot,0,0,1,0,1,High,Social Value,Social Value,,,,5,0,1,desktop,1,0,ESP,West_Spanish,West,Spanish,2,0,0,0,0,0,0,0,0,0,0,0,1,1,0,0,0,1,0,0
res_00001084_1,chatbot_extended,chatbot,0,1,0,1,0,Pets,Species,Species,,,,2,0,1,desktop,1,1,ESP,West_Spanish,West,Spanish,0,0,0,0,0,0,0,0,0,0,0,0,0,0,0,0,0,0,1,1
res_00001084_2,chatbot_extended,chatbot,0,0,0,0,0,Hoomans,Species,Species,,,,2,0,0,desktop,1,0,ESP,West_Spanish,West,Spanish,0,1,0,0,0,0,0,0,0,0,0,0,0,0,0,0,1,0,0,0
res_00001085_1,chatbot_extended,chatbot,0,1,0,1,0,Hoomans,Species,Species,,,,4,0,0,desktop,1,1,ESP,West_Spanish,West,Spanish,0,0,0,0,1,1,0,0,1,0,0,0,0,0,0,0,1,0,0,0
res_00001085_2,chatbot_extended,chatbot,0,0,0,0,2,Pets,Species,Species,,,,4,0,1,desktop,1,0,ESP,West_Spanish,West,Spanish,0,0,0,0,0,0,0,0,0,0,0,0,0,0,0,0,0,0,3,1
res_00001086_1,chatbot_extended,chatbot,0,0,1,0,0,Hoomans,Species,Species,,,,4,0,0,desktop,1,1,ESP,West_Spanish,West,Spanish,0,0,1,1,0,0,0,0,0,0,1,0,0,1,0,0,0,0,0,0
res_00001086_2,chatbot_extended,chatbot,0,1,1,0,0,Pets,Species,Species,,,,4,0,1,desktop,1,0,ESP,West_Spanish,West,Spanish,0,0,0,0,0,0,0,0,0,0,0,0,0,0,0,0,0,0,3,1
res_00001087_1,chatbot_extended,chatbot,0,0,0,1,0,Male,Gender,Gender,,,,2,0,1,desktop,1,1,ESP,West_Spanish,West,Spanish,0,0,0,0,1,0,0,0,0,0,1,0,0,0,0,0,0,0,0,0
res_00001087_2,chatbot_extended,chatbot,0,1,0,0,2,Female,Gender,Gender,,,,2,0,0,desktop,1,0,ESP,West_Spanish,West,Spanish,0,0,0,0,0,1,0,0,0,1,0,0,0,0,0,0,0,0,0,0
res_00001088_1,chatbot_extended,chatbot,0,1,1,0,0,Low,Social Value,Social Value,,,,2,0,0,desktop,1,1,ESP,West_Spanish,West,Spanish,0,1,0,0,0,0,0,0,0,0,0,1,0,0,0,0,0,0,0,0
res_00001088_2,chatbot_extended,chatbot,0,0,1,0,0,High,Social Value,Social Value,,,,2,0,1,desktop,1,0,ESP,West_Spanish,West,Spanish,0,1,0,0,0,0,0,0,0,0,0,0,0,1,0,0,0,0,0,0
res_00001089_1,chatbot_extended,chatbot,0,0,0,1,0,Fat,Fitness,Fitness,,,,3,0,0,desktop,1,1,ESP,West_Spanish,West,Spanish,0,1,0,0,0,0,0,0,0,2,0,0,0,0,0,0,0,0,0,0
res_00001089_2,chatbot_extended,chatbot,0,1,0,0,0,Fit,Fitness,Fitness,,,,3,0,1,desktop,1,0,ESP,West_Spanish,West,Spanish,0,1,0,0,0,0,0,0,0,0,0,0,0,0,2,0,0,0,0,0
res_00001090_1,chatbot_extended,chatbot,0,1,0,1,0,Low,Social Value,Social Value,,,,5,0,0,desktop,1,1,ESP,West_Spanish,West,Spanish,2,0,0,0,0,0,0,0,1,0,0,2,0,0,0,0,0,0,0,0
res_00001090_2,chatbot_extended,chatbot,0,0,0,0,0,High,Social Value,Social Value,,,,5,0,1,desktop,1,0,ESP,West_Spanish,West,Spanish,0,0,1,0,0,0,0,0,0,0,0,0,2,2,0,0,0,0,0,0
res_00001091_1,chatbot_extended,chatbot,0,0,0,1,0,Pets,Species,Species,,,,3,0,1,desktop,1,1,ESP,West_Spanish,West,Spanish,0,0,0,0,0,0,0,0,0,0,0,0,0,0,0,0,0,0,2,1
res_00001091_2,chatbot_extended,chatbot,0,1,0,0,1,Hoomans,Species,Species,,,,3,0,0,desktop,1,0,ESP,West_Spanish,West,Spanish,0,0,0,0,0,0,1,1,0,0,0,0,0,1,0,0,0,0,0,0
res_00001092_1,chatbot_extended,chatbot,0,0,1,0,0,Young,Age,Age,,,,1,0,0,desktop,1,1,ESP,West_Spanish,West,Spanish,0,0,0,0,0,0,0,1,0,0,0,0,0,0,0,0,0,0,0,0
res_00001092_2,chatbot_extended,chatbot,0,1,1,0,0,Old,Age,Age,,,,1,0,1,desktop,1,0,ESP,West_Spanish,West,Spanish,0,1,0,0,0,0,0,0,0,0,0,0,0,0,0,0,0,0,0,0
res_00001093_1,chatbot_extended,chatbot,0,0,1,0,2,Female,Gender,Gender,,,,1,0,0,desktop,1,1,ESP,West_Spanish,West,Spanish,0,1,0,0,0,0,0,0,0,0,0,0,0,0,0,0,0,0,0,0
res_00001093_2,chatbot_extended,chatbot,0,1,1,0,1,Male,Gender,Gender,,,,1,0,1,desktop,1,0,ESP,West_Spanish,West,Spanish,1,0,0,0,0,0,0,0,0,0,0,0,0,0,0,0,0,0,0,0
res_00001094_1,chatbot_extended,chatbot,0,0,1,0,2,Young,Age,Age,,,,2,0,0,desktop,1,1,ESP,West_Spanish,West,Spanish,0,1,0,0,0,0,0,1,0,0,0,0,0,0,0,0,0,0,0,0
res_00001094_2,chatbot_extended,chatbot,0,1,1,0,1,Old,Age,Age,,,,2,0,1,desktop,1,0,ESP,West_Spanish,West,Spanish,0,1,0,0,0,1,0,0,0,0,0,0,0,0,0,0,0,0,0,0
res_00001095_1,chatbot_extended,chatbot,0,0,0,1,0,Less,Utilitarian,Utilitarian,,,,4,1,0,desktop,1,1,ESP,West_Spanish,West,Spanish,0,0,0,1,0,0,0,2,0,0,0,0,0,0,0,0,0,0,0,1
res_00001095_2,chatbot_extended,chatbot,0,1,0,0,1,More,Utilitarian,Utilitarian,,,,5,1,1,desktop,1,0,ESP,West_Spanish,West,Spanish,0,0,0,1,0,0,0,2,0,0,1,0,0,0,0,0,0,0,0,1
res_00001096_1,chatbot_extended,chatbot,0,0,0,1,0,Low,Social Value,Social Value,,,,2,0,0,desktop,1,1,ESP,West_Spanish,West,Spanish,1,0,0,0,0,0,0,0,1,0,0,0,0,0,0,0,0,0,0,0
res_00001096_2,chatbot_extended,chatbot,0,1,0,0,1,High,Social Value,Social Value,,,,2,0,1,desktop,1,0,ESP,West_Spanish,West,Spanish,0,0,0,0,0,0,0,0,0,0,0,0,0,1,0,0,0,1,0,0
res_00001097_1,chatbot_extended,chatbot,0,0,0,1,0,Male,Gender,Gender,,,,1,0,1,desktop,1,1,ESP,West_Spanish,West,Spanish,0,0,0,0,1,0,0,0,0,0,0,0,0,0,0,0,0,0,0,0
res_00001097_2,chatbot_extended,chatbot,0,1,0,0,1,Female,Gender,Gender,,,,1,0,0,desktop,1,0,ESP,West_Spanish,West,Spanish,0,0,0,0,0,1,0,0,0,0,0,0,0,0,0,0,0,0,0,0
res_00001098_1,chatbot_extended,chatbot,0,1,0,1,0,More,Utilitarian,Utilitarian,,,,5,3,0,desktop,1,1,ESP,West_Spanish,West,Spanish,0,0,0,0,0,0,0,1,1,1,0,0,1,0,0,1,0,0,0,0
res_00001098_2,chatbot_extended,chatbot,0,0,0,0,1,Less,Utilitarian,Utilitarian,,,,2,3,1,desktop,1,0,ESP,West_Spanish,West,Spanish,0,0,0,0,0,0,0,0,0,0,0,0,1,0,0,1,0,0,0,0
res_00001099_1,chatbot_extended,chatbot,0,0,1,0,1,Less,Utilitarian,Utilitarian,,,,3,2,0,desktop,1,1,ESP,West_Spanish,West,Spanish,0,0,0,1,0,0,0,0,1,0,0,0,0,0,0,0,0,0,1,0
res_00001099_2,chatbot_extended,chatbot,0,1,1,0,2,More,Utilitarian,Utilitarian,,,,5,2,1,desktop,1,0,ESP,West_Spanish,West,Spanish,0,0,0,1,0,0,0,0,1,1,1,0,0,0,0,0,0,0,1,0
res_00001100_1,chatbot_extended,chatbot,0,0,0,1,0,Hoomans,Species,Species,,,,3,0,0,desktop,1,1,JPN,East_Japanese,East,Japanese,1,1,0,0,0,0,0,0,0,0,0,0,0,0,0,0,1,0,0,0
res_00001100_2,chatbot_extended,chatbot,0,1,0,0,0,Pets,Species,Species,,,,3,0,1,desktop,1,0,JPN,East_Japanese,East,Japanese,0,0,0,0,0,0,0,0,0,0,0,0,0,0,0,0,0,0,1,2
res_00001101_1,chatbot_extended,chatbot,0,0,0,1,0,Male,Gender,Gender,,,,2,0,0,desktop,1,1,JPN,East_Japanese,East,Japanese,0,0,0,0,0,0,2,0,0,0,0,0,0,0,0,0,0,0,0,0
res_00001101_2,chatbot_extended,chatbot,0,1,0,0,2,Female,Gender,Gender,,,,2,0,1,desktop,1,0,JPN,East_Japanese,East,Japanese,0,0,0,0,0,0,0,2,0,0,0,0,0,0,0,0,0,0,0,0
res_00001102_1,chatbot_extended,chatbot,0,1,1,0,2,Young,Age,Age,,,,1,0,0,desktop,1,1,JPN,East_Japanese,East,Japanese,0,0,0,0,0,0,0,1,0,0,0,0,0,0,0,0,0,0,0,0
res_00001102_2,chatbot_extended,chatbot,0,0,1,0,1,Old,Age,Age,,,,1,0,1,desktop,1,0,JPN,East_Japanese,East,Japanese,0,1,0,0,0,0,0,0,0,0,0,0,0,0,0,0,0,0,0,0
res_00001103_1,chatbot_extended,chatbot,0,1,0,1,0,Pets,Species,Species,,,,1,0,1,desktop,1,1,JPN,East_Japanese,East,Japanese,0,0,0,0,0,0,0,0,0,0,0,0,0,0,0,0,0,0,1,0
res_00001103_2,chatbot_extended,chatbot,0,0,0,0,1,Hoomans,Species,Species,,,,1,0,0,desktop,1,0,JPN,East_Japanese,East,Japanese,0,0,0,0,0,1,0,0,0,0,0,0,0,0,0,0,0,0,0,0
res_00001104_1,chatbot_extended,chatbot,0,0,1,0,0,Hoomans,Species,Species,,,,2,0,0,desktop,1,1,JPN,East_Japanese,East,Japanese,0,0,0,0,0,0,0,0,0,0,0,1,0,0,1,0,0,0,0,0
res_00001104_2,chatbot_extended,chatbot,0,1,1,0,0,Pets,Species,Species,,,,2,0,1,desktop,1,0,JPN,East_Japanese,East,Japanese,0,0,0,0,0,0,0,0,0,0,0,0,0,0,0,0,0,0,1,1
res_00001105_1,chatbot_extended,chatbot,0,0,0,1,0,Fat,Fitness,Fitness,,,,5,0,0,desktop,1,1,JPN,East_Japanese,East,Japanese,1,2,0,0,0,0,0,0,0,1,1,0,0,0,0,0,0,0,0,0
res_00001105_2,chatbot_extended,chatbot,0,1,0,0,0,Fit,Fitness,Fitness,,,,5,0,1,desktop,1,0,JPN,East_Japanese,East,Japanese,0,0,0,0,0,0,0,0,0,0,0,0,0,0,3,2,0,0,0,0
res_00001106_1,chatbot_extended,chatbot,0,0,0,1,0,Old,Age,Age,,,,1,0,1,desktop,1,1,JPN,East_Japanese,East,Japanese,0,0,0,0,0,1,0,0,0,0,0,0,0,0,0,0,0,0,0,0
res_00001106_2,chatbot_extended,chatbot,0,1,0,0,1,Young,Age,Age,,,,1,0,0,desktop,1,0,JPN,East_Japanese,East,Japanese,0,0,0,0,0,0,0,1,0,0,0,0,0,0,0,0,0,0,0,0
res_00001107_1,chatbot_extended,chatbot,0,0,0,1,0,Fat,Fitness,Fitness,,,,4,0,0,desktop,1,1,JPN,East_Japanese,East,Japanese,1,1,0,0,0,0,0,0,0,1,1,0,0,0,0,0,0,0,0,0
res_00001107_2,chatbot_extended,chatbot,0,1,0,0,0,Fit,Fitness,Fitness,,,,4,0,1,desktop,1,0,JPN,East_Japanese,East,Japanese,1,1,0,0,0,0,0,0,0,0,0,0,0,0,1,1,0,0,0,0
res_00001108_1,chatbot_extended,chatbot,0,0,0,1,0,Hoomans,Species,Species,,,,5,0,0,desktop,1,1,JPN,East_Japanese,East,Japanese,0,1,0,0,0,1,0,0,1,1,0,0,0,0,1,0,0,0,0,0
res_00001108_2,chatbot_extended,chatbot,0,1,0,0,0,Pets,Species,Species,,,,5,0,1,desktop,1,0,JPN,East_Japanese,East,Japanese,0,0,0,0,0,0,0,0,0,0,0,0,0,0,0,0,0,0,3,2
res_00001109_1,chatbot_extended,chatbot,0,1,1,0,1,Less,Utilitarian,Utilitarian,,,,2,2,0,desktop,1,1,JPN,East_Japanese,East,Japanese,0,0,0,0,0,0,0,0,1,0,0,0,0,0,0,0,0,0,0,1
res_00001109_2,chatbot_extended,chatbot,0,0,1,0,2,More,Utilitarian,Utilitarian,,,,4,2,1,desktop,1,0,JPN,East_Japanese,East,Japanese,1,0,1,0,0,0,0,0,1,0,0,0,0,0,0,0,0,0,0,1
res_00001110_1,chatbot_extended,chatbot,0,0,1,0,0,Female,Gender,Gender,,,,4,0,0,desktop,1,1,JPN,East_Japanese,East,Japanese,0,1,0,0,0,0,0,0,0,1,0,0,0,2,0,0,0,0,0,0
res_00001110_2,chatbot_extended,chatbot,0,1,1,0,0,Male,Gender,Gender,,,,4,0,1,desktop,1,0,JPN,East_Japanese,East,Japanese,1,0,0,0,0,0,0,0,0,0,1,0,2,0,0,0,0,0,0,0
res_00001111_1,chatbot_extended,chatbot,0,0,0,1,0,Hoomans,Species,Species,,,,1,0,0,desktop,1,1,JPN,East_Japanese,East,Japanese,0,0,0,0,0,0,0,0,0,1,0,0,0,0,0,0,0,0,0,0
res_00001111_2,chatbot_extended,chatbot,0,1,0,0,0,Pets,Species,Species,,,,1,0,1,desktop,1,0,JPN,East_Japanese,East,Japanese,0,0,0,0,0,0,0,0,0,0,0,0,0,0,0,0,0,0,0,1
res_00001112_1,chatbot_extended,chatbot,0,0,1,0,0,Hoomans,Species,Species,,,,1,0,0,desktop,1,1,JPN,East_Japanese,East,Japanese,0,0,0,0,0,0,0,0,0,0,0,0,0,1,0,0,0,0,0,0
res_00001112_2,chatbot_extended,chatbot,0,1,1,0,0,Pets,Species,Species,,,,1,0,1,desktop,1,0,JPN,East_Japanese,East,Japanese,0,0,0,0,0,0,0,0,0,0,0,0,0,0,0,0,0,0,0,1
res_00001113_1,chatbot_extended,chatbot,0,0,1,0,1,Female,Gender,Gender,,,,2,0,0,desktop,1,1,JPN,East_Japanese,East,Japanese,0,0,0,0,0,0,0,1,0,0,0,0,0,0,0,0,1,0,0,0
res_00001113_2,chatbot_extended,chatbot,0,1,1,0,2,Male,Gender,Gender,,,,2,0,1,desktop,1,0,JPN,East_Japanese,East,Japanese,0,0,0,0,0,0,1,0,0,0,0,0,0,0,0,0,0,1,0,0
res_00001114_1,chatbot_extended,chatbot,0,1,0,1,0,Less,Utilitarian,Utilitarian,,,,4,1,0,desktop,1,1,JPN,East_Japanese,East,Japanese,0,0,1,0,0,0,0,0,0,0,1,0,0,1,0,0,0,0,1,0
res_00001114_2,chatbot_extended,chatbot,0,0,0,0,1,More,Utilitarian,Utilitarian,,,,5,1,1,desktop,1,0,JPN,East_Japanese,East,Japanese,0,0,1,0,0,0,0,1,0,0,1,0,0,1,0,0,0,0,1,0
res_00001115_1,chatbot_extended,chatbot,0,0,1,0,2,Fat,Fitness,Fitness,,,,2,0,0,desktop,1,1,JPN,East_Japanese,East,Japanese,1,0,0,0,0,0,0,0,0,0,1,0,0,0,0,0,0,0,0,0
res_00001115_2,chatbot_extended,chatbot,0,1,1,0,1,Fit,Fitness,Fitness,,,,2,0,1,desktop,1,0,JPN,East_Japanese,East,Japanese,1,0,0,0,0,0,0,0,0,0,0,0,0,0,0,1,0,0,0,0
res_00001116_1,chatbot_extended,chatbot,0,0,0,1,0,Female,Gender,Gender,,,,5,0,0,desktop,1,1,JPN,East_Japanese,East,Japanese,0,1,0,0,0,0,0,2,0,2,0,0,0,0,0,0,0,0,0,0
res_00001116_2,chatbot_extended,chatbot,0,1,0,0,1,Male,Gender,Gender,,,,5,0,1,desktop,1,0,JPN,East_Japanese,East,Japanese,1,0,0,0,0,0,2,0,0,0,2,0,0,0,0,0,0,0,0,0
res_00001117_1,chatbot_extended,chatbot,0,1,1,0,1,Female,Gender,Gender,,,,2,0,0,desktop,1,1,JPN,East_Japanese,East,Japanese,0,0,0,0,0,1,0,0,0,0,0,0,0,0,0,0,1,0,0,0
res_00001117_2,chatbot_extended,chatbot,0,0,1,0,2,Male,Gender,Gender,,,,2,0,1,desktop,1,0,JPN,East_Japanese,East,Japanese,0,0,0,0,1,0,0,0,0,0,0,0,0,0,0,0,0,1,0,0
res_00001118_1,chatbot_extended,chatbot,0,1,0,1,0,Low,Social Value,Social Value,,,,3,0,0,desktop,1,1,JPN,East_Japanese,East,Japanese,0,0,0,0,0,0,0,0,0,0,0,3,0,0,0,0,0,0,0,0
res_00001118_2,chatbot_extended,chatbot,0,0,0,0,1,High,Social Value,Social Value,,,,3,0,1,desktop,1,0,JPN,East_Japanese,East,Japanese,0,1,0,0,0,0,0,0,0,0,0,0,0,1,0,0,0,1,0,0
res_00001119_1,chatbot_extended,chatbot,0,1,1,0,0,Fat,Fitness,Fitness,,,,4,0,0,desktop,1,1,JPN,East_Japanese,East,Japanese,0,1,0,0,0,0,0,0,0,1,2,0,0,0,0,0,0,0,0,0
res_00001119_2,chatbot_extended,chatbot,0,0,1,0,0,Fit,Fitness,Fitness,,,,4,0,1,desktop,1,0,JPN,East_Japanese,East,Japanese,0,1,0,0,0,0,0,0,0,0,0,0,0,0,1,2,0,0,0,0
res_00001120_1,chatbot_extended,chatbot,0,0,1,0,2,Young,Age,Age,,,,5,0,0,desktop,1,1,JPN,East_Japanese,East,Japanese,0,2,0,0,0,0,2,1,0,0,0,0,0,0,0,0,0,0,0,0
res_00001120_2,chatbot_extended,chatbot,0,1,1,0,1,Old,Age,Age,,,,5,0,1,desktop,1,0,JPN,East_Japanese,East,Japanese,1,0,0,0,1,3,0,0,0,0,0,0,0,0,0,0,0,0,0,0
res_00001121_1,chatbot_extended,chatbot,0,1,0,1,0,Less,Utilitarian,Utilitarian,,,,4,1,0,desktop,1,1,JPN,East_Japanese,East,Japanese,0,0,0,0,0,0,0,2,1,0,0,0,0,1,0,0,0,0,0,0
res_00001121_2,chatbot_extended,chatbot,0,0,0,0,0,More,Utilitarian,Utilitarian,,,,5,1,1,desktop,1,0,JPN,East_Japanese,East,Japanese,0,0,0,0,0,0,1,2,1,0,0,0,0,1,0,0,0,0,0,0
res_00001122_1,chatbot_extended,chatbot,0,0,0,1,0,High,Social Value,Social Value,,,,4,0,0,desktop,1,1,JPN,East_Japanese,East,Japanese,0,1,0,0,0,0,0,0,0,0,0,0,1,1,0,0,0,1,0,0
res_00001122_2,chatbot_extended,chatbot,0,1,0,0,0,Low,Social Value,Social Value,,,,4,0,1,desktop,1,0,JPN,East_Japanese,East,Japanese,0,2,0,0,0,0,0,0,1,0,0,1,0,0,0,0,0,0,0,0
res_00001123_1,chatbot_extended,chatbot,0,1,1,0,0,Female,Gender,Gender,,,,1,0,0,desktop,1,1,JPN,East_Japanese,East,Japanese,0,0,0,0,0,0,0,0,0,0,0,0,0,0,0,0,1,0,0,0
res_00001123_2,chatbot_extended,chatbot,0,0,1,0,0,Male,Gender,Gender,,,,1,0,1,desktop,1,0,JPN,East_Japanese,East,Japanese,0,0,0,0,0,0,0,0,0,0,0,0,0,0,0,0,0,1,0,0
res_00001124_1,chatbot_extended,chatbot,0,0,1,0,2,Hoomans,Species,Species,,,,4,0,0,desktop,1,1,JPN,East_Japanese,East,Japanese,0,0,0,0,0,1,0,0,0,0,1,1,0,0,0,0,0,1,0,0
res_00001124_2,chatbot_extended,chatbot,0,1,1,0,1,Pets,Species,Species,,,,4,0,1,desktop,1,0,JPN,East_Japanese,East,Japanese,0,0,0,0,0,0,0,0,0,0,0,0,0,0,0,0,0,0,2,2
res_00001125_1,chatbot_extended,chatbot,0,0,0,1,0,Fit,Fitness,Fitness,,,,5,0,1,desktop,1,1,JPN,East_Japanese,East,Japanese,2,0,0,0,0,0,0,0,0,0,0,0,0,0,2,1,0,0,0,0
res_00001125_2,chatbot_extended,chatbot,0,1,0,0,0,Fat,Fitness,Fitness,,,,5,0,0,desktop,1,0,JPN,East_Japanese,East,Japanese,1,1,0,0,0,0,0,0,0,1,2,0,0,0,0,0,0,0,0,0
res_00001126_1,chatbot_extended,chatbot,0,1,1,0,1,Young,Age,Age,,,,4,0,0,desktop,1,1,JPN,East_Japanese,East,Japanese,0,0,0,0,0,0,1,3,0,0,0,0,0,0,0,0,0,0,0,0
res_00001126_2,chatbot_extended,chatbot,0,0,1,0,2,Old,Age,Age,,,,4,0,1,desktop,1,0,JPN,East_Japanese,East,Japanese,1,0,0,0,0,3,0,0,0,0,0,0,0,0,0,0,0,0,0,0
res_00001127_1,chatbot_extended,chatbot,0,0,0,1,0,Young,Age,Age,,,,4,0,0,desktop,1,1,JPN,East_Japanese,East,Japanese,0,0,0,0,0,0,0,4,0,0,0,0,0,0,0,0,0,0,0,0
res_00001127_2,chatbot_extended,chatbot,0,1,0,0,0,Old,Age,Age,,,,4,0,1,desktop,1,0,JPN,East_Japanese,East,Japanese,0,2,0,0,0,2,0,0,0,0,0,0,0,0,0,0,0,0,0,0
res_00001128_1,chatbot_extended,chatbot,0,0,0,1,0,Male,Gender,Gender,,,,4,0,0,desktop,1,1,JPN,East_Japanese,East,Japanese,0,0,0,0,3,0,0,0,0,0,0,0,1,0,0,0,0,0,0,0
res_00001128_2,chatbot_extended,chatbot,0,1,0,0,2,Female,Gender,Gender,,,,4,0,1,desktop,1,0,JPN,East_Japanese,East,Japanese,0,0,0,0,0,3,0,0,0,0,0,0,0,1,0,0,0,0,0,0
res_00001129_1,chatbot_extended,chatbot,0,1,1,0,2,Young,Age,Age,,,,1,0,0,desktop,1,1,JPN,East_Japanese,East,Japanese,1,0,0,0,0,0,0,0,0,0,0,0,0,0,0,0,0,0,0,0
res_00001129_2,chatbot_extended,chatbot,0,0,1,0,1,Old,Age,Age,,,,1,0,1,desktop,1,0,JPN,East_Japanese,East,Japanese,0,0,0,0,1,0,0,0,0,0,0,0,0,0,0,0,0,0,0,0
res_00001130_1,chatbot_extended,chatbot,0,1,1,0,0,Fat,Fitness,Fitness,,,,4,0,0,desktop,1,1,JPN,East_Japanese,East,Japanese,1,1,0,0,0,0,0,0,0,0,2,0,0,0,0,0,0,0,0,0
res_00001130_2,chatbot_extended,chatbot,0,0,1,0,0,Fit,Fitness,Fitness,,,,4,0,1,desktop,1,0,JPN,East_Japanese,East,Japanese,1,0,0,0,0,0,0,0,0,0,0,0,0,0,1,2,0,0,0,0
res_00001131_1,chatbot_extended,chatbot,0,1,1,0,1,Female,Gender,Gender,,,,2,0,0,desktop,1,1,JPN,East_Japanese,East,Japanese,0,0,0,0,0,0,0,0,0,0,0,0,0,0,0,0,2,0,0,0
res_00001131_2,chatbot_extended,chatbot,0,0,1,0,2,Male,Gender,Gender,,,,2,0,1,desktop,1,0,JPN,East_Japanese,East,Japanese,0,0,0,0,0,0,0,0,0,0,0,0,0,0,0,0,0,2,0,0
res_00001132_1,chatbot_extended,chatbot,0,1,1,0,2,Low,Social Value,Social Value,,,,1,0,0,desktop,1,1,JPN,East_Japanese,East,Japanese,0,0,0,0,0,0,0,0,0,0,0,1,0,0,0,0,0,0,0,0
res_00001132_2,chatbot_extended,chatbot,0,0,1,0,1,High,Social Value,Social Value,,,,1,0,1,desktop,1,0,JPN,East_Japanese,East,Japanese,0,0,1,0,0,0,0,0,0,0,0,0,0,0,0,0,0,0,0,0
res_00001133_1,chatbot_extended,chatbot,0,1,1,0,0,Hoomans,Species,Species,,,,2,0,0,desktop,1,1,JPN,East_Japanese,East,Japanese,0,0,0,0,0,2,0,0,0,0,0,0,0,0,0,0,0,0,0,0
res_00001133_2,chatbot_extended,chatbot,0,0,1,0,0,Pets,Species,Species,,,,2,0,1,desktop,1,0,JPN,East_Japanese,East,Japanese,0,0,0,0,0,0,0,0,0,0,0,0,0,0,0,0,0,0,2,0
res_00001134_1,chatbot_extended,chatbot,0,0,0,1,0,Less,Utilitarian,Utilitarian,,,,3,2,0,desktop,1,1,JPN,East_Japanese,East,Japanese,0,0,0,0,0,0,0,0,1,1,0,0,0,0,0,1,0,0,0,0
res_00001134_2,chatbot_extended,chatbot,0,1,0,0,2,More,Utilitarian,Utilitarian,,,,5,2,1,desktop,1,0,JPN,East_Japanese,East,Japanese,0,0,0,1,0,0,0,1,1,1,0,0,0,0,0,1,0,0,0,0
res_00001135_1,chatbot_extended,chatbot,0,1,1,0,2,Female,Gender,Gender,,,,2,0,0,desktop,1,1,JPN,East_Japanese,East,Japanese,0,1,0,0,0,0,0,0,0,0,0,0,0,0,0,0,1,0,0,0
res_00001135_2,chatbot_extended,chatbot,0,0,1,0,1,Male,Gender,Gender,,,,2,0,1,desktop,1,0,JPN,East_Japanese,East,Japanese,1,0,0,0,0,0,0,0,0,0,0,0,0,0,0,0,0,1,0,0
res_00001136_1,chatbot_extended,chatbot,0,0,1,0,0,Young,Age,Age,,,,2,0,0,desktop,1,1,JPN,East_Japanese,East,Japanese,1,0,0,0,0,0,1,0,0,0,0,0,0,0,0,0,0,0,0,0
res_00001136_2,chatbot_extended,chatbot,0,1,1,0,0,Old,Age,Age,,,,2,0,1,desktop,1,0,JPN,East_Japanese,East,Japanese,1,0,0,0,1,0,0,0,0,0,0,0,0,0,0,0,0,0,0,0
res_00001137_1,chatbot_extended,chatbot,0,1,1,0,1,Fat,Fitness,Fitness,,,,2,0,1,desktop,1,1,JPN,East_Japanese,East,Japanese,0,0,0,0,0,0,0,0,0,2,0,0,0,0,0,0,0,0,0,0
res_00001137_2,chatbot_extended,chatbot,0,0,1,0,2,Fit,Fitness,Fitness,,,,2,0,0,desktop,1,0,JPN,East_Japanese,East,Japanese,0,1,0,0,0,0,0,0,0,0,0,0,0,0,1,0,0,0,0,0
res_00001138_1,chatbot_extended,chatbot,0,1,0,1,0,High,Social Value,Social Value,,,,3,0,0,desktop,1,1,JPN,East_Japanese,East,Japanese,1,0,0,0,0,0,0,0,0,0,0,0,0,0,0,0,2,0,0,0
res_00001138_2,chatbot_extended,chatbot,0,0,0,0,2,Low,Social Value,Social Value,,,,3,0,1,desktop,1,0,JPN,East_Japanese,East,Japanese,0,1,0,0,0,0,0,0,1,0,0,1,0,0,0,0,0,0,0,0
res_00001139_1,chatbot_extended,chatbot,0,1,1,0,1,Low,Social Value,Social Value,,,,2,0,1,desktop,1,1,JPN,East_Japanese,East,Japanese,0,0,0,0,0,0,0,0,2,0,0,0,0,0,0,0,0,0,0,0
res_00001139_2,chatbot_extended,chatbot,0,0,1,0,2,High,Social Value,Social Value,,,,2,0,0,desktop,1,0,JPN,East_Japanese,East,Japanese,0,0,0,0,0,0,0,0,0,0,0,0,0,1,0,0,0,1,0,0
res_00001140_1,chatbot_extended,chatbot,0,0,1,0,2,Low,Social Value,Social Value,,,,1,0,0,desktop,1,1,JPN,East_Japanese,East,Japanese,0,0,0,0,0,0,0,0,1,0,0,0,0,0,0,0,0,0,0,0
res_00001140_2,chatbot_extended,chatbot,0,1,1,0,1,High,Social Value,Social Value,,,,1,0,1,desktop,1,0,JPN,East_Japanese,East,Japanese,0,0,0,0,0,0,0,0,0,0,0,0,0,1,0,0,0,0,0,0
res_00001141_1,chatbot_extended,chatbot,0,0,1,0,1,Less,Utilitarian,Utilitarian,,,,1,1,0,desktop,1,1,JPN,East_Japanese,East,Japanese,0,1,0,0,0,0,0,0,0,0,0,0,0,0,0,0,0,0,0,0
res_00001141_2,chatbot_extended,chatbot,0,1,1,0,2,More,Utilitarian,Utilitarian,,,,2,1,1,desktop,1,0,JPN,East_Japanese,East,Japanese,0,1,1,0,0,0,0,0,0,0,0,0,0,0,0,0,0,0,0,0
res_00001142_1,chatbot_extended,chatbot,0,1,0,1,0,High,Social Value,Social Value,,,,4,0,0,desktop,1,1,JPN,East_Japanese,East,Japanese,0,1,0,0,0,0,0,0,0,0,0,0,0,1,0,0,1,1,0,0
res_00001142_2,chatbot_extended,chatbot,0,0,0,0,0,Low,Social Value,Social Value,,,,4,0,1,desktop,1,0,JPN,East_Japanese,East,Japanese,1,1,0,0,0,0,0,0,1,0,0,1,0,0,0,0,0,0,0,0
res_00001143_1,chatbot_extended,chatbot,0,0,1,0,0,Hoomans,Species,Species,,,,1,0,0,desktop,1,1,JPN,East_Japanese,East,Japanese,0,0,0,0,0,0,0,0,0,0,0,0,0,0,1,0,0,0,0,0
res_00001143_2,chatbot_extended,chatbot,0,1,1,0,0,Pets,Species,Species,,,,1,0,1,desktop,1,0,JPN,East_Japanese,East,Japanese,0,0,0,0,0,0,0,0,0,0,0,0,0,0,0,0,0,0,1,0
res_00001144_1,chatbot_extended,chatbot,0,1,1,0,1,Fat,Fitness,Fitness,,,,4,0,1,desktop,1,1,JPN,East_Japanese,East,Japanese,1,1,0,0,0,0,0,0,0,0,2,0,0,0,0,0,0,0,0,0
res_00001144_2,chatbot_extended,chatbot,0,0,1,0,2,Fit,Fitness,Fitness,,,,4,0,0,desktop,1,0,JPN,East_Japanese,East,Japanese,1,0,0,0,0,0,0,0,0,0,0,0,0,0,1,2,0,0,0,0
res_00001145_1,chatbot_extended,chatbot,0,1,0,1,0,Less,Utilitarian,Utilitarian,,,,3,1,0,desktop,1,1,JPN,East_Japanese,East,Japanese,0,0,0,0,0,0,0,0,1,1,0,0,0,1,0,0,0,0,0,0
res_00001145_2,chatbot_extended,chatbot,0,0,0,0,1,More,Utilitarian,Utilitarian,,,,4,1,1,desktop,1,0,JPN,East_Japanese,East,Japanese,0,0,0,0,0,0,0,1,1,1,0,0,0,1,0,0,0,0,0,0
res_00001146_1,chatbot_extended,chatbot,0,1,0,1,0,More,Utilitarian,Utilitarian,,,,5,3,0,desktop,1,1,JPN,East_Japanese,East,Japanese,0,0,3,0,0,0,0,0,0,0,0,0,0,0,0,0,0,0,1,1
res_00001146_2,chatbot_extended,chatbot,0,0,0,0,0,Less,Utilitarian,Utilitarian,,,,2,3,1,desktop,1,0,JPN,East_Japanese,East,Japanese,0,0,1,0,0,0,0,0,0,0,0,0,0,0,0,0,0,0,0,1
res_00001147_1,chatbot_extended,chatbot,0,0,0,1,0,Female,Gender,Gender,,,,4,0,0,desktop,1,1,JPN,East_Japanese,East,Japanese,0,1,0,0,0,1,0,0,0,0,0,0,0,0,1,0,1,0,0,0
res_00001147_2,chatbot_extended,chatbot,0,1,0,0,0,Male,Gender,Gender,,,,4,0,1,desktop,1,0,JPN,East_Japanese,East,Japanese,1,0,0,0,1,0,0,0,0,0,0,0,0,0,0,1,0,1,0,0
res_00001148_1,chatbot_extended,chatbot,0,0,1,0,0,Hoomans,Species,Species,,,,4,0,0,desktop,1,1,JPN,East_Japanese,East,Japanese,1,0,0,0,0,0,0,0,0,0,0,1,0,0,0,1,0,1,0,0
res_00001148_2,chatbot_extended,chatbot,0,1,1,0,0,Pets,Species,Species,,,,4,0,1,desktop,1,0,JPN,East_Japanese,East,Japanese,0,0,0,0,0,0,0,0,0,0,0,0,0,0,0,0,0,0,4,0
res_00001149_1,chatbot_extended,chatbot,0,0,1,0,1,Young,Age,Age,,,,2,0,0,desktop,1,1,JPN,East_Japanese,East,Japanese,2,0,0,0,0,0,0,0,0,0,0,0,0,0,0,0,0,0,0,0
res_00001149_2,chatbot_extended,chatbot,0,1,1,0,2,Old,Age,Age,,,,2,0,1,desktop,1,0,JPN,East_Japanese,East,Japanese,0,0,0,0,2,0,0,0,0,0,0,0,0,0,0,0,0,0,0,0
res_00001150_1,chatbot_extended,chatbot,0,1,0,1,0,Young,Age,Age,,,,5,0,0,desktop,1,1,JPN,East_Japanese,East,Japanese,0,0,0,0,0,0,2,3,0,0,0,0,0,0,0,0,0,0,0,0
res_00001150_2,chatbot_extended,chatbot,0,0,0,0,2,Old,Age,Age,,,,5,0,1,desktop,1,0,JPN,East_Japanese,East,Japanese,1,2,0,0,1,1,0,0,0,0,0,0,0,0,0,0,0,0,0,0
res_00001151_1,chatbot_extended,chatbot,0,0,0,1,0,Old,Age,Age,,,,3,0,0,desktop,1,1,JPN,East_Japanese,East,Japanese,0,1,0,0,0,2,0,0,0,0,0,0,0,0,0,0,0,0,0,0
res_00001151_2,chatbot_extended,chatbot,0,1,0,0,2,Young,Age,Age,,,,3,0,1,desktop,1,0,JPN,East_Japanese,East,Japanese,0,2,0,0,0,0,0,1,0,0,0,0,0,0,0,0,0,0,0,0
res_00001152_1,chatbot_extended,chatbot,0,0,0,1,0,Low,Social Value,Social Value,,,,1,0,0,desktop,1,1,JPN,East_Japanese,East,Japanese,0,0,0,0,0,0,0,0,0,0,0,1,0,0,0,0,0,0,0,0
res_00001152_2,chatbot_extended,chatbot,0,1,0,0,0,High,Social Value,Social Value,,,,1,0,1,desktop,1,0,JPN,East_Japanese,East,Japanese,1,0,0,0,0,0,0,0,0,0,0,0,0,0,0,0,0,0,0,0
res_00001153_1,chatbot_extended,chatbot,0,1,0,1,0,Low,Social Value,Social Value,,,,1,0,0,desktop,1,1,JPN,East_Japanese,East,Japanese,0,0,0,0,0,0,0,0,0,0,0,1,0,0,0,0,0,0,0,0
res_00001153_2,chatbot_extended,chatbot,0,0,0,0,2,High,Social Value,Social Value,,,,1,0,1,desktop,1,0,JPN,East_Japanese,East,Japanese,1,0,0,0,0,0,0,0,0,0,0,0,0,0,0,0,0,0,0,0
res_00001154_1,chatbot_extended,chatbot,0,0,0,1,0,Old,Age,Age,,,,1,0,0,desktop,1,1,JPN,East_Japanese,East,Japanese,0,0,0,0,1,0,0,0,0,0,0,0,0,0,0,0,0,0,0,0
res_00001154_2,chatbot_extended,chatbot,0,1,0,0,1,Young,Age,Age,,,,1,0,1,desktop,1,0,JPN,East_Japanese,East,Japanese,1,0,0,0,0,0,0,0,0,0,0,0,0,0,0,0,0,0,0,0
res_00001155_1,chatbot_extended,chatbot,0,1,0,1,0,Hoomans,Species,Species,,,,4,0,0,desktop,1,1,JPN,East_Japanese,East,Japanese,0,0,0,0,0,0,1,0,0,0,0,1,0,0,1,1,0,0,0,0
res_00001155_2,chatbot_extended,chatbot,0,0,0,0,2,Pets,Species,Species,,,,4,0,1,desktop,1,0,JPN,East_Japanese,East,Japanese,0,0,0,0,0,0,0,0,0,0,0,0,0,0,0,0,0,0,3,1
res_00001156_1,chatbot_extended,chatbot,0,1,0,1,0,Less,Utilitarian,Utilitarian,,,,2,1,0,desktop,1,1,JPN,East_Japanese,East,Japanese,0,0,0,1,0,0,0,0,0,0,0,0,0,0,0,0,1,0,0,0
res_00001156_2,chatbot_extended,chatbot,0,0,0,0,1,More,Utilitarian,Utilitarian,,,,3,1,1,desktop,1,0,JPN,East_Japanese,East,Japanese,0,0,0,1,0,0,0,0,0,0,0,0,0,0,0,1,1,0,0,0
res_00001157_1,chatbot_extended,chatbot,0,0,1,0,0,Less,Utilitarian,Utilitarian,,,,2,3,0,desktop,1,1,JPN,East_Japanese,East,Japanese,0,0,0,0,0,0,0,0,0,0,1,0,0,0,0,0,1,0,0,0
res_00001157_2,chatbot_extended,chatbot,0,1,1,0,0,More,Utilitarian,Utilitarian,,,,5,3,1,desktop,1,0,JPN,East_Japanese,East,Japanese,1,1,0,0,0,0,0,0,0,0,1,0,0,0,0,0,1,1,0,0
res_00001158_1,chatbot_extended,chatbot,0,1,0,1,0,Fit,Fitness,Fitness,,,,2,0,0,desktop,1,1,JPN,East_Japanese,East,Japanese,0,0,0,0,0,0,0,0,0,0,0,0,0,0,1,1,0,0,0,0
res_00001158_2,chatbot_extended,chatbot,0,0,0,0,0,Fat,Fitness,Fitness,,,,2,0,1,desktop,1,0,JPN,East_Japanese,East,Japanese,0,1,0,0,0,0,0,0,0,0,1,0,0,0,0,0,0,0,0,0
res_00001159_1,chatbot_extended,chatbot,0,0,1,0,0,Female,Gender,Gender,,,,3,0,0,desktop,1,1,JPN,East_Japanese,East,Japanese,0,0,0,0,0,0,0,0,0,0,0,0,0,0,2,0,1,0,0,0
res_00001159_2,chatbot_extended,chatbot,0,1,1,0,0,Male,Gender,Gender,,,,3,0,1,desktop,1,0,JPN,East_Japanese,East,Japanese,0,0,0,0,0,0,0,0,0,0,0,0,0,0,0,2,0,1,0,0
res_00001160_1,chatbot_extended,chatbot,0,0,0,1,0,Less,Utilitarian,Utilitarian,,,,1,1,0,desktop,1,1,JPN,East_Japanese,East,Japanese,0,0,0,0,0,0,0,1,0,0,0,0,0,0,0,0,0,0,0,0
res_00001160_2,chatbot_extended,chatbot,0,1,0,0,1,More,Utilitarian,Utilitarian,,,,2,1,1,desktop,1,0,JPN,East_Japanese,East,Japanese,0,0,0,0,0,0,0,1,0,1,0,0,0,0,0,0,0,0,0,0
res_00001161_1,chatbot_extended,chatbot,0,1,0,1,0,Hoomans,Species,Species,,,,2,0,0,desktop,1,1,JPN,East_Japanese,East,Japanese,0,0,0,0,0,0,0,0,0,1,0,0,1,0,0,0,0,0,0,0
res_00001161_2,chatbot_extended,chatbot,0,0,0,0,0,Pets,Species,Species,,,,2,0,1,desktop,1,0,JPN,East_Japanese,East,Japanese,0,0,0,0,0,0,0,0,0,0,0,0,0,0,0,0,0,0,1,1
res_00001162_1,chatbot_extended,chatbot,0,1,1,0,0,Young,Age,Age,,,,3,0,0,desktop,1,1,JPN,East_Japanese,East,Japanese,1,1,0,0,0,0,0,1,0,0,0,0,0,0,0,0,0,0,0,0
res_00001162_2,chatbot_extended,chatbot,0,0,1,0,0,Old,Age,Age,,,,3,0,1,desktop,1,0,JPN,East_Japanese,East,Japanese,0,0,0,0,1,2,0,0,0,0,0,0,0,0,0,0,0,0,0,0
res_00001163_1,chatbot_extended,chatbot,0,0,1,0,0,Less,Utilitarian,Utilitarian,,,,2,1,0,desktop,1,1,JPN,East_Japanese,East,Japanese,0,0,0,0,1,0,0,0,0,0,0,0,0,0,1,0,0,0,0,0
res_00001163_2,chatbot_extended,chatbot,0,1,1,0,0,More,Utilitarian,Utilitarian,,,,3,1,1,desktop,1,0,JPN,East_Japanese,East,Japanese,0,0,0,0,1,0,0,0,0,0,0,0,0,1,1,0,0,0,0,0
res_00001164_1,chatbot_extended,chatbot,0,1,1,0,1,Less,Utilitarian,Utilitarian,,,,2,3,0,desktop,1,1,JPN,East_Japanese,East,Japanese,0,0,1,0,0,0,0,0,0,0,0,0,1,0,0,0,0,0,0,0
res_00001164_2,chatbot_extended,chatbot,0,0,1,0,2,More,Utilitarian,Utilitarian,,,,5,3,1,desktop,1,0,JPN,East_Japanese,East,Japanese,0,0,1,1,0,0,0,0,0,0,0,0,1,1,1,0,0,0,0,0
res_00001165_1,chatbot_extended,chatbot,0,1,1,0,1,Young,Age,Age,,,,3,0,0,desktop,1,1,JPN,East_Japanese,East,Japanese,1,1,0,0,0,0,1,0,0,0,0,0,0,0,0,0,0,0,0,0
res_00001165_2,chatbot_extended,chatbot,0,0,1,0,2,Old,Age,Age,,,,3,0,1,desktop,1,0,JPN,East_Japanese,East,Japanese,0,0,0,0,2,1,0,0,0,0,0,0,0,0,0,0,0,0,0,0
res_00001166_1,chatbot_extended,chatbot,0,0,1,0,0,Young,Age,Age,,,,1,0,0,desktop,1,1,JPN,East_Japanese,East,Japanese,0,1,0,0,0,0,0,0,0,0,0,0,0,0,0,0,0,0,0,0
res_00001166_2,chatbot_extended,chatbot,0,1,1,0,0,Old,Age,Age,,,,1,0,1,desktop,1,0,JPN,East_Japanese,East,Japanese,0,0,0,0,0,1,0,0,0,0,0,0,0,0,0,0,0,0,0,0
res_00001167_1,chatbot_extended,chatbot,0,1,1,0,0,Young,Age,Age,,,,4,0,0,desktop,1,1,JPN,East_Japanese,East,Japanese,1,0,0,0,0,0,2,1,0,0,0,0,0,0,0,0,0,0,0,0
res_00001167_2,chatbot_extended,chatbot,0,0,1,0,0,Old,Age,Age,,,,4,0,1,desktop,1,0,JPN,East_Japanese,East,Japanese,2,0,0,0,1,1,0,0,0,0,0,0,0,0,0,0,0,0,0,0
res_00001168_1,chatbot_extended,chatbot,0,0,1,0,2,Low,Social Value,Social Value,,,,1,0,0,desktop,1,1,JPN,East_Japanese,East,Japanese,0,0,0,0,0,0,0,0,1,0,0,0,0,0,0,0,0,0,0,0
res_00001168_2,chatbot_extended,chatbot,0,1,1,0,1,High,Social Value,Social Value,,,,1,0,1,desktop,1,0,JPN,East_Japanese,East,Japanese,0,0,0,0,0,0,0,0,0,0,0,0,1,0,0,0,0,0,0,0
res_00001169_1,chatbot_extended,chatbot,0,0,1,0,2,Less,Utilitarian,Utilitarian,,,,3,2,0,desktop,1,1,JPN,East_Japanese,East,Japanese,0,0,0,0,0,1,0,0,0,0,0,0,0,0,0,0,0,0,2,0
res_00001169_2,chatbot_extended,chatbot,0,1,1,0,1,More,Utilitarian,Utilitarian,,,,5,2,1,desktop,1,0,JPN,East_Japanese,East,Japanese,0,0,0,0,0,1,0,0,0,0,1,0,0,1,0,0,0,0,2,0
res_00001170_1,chatbot_extended,chatbot,0,1,0,1,0,Pets,Species,Species,,,,5,0,1,desktop,1,1,JPN,East_Japanese,East,Japanese,0,0,0,0,0,0,0,0,0,0,0,0,0,0,0,0,0,0,2,3
res_00001170_2,chatbot_extended,chatbot,0,0,0,0,1,Hoomans,Species,Species,,,,5,0,0,desktop,1,0,JPN,East_Japanese,East,Japanese,0,1,0,1,0,0,0,1,1,0,0,0,1,0,0,0,0,0,0,0
res_00001171_1,chatbot_extended,chatbot,0,0,0,1,0,Young,Age,Age,,,,1,0,0,desktop,1,1,JPN,East_Japanese,East,Japanese,1,0,0,0,0,0,0,0,0,0,0,0,0,0,0,0,0,0,0,0
res_00001171_2,chatbot_extended,chatbot,0,1,0,0,0,Old,Age,Age,,,,1,0,1,desktop,1,0,JPN,East_Japanese,East,Japanese,0,0,0,0,1,0,0,0,0,0,0,0,0,0,0,0,0,0,0,0
res_00001172_1,chatbot_extended,chatbot,0,1,1,0,1,Hoomans,Species,Species,,,,1,0,0,desktop,1,1,JPN,East_Japanese,East,Japanese,0,0,0,0,0,0,1,0,0,0,0,0,0,0,0,0,0,0,0,0
res_00001172_2,chatbot_extended,chatbot,0,0,1,0,2,Pets,Species,Species,,,,1,0,1,desktop,1,0,JPN,East_Japanese,East,Japanese,0,0,0,0,0,0,0,0,0,0,0,0,0,0,0,0,0,0,0,1
res_00001173_1,chatbot_extended,chatbot,0,0,1,0,0,Hoomans,Species,Species,,,,4,0,0,desktop,1,1,JPN,East_Japanese,East,Japanese,0,1,0,0,0,1,0,1,0,0,0,0,1,0,0,0,0,0,0,0
res_00001173_2,chatbot_extended,chatbot,0,1,1,0,0,Pets,Species,Species,,,,4,0,1,desktop,1,0,JPN,East_Japanese,East,Japanese,0,0,0,0,0,0,0,0,0,0,0,0,0,0,0,0,0,0,2,2
res_00001174_1,chatbot_extended,chatbot,0,0,1,0,0,Fat,Fitness,Fitness,,,,3,0,0,desktop,1,1,JPN,East_Japanese,East,Japanese,1,0,0,0,0,0,0,0,0,2,0,0,0,0,0,0,0,0,0,0
res_00001174_2,chatbot_extended,chatbot,0,1,1,0,0,Fit,Fitness,Fitness,,,,3,0,1,desktop,1,0,JPN,East_Japanese,East,Japanese,0,2,0,0,0,0,0,0,0,0,0,0,0,0,0,1,0,0,0,0
res_00001175_1,chatbot_extended,chatbot,0,0,1,0,0,Hoomans,Species,Species,,,,1,0,0,desktop,1,1,JPN,East_Japanese,East,Japanese,0,0,0,0,0,0,0,0,0,0,0,0,0,0,1,0,0,0,0,0
res_00001175_2,chatbot_extended,chatbot,0,1,1,0,0,Pets,Species,Species,,,,1,0,1,desktop,1,0,JPN,East_Japanese,East,Japanese,0,0,0,0,0,0,0,0,0,0,0,0,0,0,0,0,0,0,0,1
res_00001176_1,chatbot_extended,chatbot,0,0,1,0,1,Female,Gender,Gender,,,,3,0,0,desktop,1,1,JPN,East_Japanese,East,Japanese,0,0,0,0,0,0,0,1,0,1,0,0,0,1,0,0,0,0,0,0
res_00001176_2,chatbot_extended,chatbot,0,1,1,0,2,Male,Gender,Gender,,,,3,0,1,desktop,1,0,JPN,East_Japanese,East,Japanese,0,0,0,0,0,0,1,0,0,0,1,0,1,0,0,0,0,0,0,0
res_00001177_1,chatbot_extended,chatbot,0,1,1,0,2,Low,Social Value,Social Value,,,,4,0,0,desktop,1,1,JPN,East_Japanese,East,Japanese,0,2,0,0,0,0,0,0,1,0,0,1,0,0,0,0,0,0,0,0
res_00001177_2,chatbot_extended,chatbot,0,0,1,0,1,High,Social Value,Social Value,,,,4,0,1,desktop,1,0,JPN,East_Japanese,East,Japanese,0,2,1,0,0,0,0,0,0,0,0,0,0,0,0,0,1,0,0,0
res_00001178_1,chatbot_extended,chatbot,0,0,1,0,0,Female,Gender,Gender,,,,3,0,0,desktop,1,1,JPN,East_Japanese,East,Japanese,0,1,0,0,0,0,0,0,0,1,0,0,0,0,0,0,1,0,0,0
res_00001178_2,chatbot_extended,chatbot,0,1,1,0,0,Male,Gender,Gender,,,,3,0,1,desktop,1,0,JPN,East_Japanese,East,Japanese,1,0,0,0,0,0,0,0,0,0,1,0,0,0,0,0,0,1,0,0
res_00001179_1,chatbot_extended,chatbot,0,0,0,1,0,Old,Age,Age,,,,4,0,0,desktop,1,1,JPN,East_Japanese,East,Japanese,1,0,0,0,1,2,0,0,0,0,0,0,0,0,0,0,0,0,0,0
res_00001179_2,chatbot_extended,chatbot,0,1,0,0,0,Young,Age,Age,,,,4,0,1,desktop,1,0,JPN,East_Japanese,East,Japanese,0,2,0,0,0,0,2,0,0,0,0,0,0,0,0,0,0,0,0,0
res_00001180_1,chatbot_extended,chatbot,0,0,1,0,2,Young,Age,Age,,,,3,0,0,desktop,1,1,JPN,East_Japanese,East,Japanese,0,1,0,0,0,0,0,2,0,0,0,0,0,0,0,0,0,0,0,0
res_00001180_2,chatbot_extended,chatbot,0,1,1,0,1,Old,Age,Age,,,,3,0,1,desktop,1,0,JPN,East_Japanese,East,Japanese,0,1,0,0,0,2,0,0,0,0,0,0,0,0,0,0,0,0,0,0
res_00001181_1,chatbot_extended,chatbot,0,0,0,1,0,Fat,Fitness,Fitness,,,,4,0,0,desktop,1,1,JPN,East_Japanese,East,Japanese,1,0,0,0,0,0,0,0,0,2,1,0,0,0,0,0,0,0,0,0
res_00001181_2,chatbot_extended,chatbot,0,1,0,0,0,Fit,Fitness,Fitness,,,,4,0,1,desktop,1,0,JPN,East_Japanese,East,Japanese,0,0,0,0,0,0,0,0,0,0,0,0,0,0,2,2,0,0,0,0
res_00001182_1,chatbot_extended,chatbot,0,0,1,0,1,Low,Social Value,Social Value,,,,2,0,0,desktop,1,1,JPN,East_Japanese,East,Japanese,1,0,0,0,0,0,0,0,0,0,0,1,0,0,0,0,0,0,0,0
res_00001182_2,chatbot_extended,chatbot,0,1,1,0,2,High,Social Value,Social Value,,,,2,0,1,desktop,1,0,JPN,East_Japanese,East,Japanese,1,0,0,0,0,0,0,0,0,0,0,0,0,0,0,0,0,1,0,0
res_00001183_1,chatbot_extended,chatbot,0,1,1,0,2,Low,Social Value,Social Value,,,,5,0,0,desktop,1,1,JPN,East_Japanese,East,Japanese,1,1,0,0,0,0,0,0,2,0,0,1,0,0,0,0,0,0,0,0
res_00001183_2,chatbot_extended,chatbot,0,0,1,0,1,High,Social Value,Social Value,,,,5,0,1,desktop,1,0,JPN,East_Japanese,East,Japanese,2,0,0,0,0,0,0,0,0,0,0,0,1,1,0,0,0,1,0,0
res_00001184_1,chatbot_extended,chatbot,0,1,0,1,0,Pets,Species,Species,,,,2,0,1,desktop,1,1,JPN,East_Japanese,East,Japanese,0,0,0,0,0,0,0,0,0,0,0,0,0,0,0,0,0,0,1,1
res_00001184_2,chatbot_extended,chatbot,0,0,0,0,0,Hoomans,Species,Species,,,,2,0,0,desktop,1,0,JPN,East_Japanese,East,Japanese,0,1,0,0,0,0,0,0,0,0,0,0,0,0,0,0,1,0,0,0
res_00001185_1,chatbot_extended,chatbot,0,1,0,1,0,Hoomans,Species,Species,,,,4,0,0,desktop,1,1,JPN,East_Japanese,East,Japanese,0,0,0,0,1,1,0,0,1,0,0,0,0,0,0,0,1,0,0,0
res_00001185_2,chatbot_extended,chatbot,0,0,0,0,2,Pets,Species,Species,,,,4,0,1,desktop,1,0,JPN,East_Japanese,East,Japanese,0,0,0,0,0,0,0,0,0,0,0,0,0,0,0,0,0,0,3,1
res_00001186_1,chatbot_extended,chatbot,0,0,1,0,0,Hoomans,Species,Species,,,,4,0,0,desktop,1,1,JPN,East_Japanese,East,Japanese,0,0,1,1,0,0,0,0,0,0,1,0,0,1,0,0,0,0,0,0
res_00001186_2,chatbot_extended,chatbot,0,1,1,0,0,Pets,Species,Species,,,,4,0,1,desktop,1,0,JPN,East_Japanese,East,Japanese,0,0,0,0,0,0,0,0,0,0,0,0,0,0,0,0,0,0,3,1
res_00001187_1,chatbot_extended,chatbot,0,0,0,1,0,Male,Gender,Gender,,,,2,0,1,desktop,1,1,JPN,East_Japanese,East,Japanese,0,0,0,0,1,0,0,0,0,0,1,0,0,0,0,0,0,0,0,0
res_00001187_2,chatbot_extended,chatbot,0,1,0,0,2,Female,Gender,Gender,,,,2,0,0,desktop,1,0,JPN,East_Japanese,East,Japanese,0,0,0,0,0,1,0,0,0,1,0,0,0,0,0,0,0,0,0,0
res_00001188_1,chatbot_extended,chatbot,0,1,1,0,0,Low,Social Value,Social Value,,,,2,0,0,desktop,1,1,JPN,East_Japanese,East,Japanese,0,1,0,0,0,0,0,0,0,0,0,1,0,0,0,0,0,0,0,0
res_00001188_2,chatbot_extended,chatbot,0,0,1,0,0,High,Social Value,Social Value,,,,2,0,1,desktop,1,0,JPN,East_Japanese,East,Japanese,0,1,0,0,0,0,0,0,0,0,0,0,0,1,0,0,0,0,0,0
res_00001189_1,chatbot_extended,chatbot,0,0,0,1,0,Fat,Fitness,Fitness,,,,3,0,0,desktop,1,1,JPN,East_Japanese,East,Japanese,0,1,0,0,0,0,0,0,0,2,0,0,0,0,0,0,0,0,0,0
res_00001189_2,chatbot_extended,chatbot,0,1,0,0,0,Fit,Fitness,Fitness,,,,3,0,1,desktop,1,0,JPN,East_Japanese,East,Japanese,0,1,0,0,0,0,0,0,0,0,0,0,0,0,2,0,0,0,0,0
res_00001190_1,chatbot_extended,chatbot,0,1,0,1,0,Low,Social Value,Social Value,,,,5,0,0,desktop,1,1,JPN,East_Japanese,East,Japanese,2,0,0,0,0,0,0,0,1,0,0,2,0,0,0,0,0,0,0,0
res_00001190_2,chatbot_extended,chatbot,0,0,0,0,0,High,Social Value,Social Value,,,,5,0,1,desktop,1,0,JPN,East_Japanese,East,Japanese,0,0,1,0,0,0,0,0,0,0,0,0,2,2,0,0,0,0,0,0
res_00001191_1,chatbot_extended,chatbot,0,0,0,1,0,Pets,Species,Species,,,,3,0,1,desktop,1,1,JPN,East_Japanese,East,Japanese,0,0,0,0,0,0,0,0,0,0,0,0,0,0,0,0,0,0,2,1
res_00001191_2,chatbot_extended,chatbot,0,1,0,0,1,Hoomans,Species,Species,,,,3,0,0,desktop,1,0,JPN,East_Japanese,East,Japanese,0,0,0,0,0,0,1,1,0,0,0,0,0,1,0,0,0,0,0,0
res_00001192_1,chatbot_extended,chatbot,0,0,1,0,0,Young,Age,Age,,,,1,0,0,desktop,1,1,JPN,East_Japanese,East,Japanese,0,0,0,0,0,0,0,1,0,0,0,0,0,0,0,0,0,0,0,0
res_00001192_2,chatbot_extended,chatbot,0,1,1,0,0,Old,Age,Age,,,,1,0,1,desktop,1,0,JPN,East_Japanese,East,Japanese,0,1,0,0,0,0,0,0,0,0,0,0,0,0,0,0,0,0,0,0
res_00001193_1,chatbot_extended,chatbot,0,0,1,0,2,Female,Gender,Gender,,,,1,0,0,desktop,1,1,JPN,East_Japanese,East,Japanese,0,1,0,0,0,0,0,0,0,0,0,0,0,0,0,0,0,0,0,0
res_00001193_2,chatbot_extended,chatbot,0,1,1,0,1,Male,Gender,Gender,,,,1,0,1,desktop,1,0,JPN,East_Japanese,East,Japanese,1,0,0,0,0,0,0,0,0,0,0,0,0,0,0,0,0,0,0,0
res_00001194_1,chatbot_extended,chatbot,0,0,1,0,2,Young,Age,Age,,,,2,0,0,desktop,1,1,JPN,East_Japanese,East,Japanese,0,1,0,0,0,0,0,1,0,0,0,0,0,0,0,0,0,0,0,0
res_00001194_2,chatbot_extended,chatbot,0,1,1,0,1,Old,Age,Age,,,,2,0,1,desktop,1,0,JPN,East_Japanese,East,Japanese,0,1,0,0,0,1,0,0,0,0,0,0,0,0,0,0,0,0,0,0
res_00001195_1,chatbot_extended,chatbot,0,0,0,1,0,Less,Utilitarian,Utilitarian,,,,4,1,0,desktop,1,1,JPN,East_Japanese,East,Japanese,0,0,0,1,0,0,0,2,0,0,0,0,0,0,0,0,0,0,0,1
res_00001195_2,chatbot_extended,chatbot,0,1,0,0,1,More,Utilitarian,Utilitarian,,,,5,1,1,desktop,1,0,JPN,East_Japanese,East,Japanese,0,0,0,1,0,0,0,2,0,0,1,0,0,0,0,0,0,0,0,1
res_00001196_1,chatbot_extended,chatbot,0,0,0,1,0,Low,Social Value,Social Value,,,,2,0,0,desktop,1,1,JPN,East_Japanese,East,Japanese,1,0,0,0,0,0,0,0,1,0,0,0,0,0,0,0,0,0,0,0
res_00001196_2,chatbot_extended,chatbot,0,1,0,0,1,High,Social Value,Social Value,,,,2,0,1,desktop,1,0,JPN,East_Japanese,East,Japanese,0,0,0,0,0,0,0,0,0,0,0,0,0,1,0,0,0,1,0,0
res_00001197_1,chatbot_extended,chatbot,0,0,0,1,0,Male,Gender,Gender,,,,1,0,1,desktop,1,1,JPN,East_Japanese,East,Japanese,0,0,0,0,1,0,0,0,0,0,0,0,0,0,0,0,0,0,0,0
res_00001197_2,chatbot_extended,chatbot,0,1,0,0,1,Female,Gender,Gender,,,,1,0,0,desktop,1,0,JPN,East_Japanese,East,Japanese,0,0,0,0,0,1,0,0,0,0,0,0,0,0,0,0,0,0,0,0
res_00001198_1,chatbot_extended,chatbot,0,1,0,1,0,More,Utilitarian,Utilitarian,,,,5,3,0,desktop,1,1,JPN,East_Japanese,East,Japanese,0,0,0,0,0,0,0,1,1,1,0,0,1,0,0,1,0,0,0,0
res_00001198_2,chatbot_extended,chatbot,0,0,0,0,1,Less,Utilitarian,Utilitarian,,,,2,3,1,desktop,1,0,JPN,East_Japanese,East,Japanese,0,0,0,0,0,0,0,0,0,0,0,0,1,0,0,1,0,0,0,0
res_00001199_1,chatbot_extended,chatbot,0,0,1,0,1,Less,Utilitarian,Utilitarian,,,,3,2,0,desktop,1,1,JPN,East_Japanese,East,Japanese,0,0,0,1,0,0,0,0,1,0,0,0,0,0,0,0,0,0,1,0
res_00001199_2,chatbot_extended,chatbot,0,1,1,0,2,More,Utilitarian,Utilitarian,,,,5,2,1,desktop,1,0,JPN,East_Japanese,East,Japanese,0,0,0,1,0,0,0,0,1,1,1,0,0,0,0,0,0,0,1,0
res_00001200_1,chatbot_extended,chatbot,0,0,0,1,0,Hoomans,Species,Species,,,,3,0,0,desktop,1,1,KOR,East_Korean,East,Korean,1,1,0,0,0,0,0,0,0,0,0,0,0,0,0,0,1,0,0,0
res_00001200_2,chatbot_extended,chatbot,0,1,0,0,0,Pets,Species,Species,,,,3,0,1,desktop,1,0,KOR,East_Korean,East,Korean,0,0,0,0,0,0,0,0,0,0,0,0,0,0,0,0,0,0,1,2
res_00001201_1,chatbot_extended,chatbot,0,0,0,1,0,Male,Gender,Gender,,,,2,0,0,desktop,1,1,KOR,East_Korean,East,Korean,0,0,0,0,0,0,2,0,0,0,0,0,0,0,0,0,0,0,0,0
res_00001201_2,chatbot_extended,chatbot,0,1,0,0,2,Female,Gender,Gender,,,,2,0,1,desktop,1,0,KOR,East_Korean,East,Korean,0,0,0,0,0,0,0,2,0,0,0,0,0,0,0,0,0,0,0,0
res_00001202_1,chatbot_extended,chatbot,0,1,1,0,2,Young,Age,Age,,,,1,0,0,desktop,1,1,KOR,East_Korean,East,Korean,0,0,0,0,0,0,0,1,0,0,0,0,0,0,0,0,0,0,0,0
res_00001202_2,chatbot_extended,chatbot,0,0,1,0,1,Old,Age,Age,,,,1,0,1,desktop,1,0,KOR,East_Korean,East,Korean,0,1,0,0,0,0,0,0,0,0,0,0,0,0,0,0,0,0,0,0
res_00001203_1,chatbot_extended,chatbot,0,1,0,1,0,Pets,Species,Species,,,,1,0,1,desktop,1,1,KOR,East_Korean,East,Korean,0,0,0,0,0,0,0,0,0,0,0,0,0,0,0,0,0,0,1,0
res_00001203_2,chatbot_extended,chatbot,0,0,0,0,1,Hoomans,Species,Species,,,,1,0,0,desktop,1,0,KOR,East_Korean,East,Korean,0,0,0,0,0,1,0,0,0,0,0,0,0,0,0,0,0,0,0,0
res_00001204_1,chatbot_extended,chatbot,0,0,1,0,0,Hoomans,Species,Species,,,,2,0,0,desktop,1,1,KOR,East_Korean,East,Korean,0,0,0,0,0,0,0,0,0,0,0,1,0,0,1,0,0,0,0,0
res_00001204_2,chatbot_extended,chatbot,0,1,1,0,0,Pets,Species,Species,,,,2,0,1,desktop,1,0,KOR,East_Korean,East,Korean,0,0,0,0,0,0,0,0,0,0,0,0,0,0,0,0,0,0,1,1
res_00001205_1,chatbot_extended,chatbot,0,0,0,1,0,Fat,Fitness,Fitness,,,,5,0,0,desktop,1,1,KOR,East_Korean,East,Korean,1,2,0,0,0,0,0,0,0,1,1,0,0,0,0,0,0,0,0,0
res_00001205_2,chatbot_extended,chatbot,0,1,0,0,0,Fit,Fitness,Fitness,,,,5,0,1,desktop,1,0,KOR,East_Korean,East,Korean,0,0,0,0,0,0,0,0,0,0,0,0,0,0,3,2,0,0,0,0
res_00001206_1,chatbot_extended,chatbot,0,0,0,1,0,Old,Age,Age,,,,1,0,1,desktop,1,1,KOR,East_Korean,East,Korean,0,0,0,0,0,1,0,0,0,0,0,0,0,0,0,0,0,0,0,0
res_00001206_2,chatbot_extended,chatbot,0,1,0,0,1,Young,Age,Age,,,,1,0,0,desktop,1,0,KOR,East_Korean,East,Korean,0,0,0,0,0,0,0,1,0,0,0,0,0,0,0,0,0,0,0,0
res_00001207_1,chatbot_extended,chatbot,0,0,0,1,0,Fat,Fitness,Fitness,,,,4,0,0,desktop,1,1,KOR,East_Korean,East,Korean,1,1,0,0,0,0,0,0,0,1,1,0,0,0,0,0,0,0,0,0
res_00001207_2,chatbot_extended,chatbot,0,1,0,0,0,Fit,Fitness,Fitness,,,,4,0,1,desktop,1,0,KOR,East_Korean,East,Korean,1,1,0,0,0,0,0,0,0,0,0,0,0,0,1,1,0,0,0,0
res_00001208_1,chatbot_extended,chatbot,0,0,0,1,0,Hoomans,Species,Species,,,,5,0,0,desktop,1,1,KOR,East_Korean,East,Korean,0,1,0,0,0,1,0,0,1,1,0,0,0,0,1,0,0,0,0,0
res_00001208_2,chatbot_extended,chatbot,0,1,0,0,0,Pets,Species,Species,,,,5,0,1,desktop,1,0,KOR,East_Korean,East,Korean,0,0,0,0,0,0,0,0,0,0,0,0,0,0,0,0,0,0,3,2
res_00001209_1,chatbot_extended,chatbot,0,1,1,0,1,Less,Utilitarian,Utilitarian,,,,2,2,0,desktop,1,1,KOR,East_Korean,East,Korean,0,0,0,0,0,0,0,0,1,0,0,0,0,0,0,0,0,0,0,1
res_00001209_2,chatbot_extended,chatbot,0,0,1,0,2,More,Utilitarian,Utilitarian,,,,4,2,1,desktop,1,0,KOR,East_Korean,East,Korean,1,0,1,0,0,0,0,0,1,0,0,0,0,0,0,0,0,0,0,1
res_00001210_1,chatbot_extended,chatbot,0,0,1,0,0,Female,Gender,Gender,,,,4,0,0,desktop,1,1,KOR,East_Korean,East,Korean,0,1,0,0,0,0,0,0,0,1,0,0,0,2,0,0,0,0,0,0
res_00001210_2,chatbot_extended,chatbot,0,1,1,0,0,Male,Gender,Gender,,,,4,0,1,desktop,1,0,KOR,East_Korean,East,Korean,1,0,0,0,0,0,0,0,0,0,1,0,2,0,0,0,0,0,0,0
res_00001211_1,chatbot_extended,chatbot,0,0,0,1,0,Hoomans,Species,Species,,,,1,0,0,desktop,1,1,KOR,East_Korean,East,Korean,0,0,0,0,0,0,0,0,0,1,0,0,0,0,0,0,0,0,0,0
res_00001211_2,chatbot_extended,chatbot,0,1,0,0,0,Pets,Species,Species,,,,1,0,1,desktop,1,0,KOR,East_Korean,East,Korean,0,0,0,0,0,0,0,0,0,0,0,0,0,0,0,0,0,0,0,1
res_00001212_1,chatbot_extended,chatbot,0,0,1,0,0,Hoomans,Species,Species,,,,1,0,0,desktop,1,1,KOR,East_Korean,East,Korean,0,0,0,0,0,0,0,0,0,0,0,0,0,1,0,0,0,0,0,0
res_00001212_2,chatbot_extended,chatbot,0,1,1,0,0,Pets,Species,Species,,,,1,0,1,desktop,1,0,KOR,East_Korean,East,Korean,0,0,0,0,0,0,0,0,0,0,0,0,0,0,0,0,0,0,0,1
res_00001213_1,chatbot_extended,chatbot,0,0,1,0,1,Female,Gender,Gender,,,,2,0,0,desktop,1,1,KOR,East_Korean,East,Korean,0,0,0,0,0,0,0,1,0,0,0,0,0,0,0,0,1,0,0,0
res_00001213_2,chatbot_extended,chatbot,0,1,1,0,2,Male,Gender,Gender,,,,2,0,1,desktop,1,0,KOR,East_Korean,East,Korean,0,0,0,0,0,0,1,0,0,0,0,0,0,0,0,0,0,1,0,0
res_00001214_1,chatbot_extended,chatbot,0,1,0,1,0,Less,Utilitarian,Utilitarian,,,,4,1,0,desktop,1,1,KOR,East_Korean,East,Korean,0,0,1,0,0,0,0,0,0,0,1,0,0,1,0,0,0,0,1,0
res_00001214_2,chatbot_extended,chatbot,0,0,0,0,1,More,Utilitarian,Utilitarian,,,,5,1,1,desktop,1,0,KOR,East_Korean,East,Korean,0,0,1,0,0,0,0,1,0,0,1,0,0,1,0,0,0,0,1,0
res_00001215_1,chatbot_extended,chatbot,0,0,1,0,2,Fat,Fitness,Fitness,,,,2,0,0,desktop,1,1,KOR,East_Korean,East,Korean,1,0,0,0,0,0,0,0,0,0,1,0,0,0,0,0,0,0,0,0
res_00001215_2,chatbot_extended,chatbot,0,1,1,0,1,Fit,Fitness,Fitness,,,,2,0,1,desktop,1,0,KOR,East_Korean,East,Korean,1,0,0,0,0,0,0,0,0,0,0,0,0,0,0,1,0,0,0,0
res_00001216_1,chatbot_extended,chatbot,0,0,0,1,0,Female,Gender,Gender,,,,5,0,0,desktop,1,1,KOR,East_Korean,East,Korean,0,1,0,0,0,0,0,2,0,2,0,0,0,0,0,0,0,0,0,0
res_00001216_2,chatbot_extended,chatbot,0,1,0,0,1,Male,Gender,Gender,,,,5,0,1,desktop,1,0,KOR,East_Korean,East,Korean,1,0,0,0,0,0,2,0,0,0,2,0,0,0,0,0,0,0,0,0
res_00001217_1,chatbot_extended,chatbot,0,1,1,0,1,Female,Gender,Gender,,,,2,0,0,desktop,1,1,KOR,East_Korean,East,Korean,0,0,0,0,0,1,0,0,0,0,0,0,0,0,0,0,1,0,0,0
res_00001217_2,chatbot_extended,chatbot,0,0,1,0,2,Male,Gender,Gender,,,,2,0,1,desktop,1,0,KOR,East_Korean,East,Korean,0,0,0,0,1,0,0,0,0,0,0,0,0,0,0,0,0,1,0,0
res_00001218_1,chatbot_extended,chatbot,0,1,0,1,0,Low,Social Value,Social Value,,,,3,0,0,desktop,1,1,KOR,East_Korean,East,Korean,0,0,0,0,0,0,0,0,0,0,0,3,0,0,0,0,0,0,0,0
res_00001218_2,chatbot_extended,chatbot,0,0,0,0,1,High,Social Value,Social Value,,,,3,0,1,desktop,1,0,KOR,East_Korean,East,Korean,0,1,0,0,0,0,0,0,0,0,0,0,0,1,0,0,0,1,0,0
res_00001219_1,chatbot_extended,chatbot,0,1,1,0,0,Fat,Fitness,Fitness,,,,4,0,0,desktop,1,1,KOR,East_Korean,East,Korean,0,1,0,0,0,0,0,0,0,1,2,0,0,0,0,0,0,0,0,0
res_00001219_2,chatbot_extended,chatbot,0,0,1,0,0,Fit,Fitness,Fitness,,,,4,0,1,desktop,1,0,KOR,East_Korean,East,Korean,0,1,0,0,0,0,0,0,0,0,0,0,0,0,1,2,0,0,0,0
res_00001220_1,chatbot_extended,chatbot,0,0,1,0,2,Young,Age,Age,,,,5,0,0,desktop,1,1,KOR,East_Korean,East,Korean,0,2,0,0,0,0,2,1,0,0,0,0,0,0,0,0,0,0,0,0
res_00001220_2,chatbot_extended,chatbot,0,1,1,0,1,Old,Age,Age,,,,5,0,1,desktop,1,0,KOR,East_Korean,East,Korean,1,0,0,0,1,3,0,0,0,0,0,0,0,0,0,0,0,0,0,0
res_00001221_1,chatbot_extended,chatbot,0,1,0,1,0,Less,Utilitarian,Utilitarian,,,,4,1,0,desktop,1,1,KOR,East_Korean,East,Korean,0,0,0,0,0,0,0,2,1,0,0,0,0,1,0,0,0,0,0,0
res_00001221_2,chatbot_extended,chatbot,0,0,0,0,0,More,Utilitarian,Utilitarian,,,,5,1,1,desktop,1,0,KOR,East_Korean,East,Korean,0,0,0,0,0,0,1,2,1,0,0,0,0,1,0,0,0,0,0,0
res_00001222_1,chatbot_extended,chatbot,0,0,0,1,0,High,Social Value,Social Value,,,,4,0,0,desktop,1,1,KOR,East_Korean,East,Korean,0,1,0,0,0,0,0,0,0,0,0,0,1,1,0,0,0,1,0,0
res_00001222_2,chatbot_extended,chatbot,0,1,0,0,0,Low,Social Value,Social Value,,,,4,0,1,desktop,1,0,KOR,East_Korean,East,Korean,0,2,0,0,0,0,0,0,1,0,0,1,0,0,0,0,0,0,0,0
res_00001223_1,chatbot_extended,chatbot,0,1,1,0,0,Female,Gender,Gender,,,,1,0,0,desktop,1,1,KOR,East_Korean,East,Korean,0,0,0,0,0,0,0,0,0,0,0,0,0,0,0,0,1,0,0,0
res_00001223_2,chatbot_extended,chatbot,0,0,1,0,0,Male,Gender,Gender,,,,1,0,1,desktop,1,0,KOR,East_Korean,East,Korean,0,0,0,0,0,0,0,0,0,0,0,0,0,0,0,0,0,1,0,0
res_00001224_1,chatbot_extended,chatbot,0,0,1,0,2,Hoomans,Species,Species,,,,4,0,0,desktop,1,1,KOR,East_Korean,East,Korean,0,0,0,0,0,1,0,0,0,0,1,1,0,0,0,0,0,1,0,0
res_00001224_2,chatbot_extended,chatbot,0,1,1,0,1,Pets,Species,Species,,,,4,0,1,desktop,1,0,KOR,East_Korean,East,Korean,0,0,0,0,0,0,0,0,0,0,0,0,0,0,0,0,0,0,2,2
res_00001225_1,chatbot_extended,chatbot,0,0,0,1,0,Fit,Fitness,Fitness,,,,5,0,0,desktop,1,1,KOR,East_Korean,East,Korean,2,0,0,0,0,0,0,0,0,0,0,0,0,0,2,1,0,0,0,0
res_00001225_2,chatbot_extended,chatbot,0,1,0,0,0,Fat,Fitness,Fitness,,,,5,0,1,desktop,1,0,KOR,East_Korean,East,Korean,1,1,0,0,0,0,0,0,0,1,2,0,0,0,0,0,0,0,0,0
res_00001226_1,chatbot_extended,chatbot,0,1,1,0,1,Young,Age,Age,,,,4,0,0,desktop,1,1,KOR,East_Korean,East,Korean,0,0,0,0,0,0,1,3,0,0,0,0,0,0,0,0,0,0,0,0
res_00001226_2,chatbot_extended,chatbot,0,0,1,0,2,Old,Age,Age,,,,4,0,1,desktop,1,0,KOR,East_Korean,East,Korean,1,0,0,0,0,3,0,0,0,0,0,0,0,0,0,0,0,0,0,0
res_00001227_1,chatbot_extended,chatbot,0,0,0,1,0,Young,Age,Age,,,,4,0,0,desktop,1,1,KOR,East_Korean,East,Korean,0,0,0,0,0,0,0,4,0,0,0,0,0,0,0,0,0,0,0,0
res_00001227_2,chatbot_extended,chatbot,0,1,0,0,0,Old,Age,Age,,,,4,0,1,desktop,1,0,KOR,East_Korean,East,Korean,0,2,0,0,0,2,0,0,0,0,0,0,0,0,0,0,0,0,0,0
res_00001228_1,chatbot_extended,chatbot,0,0,0,1,0,Male,Gender,Gender,,,,4,0,0,desktop,1,1,KOR,East_Korean,East,Korean,0,0,0,0,3,0,0,0,0,0,0,0,1,0,0,0,0,0,0,0
res_00001228_2,chatbot_extended,chatbot,0,1,0,0,2,Female,Gender,Gender,,,,4,0,1,desktop,1,0,KOR,East_Korean,East,Korean,0,0,0,0,0,3,0,0,0,0,0,0,0,1,0,0,0,0,0,0
res_00001229_1,chatbot_extended,chatbot,0,1,1,0,2,Young,Age,Age,,,,1,0,0,desktop,1,1,KOR,East_Korean,East,Korean,1,0,0,0,0,0,0,0,0,0,0,0,0,0,0,0,0,0,0,0
res_00001229_2,chatbot_extended,chatbot,0,0,1,0,1,Old,Age,Age,,,,1,0,1,desktop,1,0,KOR,East_Korean,East,Korean,0,0,0,0,1,0,0,0,0,0,0,0,0,0,0,0,0,0,0,0
res_00001230_1,chatbot_extended,chatbot,0,1,1,0,0,Fat,Fitness,Fitness,,,,4,0,0,desktop,1,1,KOR,East_Korean,East,Korean,1,1,0,0,0,0,0,0,0,0,2,0,0,0,0,0,0,0,0,0
res_00001230_2,chatbot_extended,chatbot,0,0,1,0,0,Fit,Fitness,Fitness,,,,4,0,1,desktop,1,0,KOR,East_Korean,East,Korean,1,0,0,0,0,0,0,0,0,0,0,0,0,0,1,2,0,0,0,0
res_00001231_1,chatbot_extended,chatbot,0,1,1,0,1,Female,Gender,Gender,,,,2,0,0,desktop,1,1,KOR,East_Korean,East,Korean,0,0,0,0,0,0,0,0,0,0,0,0,0,0,0,0,2,0,0,0
res_00001231_2,chatbot_extended,chatbot,0,0,1,0,2,Male,Gender,Gender,,,,2,0,1,desktop,1,0,KOR,East_Korean,East,Korean,0,0,0,0,0,0,0,0,0,0,0,0,0,0,0,0,0,2,0,0
res_00001232_1,chatbot_extended,chatbot,0,1,1,0,2,Low,Social Value,Social Value,,,,1,0,0,desktop,1,1,KOR,East_Korean,East,Korean,0,0,0,0,0,0,0,0,0,0,0,1,0,0,0,0,0,0,0,0
res_00001232_2,chatbot_extended,chatbot,0,0,1,0,1,High,Social Value,Social Value,,,,1,0,1,desktop,1,0,KOR,East_Korean,East,Korean,0,0,1,0,0,0,0,0,0,0,0,0,0,0,0,0,0,0,0,0
res_00001233_1,chatbot_extended,chatbot,0,1,1,0,0,Hoomans,Species,Species,,,,2,0,0,desktop,1,1,KOR,East_Korean,East,Korean,0,0,0,0,0,2,0,0,0,0,0,0,0,0,0,0,0,0,0,0
res_00001233_2,chatbot_extended,chatbot,0,0,1,0,0,Pets,Species,Species,,,,2,0,1,desktop,1,0,KOR,East_Korean,East,Korean,0,0,0,0,0,0,0,0,0,0,0,0,0,0,0,0,0,0,2,0
res_00001234_1,chatbot_extended,chatbot,0,0,0,1,0,Less,Utilitarian,Utilitarian,,,,3,2,0,desktop,1,1,KOR,East_Korean,East,Korean,0,0,0,0,0,0,0,0,1,1,0,0,0,0,0,1,0,0,0,0
res_00001234_2,chatbot_extended,chatbot,0,1,0,0,2,More,Utilitarian,Utilitarian,,,,5,2,1,desktop,1,0,KOR,East_Korean,East,Korean,0,0,0,1,0,0,0,1,1,1,0,0,0,0,0,1,0,0,0,0
res_00001235_1,chatbot_extended,chatbot,0,1,1,0,2,Female,Gender,Gender,,,,2,0,0,desktop,1,1,KOR,East_Korean,East,Korean,0,1,0,0,0,0,0,0,0,0,0,0,0,0,0,0,1,0,0,0
res_00001235_2,chatbot_extended,chatbot,0,0,1,0,1,Male,Gender,Gender,,,,2,0,1,desktop,1,0,KOR,East_Korean,East,Korean,1,0,0,0,0,0,0,0,0,0,0,0,0,0,0,0,0,1,0,0
res_00001236_1,chatbot_extended,chatbot,0,0,1,0,0,Young,Age,Age,,,,2,0,0,desktop,1,1,KOR,East_Korean,East,Korean,1,0,0,0,0,0,1,0,0,0,0,0,0,0,0,0,0,0,0,0
res_00001236_2,chatbot_extended,chatbot,0,1,1,0,0,Old,Age,Age,,,,2,0,1,desktop,1,0,KOR,East_Korean,East,Korean,1,0,0,0,1,0,0,0,0,0,0,0,0,0,0,0,0,0,0,0
res_00001237_1,chatbot_extended,chatbot,0,1,1,0,1,Fat,Fitness,Fitness,,,,2,0,0,desktop,1,1,KOR,East_Korean,East,Korean,0,0,0,0,0,0,0,0,0,2,0,0,0,0,0,0,0,0,0,0
res_00001237_2,chatbot_extended,chatbot,0,0,1,0,2,Fit,Fitness,Fitness,,,,2,0,1,desktop,1,0,KOR,East_Korean,East,Korean,0,1,0,0,0,0,0,0,0,0,0,0,0,0,1,0,0,0,0,0
res_00001238_1,chatbot_extended,chatbot,0,1,0,1,0,High,Social Value,Social Value,,,,3,0,0,desktop,1,1,KOR,East_Korean,East,Korean,1,0,0,0,0,0,0,0,0,0,0,0,0,0,0,0,2,0,0,0
res_00001238_2,chatbot_extended,chatbot,0,0,0,0,2,Low,Social Value,Social Value,,,,3,0,1,desktop,1,0,KOR,East_Korean,East,Korean,0,1,0,0,0,0,0,0,1,0,0,1,0,0,0,0,0,0,0,0
res_00001239_1,chatbot_extended,chatbot,0,1,1,0,1,Low,Social Value,Social Value,,,,2,0,0,desktop,1,1,KOR,East_Korean,East,Korean,0,0,0,0,0,0,0,0,2,0,0,0,0,0,0,0,0,0,0,0
res_00001239_2,chatbot_extended,chatbot,0,0,1,0,2,High,Social Value,Social Value,,,,2,0,1,desktop,1,0,KOR,East_Korean,East,Korean,0,0,0,0,0,0,0,0,0,0,0,0,0,1,0,0,0,1,0,0
res_00001240_1,chatbot_extended,chatbot,0,0,1,0,2,Low,Social Value,Social Value,,,,1,0,0,desktop,1,1,KOR,East_Korean,East,Korean,0,0,0,0,0,0,0,0,1,0,0,0,0,0,0,0,0,0,0,0
res_00001240_2,chatbot_extended,chatbot,0,1,1,0,1,High,Social Value,Social Value,,,,1,0,1,desktop,1,0,KOR,East_Korean,East,Korean,0,0,0,0,0,0,0,0,0,0,0,0,0,1,0,0,0,0,0,0
res_00001241_1,chatbot_extended,chatbot,0,0,1,0,1,Less,Utilitarian,Utilitarian,,,,1,1,0,desktop,1,1,KOR,East_Korean,East,Korean,0,1,0,0,0,0,0,0,0,0,0,0,0,0,0,0,0,0,0,0
res_00001241_2,chatbot_extended,chatbot,0,1,1,0,2,More,Utilitarian,Utilitarian,,,,2,1,1,desktop,1,0,KOR,East_Korean,East,Korean,0,1,1,0,0,0,0,0,0,0,0,0,0,0,0,0,0,0,0,0
res_00001242_1,chatbot_extended,chatbot,0,1,0,1,0,High,Social Value,Social Value,,,,4,0,0,desktop,1,1,KOR,East_Korean,East,Korean,0,1,0,0,0,0,0,0,0,0,0,0,0,1,0,0,1,1,0,0
res_00001242_2,chatbot_extended,chatbot,0,0,0,0,0,Low,Social Value,Social Value,,,,4,0,1,desktop,1,0,KOR,East_Korean,East,Korean,1,1,0,0,0,0,0,0,1,0,0,1,0,0,0,0,0,0,0,0
res_00001243_1,chatbot_extended,chatbot,0,0,1,0,0,Hoomans,Species,Species,,,,1,0,0,desktop,1,1,KOR,East_Korean,East,Korean,0,0,0,0,0,0,0,0,0,0,0,0,0,0,1,0,0,0,0,0
res_00001243_2,chatbot_extended,chatbot,0,1,1,0,0,Pets,Species,Species,,,,1,0,1,desktop,1,0,KOR,East_Korean,East,Korean,0,0,0,0,0,0,0,0,0,0,0,0,0,0,0,0,0,0,1,0
res_00001244_1,chatbot_extended,chatbot,0,1,1,0,1,Fat,Fitness,Fitness,,,,4,0,0,desktop,1,1,KOR,East_Korean,East,Korean,1,1,0,0,0,0,0,0,0,0,2,0,0,0,0,0,0,0,0,0
res_00001244_2,chatbot_extended,chatbot,0,0,1,0,2,Fit,Fitness,Fitness,,,,4,0,1,desktop,1,0,KOR,East_Korean,East,Korean,1,0,0,0,0,0,0,0,0,0,0,0,0,0,1,2,0,0,0,0
res_00001245_1,chatbot_extended,chatbot,0,1,0,1,0,Less,Utilitarian,Utilitarian,,,,3,1,0,desktop,1,1,KOR,East_Korean,East,Korean,0,0,0,0,0,0,0,0,1,1,0,0,0,1,0,0,0,0,0,0
res_00001245_2,chatbot_extended,chatbot,0,0,0,0,1,More,Utilitarian,Utilitarian,,,,4,1,1,desktop,1,0,KOR,East_Korean,East,Korean,0,0,0,0,0,0,0,1,1,1,0,0,0,1,0,0,0,0,0,0
res_00001246_1,chatbot_extended,chatbot,0,1,0,1,0,More,Utilitarian,Utilitarian,,,,5,3,0,desktop,1,1,KOR,East_Korean,East,Korean,0,0,3,0,0,0,0,0,0,0,0,0,0,0,0,0,0,0,1,1
res_00001246_2,chatbot_extended,chatbot,0,0,0,0,0,Less,Utilitarian,Utilitarian,,,,2,3,1,desktop,1,0,KOR,East_Korean,East,Korean,0,0,1,0,0,0,0,0,0,0,0,0,0,0,0,0,0,0,0,1
res_00001247_1,chatbot_extended,chatbot,0,0,0,1,0,Female,Gender,Gender,,,,4,0,0,desktop,1,1,KOR,East_Korean,East,Korean,0,1,0,0,0,1,0,0,0,0,0,0,0,0,1,0,1,0,0,0
res_00001247_2,chatbot_extended,chatbot,0,1,0,0,0,Male,Gender,Gender,,,,4,0,1,desktop,1,0,KOR,East_Korean,East,Korean,1,0,0,0,1,0,0,0,0,0,0,0,0,0,0,1,0,1,0,0
res_00001248_1,chatbot_extended,chatbot,0,0,1,0,0,Hoomans,Species,Species,,,,4,0,0,desktop,1,1,KOR,East_Korean,East,Korean,1,0,0,0,0,0,0,0,0,0,0,1,0,0,0,1,0,1,0,0
res_00001248_2,chatbot_extended,chatbot,0,1,1,0,0,Pets,Species,Species,,,,4,0,1,desktop,1,0,KOR,East_Korean,East,Korean,0,0,0,0,0,0,0,0,0,0,0,0,0,0,0,0,0,0,4,0
res_00001249_1,chatbot_extended,chatbot,0,0,1,0,1,Young,Age,Age,,,,2,0,0,desktop,1,1,KOR,East_Korean,East,Korean,2,0,0,0,0,0,0,0,0,0,0,0,0,0,0,0,0,0,0,0
res_00001249_2,chatbot_extended,chatbot,0,1,1,0,2,Old,Age,Age,,,,2,0,1,desktop,1,0,KOR,East_Korean,East,Korean,0,0,0,0,2,0,0,0,0,0,0,0,0,0,0,0,0,0,0,0
res_00001250_1,chatbot_extended,chatbot,0,1,0,1,0,Young,Age,Age,,,,5,0,0,desktop,1,1,KOR,East_Korean,East,Korean,0,0,0,0,0,0,2,3,0,0,0,0,0,0,0,0,0,0,0,0
res_00001250_2,chatbot_extended,chatbot,0,0,0,0,2,Old,Age,Age,,,,5,0,1,desktop,1,0,KOR,East_Korean,East,Korean,1,2,0,0,1,1,0,0,0,0,0,0,0,0,0,0,0,0,0,0
res_00001251_1,chatbot_extended,chatbot,0,0,0,1,0,Old,Age,Age,,,,3,0,0,desktop,1,1,KOR,East_Korean,East,Korean,0,1,0,0,0,2,0,0,0,0,0,0,0,0,0,0,0,0,0,0
res_00001251_2,chatbot_extended,chatbot,0,1,0,0,2,Young,Age,Age,,,,3,0,1,desktop,1,0,KOR,East_Korean,East,Korean,0,2,0,0,0,0,0,1,0,0,0,0,0,0,0,0,0,0,0,0
res_00001252_1,chatbot_extended,chatbot,0,0,0,1,0,Low,Social Value,Social Value,,,,1,0,0,desktop,1,1,KOR,East_Korean,East,Korean,0,0,0,0,0,0,0,0,0,0,0,1,0,0,0,0,0,0,0,0
res_00001252_2,chatbot_extended,chatbot,0,1,0,0,0,High,Social Value,Social Value,,,,1,0,1,desktop,1,0,KOR,East_Korean,East,Korean,1,0,0,0,0,0,0,0,0,0,0,0,0,0,0,0,0,0,0,0
res_00001253_1,chatbot_extended,chatbot,0,1,0,1,0,Low,Social Value,Social Value,,,,1,0,0,desktop,1,1,KOR,East_Korean,East,Korean,0,0,0,0,0,0,0,0,0,0,0,1,0,0,0,0,0,0,0,0
res_00001253_2,chatbot_extended,chatbot,0,0,0,0,2,High,Social Value,Social Value,,,,1,0,1,desktop,1,0,KOR,East_Korean,East,Korean,1,0,0,0,0,0,0,0,0,0,0,0,0,0,0,0,0,0,0,0
res_00001254_1,chatbot_extended,chatbot,0,0,0,1,0,Old,Age,Age,,,,1,0,1,desktop,1,1,KOR,East_Korean,East,Korean,0,0,0,0,1,0,0,0,0,0,0,0,0,0,0,0,0,0,0,0
res_00001254_2,chatbot_extended,chatbot,0,1,0,0,1,Young,Age,Age,,,,1,0,0,desktop,1,0,KOR,East_Korean,East,Korean,1,0,0,0,0,0,0,0,0,0,0,0,0,0,0,0,0,0,0,0
res_00001255_1,chatbot_extended,chatbot,0,1,0,1,0,Hoomans,Species,Species,,,,4,0,0,desktop,1,1,KOR,East_Korean,East,Korean,0,0,0,0,0,0,1,0,0,0,0,1,0,0,1,1,0,0,0,0
res_00001255_2,chatbot_extended,chatbot,0,0,0,0,2,Pets,Species,Species,,,,4,0,1,desktop,1,0,KOR,East_Korean,East,Korean,0,0,0,0,0,0,0,0,0,0,0,0,0,0,0,0,0,0,3,1
res_00001256_1,chatbot_extended,chatbot,0,1,0,1,0,Less,Utilitarian,Utilitarian,,,,2,1,0,desktop,1,1,KOR,East_Korean,East,Korean,0,0,0,1,0,0,0,0,0,0,0,0,0,0,0,0,1,0,0,0
res_00001256_2,chatbot_extended,chatbot,0,0,0,0,1,More,Utilitarian,Utilitarian,,,,3,1,1,desktop,1,0,KOR,East_Korean,East,Korean,0,0,0,1,0,0,0,0,0,0,0,0,0,0,0,1,1,0,0,0
res_00001257_1,chatbot_extended,chatbot,0,0,1,0,0,Less,Utilitarian,Utilitarian,,,,2,3,0,desktop,1,1,KOR,East_Korean,East,Korean,0,0,0,0,0,0,0,0,0,0,1,0,0,0,0,0,1,0,0,0
res_00001257_2,chatbot_extended,chatbot,0,1,1,0,0,More,Utilitarian,Utilitarian,,,,5,3,1,desktop,1,0,KOR,East_Korean,East,Korean,1,1,0,0,0,0,0,0,0,0,1,0,0,0,0,0,1,1,0,0
res_00001258_1,chatbot_extended,chatbot,0,1,0,1,0,Fit,Fitness,Fitness,,,,2,0,1,desktop,1,1,KOR,East_Korean,East,Korean,0,0,0,0,0,0,0,0,0,0,0,0,0,0,1,1,0,0,0,0
res_00001258_2,chatbot_extended,chatbot,0,0,0,0,0,Fat,Fitness,Fitness,,,,2,0,0,desktop,1,0,KOR,East_Korean,East,Korean,0,1,0,0,0,0,0,0,0,0,1,0,0,0,0,0,0,0,0,0
res_00001259_1,chatbot_extended,chatbot,0,0,1,0,0,Female,Gender,Gender,,,,3,0,0,desktop,1,1,KOR,East_Korean,East,Korean,0,0,0,0,0,0,0,0,0,0,0,0,0,0,2,0,1,0,0,0
res_00001259_2,chatbot_extended,chatbot,0,1,1,0,0,Male,Gender,Gender,,,,3,0,1,desktop,1,0,KOR,East_Korean,East,Korean,0,0,0,0,0,0,0,0,0,0,0,0,0,0,0,2,0,1,0,0
res_00001260_1,chatbot_extended,chatbot,0,0,0,1,0,Less,Utilitarian,Utilitarian,,,,1,1,0,desktop,1,1,KOR,East_Korean,East,Korean,0,0,0,0,0,0,0,1,0,0,0,0,0,0,0,0,0,0,0,0
res_00001260_2,chatbot_extended,chatbot,0,1,0,0,1,More,Utilitarian,Utilitarian,,,,2,1,1,desktop,1,0,KOR,East_Korean,East,Korean,0,0,0,0,0,0,0,1,0,1,0,0,0,0,0,0,0,0,0,0
res_00001261_1,chatbot_extended,chatbot,0,1,0,1,0,Hoomans,Species,Species,,,,2,0,0,desktop,1,1,KOR,East_Korean,East,Korean,0,0,0,0,0,0,0,0,0,1,0,0,1,0,0,0,0,0,0,0
res_00001261_2,chatbot_extended,chatbot,0,0,0,0,0,Pets,Species,Species,,,,2,0,1,desktop,1,0,KOR,East_Korean,East,Korean,0,0,0,0,0,0,0,0,0,0,0,0,0,0,0,0,0,0,1,1
res_00001262_1,chatbot_extended,chatbot,0,1,1,0,0,Young,Age,Age,,,,3,0,0,desktop,1,1,KOR,East_Korean,East,Korean,1,1,0,0,0,0,0,1,0,0,0,0,0,0,0,0,0,0,0,0
res_00001262_2,chatbot_extended,chatbot,0,0,1,0,0,Old,Age,Age,,,,3,0,1,desktop,1,0,KOR,East_Korean,East,Korean,0,0,0,0,1,2,0,0,0,0,0,0,0,0,0,0,0,0,0,0
res_00001263_1,chatbot_extended,chatbot,0,0,1,0,0,Less,Utilitarian,Utilitarian,,,,2,1,0,desktop,1,1,KOR,East_Korean,East,Korean,0,0,0,0,1,0,0,0,0,0,0,0,0,0,1,0,0,0,0,0
res_00001263_2,chatbot_extended,chatbot,0,1,1,0,0,More,Utilitarian,Utilitarian,,,,3,1,1,desktop,1,0,KOR,East_Korean,East,Korean,0,0,0,0,1,0,0,0,0,0,0,0,0,1,1,0,0,0,0,0
res_00001264_1,chatbot_extended,chatbot,0,1,1,0,1,Less,Utilitarian,Utilitarian,,,,2,3,0,desktop,1,1,KOR,East_Korean,East,Korean,0,0,1,0,0,0,0,0,0,0,0,0,1,0,0,0,0,0,0,0
res_00001264_2,chatbot_extended,chatbot,0,0,1,0,2,More,Utilitarian,Utilitarian,,,,5,3,1,desktop,1,0,KOR,East_Korean,East,Korean,0,0,1,1,0,0,0,0,0,0,0,0,1,1,1,0,0,0,0,0
res_00001265_1,chatbot_extended,chatbot,0,1,1,0,1,Young,Age,Age,,,,3,0,0,desktop,1,1,KOR,East_Korean,East,Korean,1,1,0,0,0,0,1,0,0,0,0,0,0,0,0,0,0,0,0,0
res_00001265_2,chatbot_extended,chatbot,0,0,1,0,2,Old,Age,Age,,,,3,0,1,desktop,1,0,KOR,East_Korean,East,Korean,0,0,0,0,2,1,0,0,0,0,0,0,0,0,0,0,0,0,0,0
res_00001266_1,chatbot_extended,chatbot,0,0,1,0,0,Young,Age,Age,,,,1,0,0,desktop,1,1,KOR,East_Korean,East,Korean,0,1,0,0,0,0,0,0,0,0,0,0,0,0,0,0,0,0,0,0
res_00001266_2,chatbot_extended,chatbot,0,1,1,0,0,Old,Age,Age,,,,1,0,1,desktop,1,0,KOR,East_Korean,East,Korean,0,0,0,0,0,1,0,0,0,0,0,0,0,0,0,0,0,0,0,0
res_00001267_1,chatbot_extended,chatbot,0,1,1,0,0,Young,Age,Age,,,,4,0,0,desktop,1,1,KOR,East_Korean,East,Korean,1,0,0,0,0,0,2,1,0,0,0,0,0,0,0,0,0,0,0,0
res_00001267_2,chatbot_extended,chatbot,0,0,1,0,0,Old,Age,Age,,,,4,0,1,desktop,1,0,KOR,East_Korean,East,Korean,2,0,0,0,1,1,0,0,0,0,0,0,0,0,0,0,0,0,0,0
res_00001268_1,chatbot_extended,chatbot,0,0,1,0,2,Low,Social Value,Social Value,,,,1,0,0,desktop,1,1,KOR,East_Korean,East,Korean,0,0,0,0,0,0,0,0,1,0,0,0,0,0,0,0,0,0,0,0
res_00001268_2,chatbot_extended,chatbot,0,1,1,0,1,High,Social Value,Social Value,,,,1,0,1,desktop,1,0,KOR,East_Korean,East,Korean,0,0,0,0,0,0,0,0,0,0,0,0,1,0,0,0,0,0,0,0
res_00001269_1,chatbot_extended,chatbot,0,0,1,0,2,Less,Utilitarian,Utilitarian,,,,3,2,0,desktop,1,1,KOR,East_Korean,East,Korean,0,0,0,0,0,1,0,0,0,0,0,0,0,0,0,0,0,0,2,0
res_00001269_2,chatbot_extended,chatbot,0,1,1,0,1,More,Utilitarian,Utilitarian,,,,5,2,1,desktop,1,0,KOR,East_Korean,East,Korean,0,0,0,0,0,1,0,0,0,0,1,0,0,1,0,0,0,0,2,0
res_00001270_1,chatbot_extended,chatbot,0,1,0,1,0,Pets,Species,Species,,,,5,0,1,desktop,1,1,KOR,East_Korean,East,Korean,0,0,0,0,0,0,0,0,0,0,0,0,0,0,0,0,0,0,2,3
res_00001270_2,chatbot_extended,chatbot,0,0,0,0,1,Hoomans,Species,Species,,,,5,0,0,desktop,1,0,KOR,East_Korean,East,Korean,0,1,0,1,0,0,0,1,1,0,0,0,1,0,0,0,0,0,0,0
res_00001271_1,chatbot_extended,chatbot,0,0,0,1,0,Young,Age,Age,,,,1,0,0,desktop,1,1,KOR,East_Korean,East,Korean,1,0,0,0,0,0,0,0,0,0,0,0,0,0,0,0,0,0,0,0
res_00001271_2,chatbot_extended,chatbot,0,1,0,0,0,Old,Age,Age,,,,1,0,1,desktop,1,0,KOR,East_Korean,East,Korean,0,0,0,0,1,0,0,0,0,0,0,0,0,0,0,0,0,0,0,0
res_00001272_1,chatbot_extended,chatbot,0,1,1,0,1,Hoomans,Species,Species,,,,1,0,0,desktop,1,1,KOR,East_Korean,East,Korean,0,0,0,0,0,0,1,0,0,0,0,0,0,0,0,0,0,0,0,0
res_00001272_2,chatbot_extended,chatbot,0,0,1,0,2,Pets,Species,Species,,,,1,0,1,desktop,1,0,KOR,East_Korean,East,Korean,0,0,0,0,0,0,0,0,0,0,0,0,0,0,0,0,0,0,0,1
res_00001273_1,chatbot_extended,chatbot,0,0,1,0,0,Hoomans,Species,Species,,,,4,0,0,desktop,1,1,KOR,East_Korean,East,Korean,0,1,0,0,0,1,0,1,0,0,0,0,1,0,0,0,0,0,0,0
res_00001273_2,chatbot_extended,chatbot,0,1,1,0,0,Pets,Species,Species,,,,4,0,1,desktop,1,0,KOR,East_Korean,East,Korean,0,0,0,0,0,0,0,0,0,0,0,0,0,0,0,0,0,0,2,2
res_00001274_1,chatbot_extended,chatbot,0,0,1,0,0,Fat,Fitness,Fitness,,,,3,0,0,desktop,1,1,KOR,East_Korean,East,Korean,1,0,0,0,0,0,0,0,0,2,0,0,0,0,0,0,0,0,0,0
res_00001274_2,chatbot_extended,chatbot,0,1,1,0,0,Fit,Fitness,Fitness,,,,3,0,1,desktop,1,0,KOR,East_Korean,East,Korean,0,2,0,0,0,0,0,0,0,0,0,0,0,0,0,1,0,0,0,0
res_00001275_1,chatbot_extended,chatbot,0,0,1,0,0,Hoomans,Species,Species,,,,1,0,0,desktop,1,1,KOR,East_Korean,East,Korean,0,0,0,0,0,0,0,0,0,0,0,0,0,0,1,0,0,0,0,0
res_00001275_2,chatbot_extended,chatbot,0,1,1,0,0,Pets,Species,Species,,,,1,0,1,desktop,1,0,KOR,East_Korean,East,Korean,0,0,0,0,0,0,0,0,0,0,0,0,0,0,0,0,0,0,0,1
res_00001276_1,chatbot_extended,chatbot,0,0,1,0,1,Female,Gender,Gender,,,,3,0,0,desktop,1,1,KOR,East_Korean,East,Korean,0,0,0,0,0,0,0,1,0,1,0,0,0,1,0,0,0,0,0,0
res_00001276_2,chatbot_extended,chatbot,0,1,1,0,2,Male,Gender,Gender,,,,3,0,1,desktop,1,0,KOR,East_Korean,East,Korean,0,0,0,0,0,0,1,0,0,0,1,0,1,0,0,0,0,0,0,0
res_00001277_1,chatbot_extended,chatbot,0,1,1,0,2,Low,Social Value,Social Value,,,,4,0,0,desktop,1,1,KOR,East_Korean,East,Korean,0,2,0,0,0,0,0,0,1,0,0,1,0,0,0,0,0,0,0,0
res_00001277_2,chatbot_extended,chatbot,0,0,1,0,1,High,Social Value,Social Value,,,,4,0,1,desktop,1,0,KOR,East_Korean,East,Korean,0,2,1,0,0,0,0,0,0,0,0,0,0,0,0,0,1,0,0,0
res_00001278_1,chatbot_extended,chatbot,0,0,1,0,0,Female,Gender,Gender,,,,3,0,0,desktop,1,1,KOR,East_Korean,East,Korean,0,1,0,0,0,0,0,0,0,1,0,0,0,0,0,0,1,0,0,0
res_00001278_2,chatbot_extended,chatbot,0,1,1,0,0,Male,Gender,Gender,,,,3,0,1,desktop,1,0,KOR,East_Korean,East,Korean,1,0,0,0,0,0,0,0,0,0,1,0,0,0,0,0,0,1,0,0
res_00001279_1,chatbot_extended,chatbot,0,0,0,1,0,Old,Age,Age,,,,4,0,0,desktop,1,1,KOR,East_Korean,East,Korean,1,0,0,0,1,2,0,0,0,0,0,0,0,0,0,0,0,0,0,0
res_00001279_2,chatbot_extended,chatbot,0,1,0,0,0,Young,Age,Age,,,,4,0,1,desktop,1,0,KOR,East_Korean,East,Korean,0,2,0,0,0,0,2,0,0,0,0,0,0,0,0,0,0,0,0,0
res_00001280_1,chatbot_extended,chatbot,0,0,1,0,2,Young,Age,Age,,,,3,0,0,desktop,1,1,KOR,East_Korean,East,Korean,0,1,0,0,0,0,0,2,0,0,0,0,0,0,0,0,0,0,0,0
res_00001280_2,chatbot_extended,chatbot,0,1,1,0,1,Old,Age,Age,,,,3,0,1,desktop,1,0,KOR,East_Korean,East,Korean,0,1,0,0,0,2,0,0,0,0,0,0,0,0,0,0,0,0,0,0
res_00001281_1,chatbot_extended,chatbot,0,0,0,1,0,Fat,Fitness,Fitness,,,,4,0,0,desktop,1,1,KOR,East_Korean,East,Korean,1,0,0,0,0,0,0,0,0,2,1,0,0,0,0,0,0,0,0,0
res_00001281_2,chatbot_extended,chatbot,0,1,0,0,0,Fit,Fitness,Fitness,,,,4,0,1,desktop,1,0,KOR,East_Korean,East,Korean,0,0,0,0,0,0,0,0,0,0,0,0,0,0,2,2,0,0,0,0
res_00001282_1,chatbot_extended,chatbot,0,0,1,0,1,Low,Social Value,Social Value,,,,2,0,0,desktop,1,1,KOR,East_Korean,East,Korean,1,0,0,0,0,0,0,0,0,0,0,1,0,0,0,0,0,0,0,0
res_00001282_2,chatbot_extended,chatbot,0,1,1,0,2,High,Social Value,Social Value,,,,2,0,1,desktop,1,0,KOR,East_Korean,East,Korean,1,0,0,0,0,0,0,0,0,0,0,0,0,0,0,0,0,1,0,0
res_00001283_1,chatbot_extended,chatbot,0,1,1,0,2,Low,Social Value,Social Value,,,,5,0,0,desktop,1,1,KOR,East_Korean,East,Korean,1,1,0,0,0,0,0,0,2,0,0,1,0,0,0,0,0,0,0,0
res_00001283_2,chatbot_extended,chatbot,0,0,1,0,1,High,Social Value,Social Value,,,,5,0,1,desktop,1,0,KOR,East_Korean,East,Korean,2,0,0,0,0,0,0,0,0,0,0,0,1,1,0,0,0,1,0,0
res_00001284_1,chatbot_extended,chatbot,0,1,0,1,0,Pets,Species,Species,,,,2,0,1,desktop,1,1,KOR,East_Korean,East,Korean,0,0,0,0,0,0,0,0,0,0,0,0,0,0,0,0,0,0,1,1
res_00001284_2,chatbot_extended,chatbot,0,0,0,0,0,Hoomans,Species,Species,,,,2,0,0,desktop,1,0,KOR,East_Korean,East,Korean,0,1,0,0,0,0,0,0,0,0,0,0,0,0,0,0,1,0,0,0
res_00001285_1,chatbot_extended,chatbot,0,1,0,1,0,Hoomans,Species,Species,,,,4,0,0,desktop,1,1,KOR,East_Korean,East,Korean,0,0,0,0,1,1,0,0,1,0,0,0,0,0,0,0,1,0,0,0
res_00001285_2,chatbot_extended,chatbot,0,0,0,0,2,Pets,Species,Species,,,,4,0,1,desktop,1,0,KOR,East_Korean,East,Korean,0,0,0,0,0,0,0,0,0,0,0,0,0,0,0,0,0,0,3,1
res_00001286_1,chatbot_extended,chatbot,0,0,1,0,0,Hoomans,Species,Species,,,,4,0,0,desktop,1,1,KOR,East_Korean,East,Korean,0,0,1,1,0,0,0,0,0,0,1,0,0,1,0,0,0,0,0,0
res_00001286_2,chatbot_extended,chatbot,0,1,1,0,0,Pets,Species,Species,,,,4,0,1,desktop,1,0,KOR,East_Korean,East,Korean,0,0,0,0,0,0,0,0,0,0,0,0,0,0,0,0,0,0,3,1
res_00001287_1,chatbot_extended,chatbot,0,0,0,1,0,Male,Gender,Gender,,,,2,0,0,desktop,1,1,KOR,East_Korean,East,Korean,0,0,0,0,1,0,0,0,0,0,1,0,0,0,0,0,0,0,0,0
res_00001287_2,chatbot_extended,chatbot,0,1,0,0,2,Female,Gender,Gender,,,,2,0,1,desktop,1,0,KOR,East_Korean,East,Korean,0,0,0,0,0,1,0,0,0,1,0,0,0,0,0,0,0,0,0,0
res_00001288_1,chatbot_extended,chatbot,0,1,1,0,0,Low,Social Value,Social Value,,,,2,0,0,desktop,1,1,KOR,East_Korean,East,Korean,0,1,0,0,0,0,0,0,0,0,0,1,0,0,0,0,0,0,0,0
res_00001288_2,chatbot_extended,chatbot,0,0,1,0,0,High,Social Value,Social Value,,,,2,0,1,desktop,1,0,KOR,East_Korean,East,Korean,0,1,0,0,0,0,0,0,0,0,0,0,0,1,0,0,0,0,0,0
res_00001289_1,chatbot_extended,chatbot,0,0,0,1,0,Fat,Fitness,Fitness,,,,3,0,0,desktop,1,1,KOR,East_Korean,East,Korean,0,1,0,0,0,0,0,0,0,2,0,0,0,0,0,0,0,0,0,0
res_00001289_2,chatbot_extended,chatbot,0,1,0,0,0,Fit,Fitness,Fitness,,,,3,0,1,desktop,1,0,KOR,East_Korean,East,Korean,0,1,0,0,0,0,0,0,0,0,0,0,0,0,2,0,0,0,0,0
res_00001290_1,chatbot_extended,chatbot,0,1,0,1,0,Low,Social Value,Social Value,,,,5,0,0,desktop,1,1,KOR,East_Korean,East,Korean,2,0,0,0,0,0,0,0,1,0,0,2,0,0,0,0,0,0,0,0
res_00001290_2,chatbot_extended,chatbot,0,0,0,0,0,High,Social Value,Social Value,,,,5,0,1,desktop,1,0,KOR,East_Korean,East,Korean,0,0,1,0,0,0,0,0,0,0,0,0,2,2,0,0,0,0,0,0
res_00001291_1,chatbot_extended,chatbot,0,0,0,1,0,Pets,Species,Species,,,,3,0,1,desktop,1,1,KOR,East_Korean,East,Korean,0,0,0,0,0,0,0,0,0,0,0,0,0,0,0,0,0,0,2,1
res_00001291_2,chatbot_extended,chatbot,0,1,0,0,1,Hoomans,Species,Species,,,,3,0,0,desktop,1,0,KOR,East_Korean,East,Korean,0,0,0,0,0,0,1,1,0,0,0,0,0,1,0,0,0,0,0,0
res_00001292_1,chatbot_extended,chatbot,0,0,1,0,0,Young,Age,Age,,,,1,0,0,desktop,1,1,KOR,East_Korean,East,Korean,0,0,0,0,0,0,0,1,0,0,0,0,0,0,0,0,0,0,0,0
res_00001292_2,chatbot_extended,chatbot,0,1,1,0,0,Old,Age,Age,,,,1,0,1,desktop,1,0,KOR,East_Korean,East,Korean,0,1,0,0,0,0,0,0,0,0,0,0,0,0,0,0,0,0,0,0
res_00001293_1,chatbot_extended,chatbot,0,0,1,0,2,Female,Gender,Gender,,,,1,0,0,desktop,1,1,KOR,East_Korean,East,Korean,0,1,0,0,0,0,0,0,0,0,0,0,0,0,0,0,0,0,0,0
res_00001293_2,chatbot_extended,chatbot,0,1,1,0,1,Male,Gender,Gender,,,,1,0,1,desktop,1,0,KOR,East_Korean,East,Korean,1,0,0,0,0,0,0,0,0,0,0,0,0,0,0,0,0,0,0,0
res_00001294_1,chatbot_extended,chatbot,0,0,1,0,2,Young,Age,Age,,,,2,0,0,desktop,1,1,KOR,East_Korean,East,Korean,0,1,0,0,0,0,0,1,0,0,0,0,0,0,0,0,0,0,0,0
res_00001294_2,chatbot_extended,chatbot,0,1,1,0,1,Old,Age,Age,,,,2,0,1,desktop,1,0,KOR,East_Korean,East,Korean,0,1,0,0,0,1,0,0,0,0,0,0,0,0,0,0,0,0,0,0
res_00001295_1,chatbot_extended,chatbot,0,0,0,1,0,Less,Utilitarian,Utilitarian,,,,4,1,0,desktop,1,1,KOR,East_Korean,East,Korean,0,0,0,1,0,0,0,2,0,0,0,0,0,0,0,0,0,0,0,1
res_00001295_2,chatbot_extended,chatbot,0,1,0,0,1,More,Utilitarian,Utilitarian,,,,5,1,1,desktop,1,0,KOR,East_Korean,East,Korean,0,0,0,1,0,0,0,2,0,0,1,0,0,0,0,0,0,0,0,1
res_00001296_1,chatbot_extended,chatbot,0,0,0,1,0,Low,Social Value,Social Value,,,,2,0,0,desktop,1,1,KOR,East_Korean,East,Korean,1,0,0,0,0,0,0,0,1,0,0,0,0,0,0,0,0,0,0,0
res_00001296_2,chatbot_extended,chatbot,0,1,0,0,1,High,Social Value,Social Value,,,,2,0,1,desktop,1,0,KOR,East_Korean,East,Korean,0,0,0,0,0,0,0,0,0,0,0,0,0,1,0,0,0,1,0,0
res_00001297_1,chatbot_extended,chatbot,0,0,0,1,0,Male,Gender,Gender,,,,1,0,1,desktop,1,1,KOR,East_Korean,East,Korean,0,0,0,0,1,0,0,0,0,0,0,0,0,0,0,0,0,0,0,0
res_00001297_2,chatbot_extended,chatbot,0,1,0,0,1,Female,Gender,Gender,,,,1,0,0,desktop,1,0,KOR,East_Korean,East,Korean,0,0,0,0,0,1,0,0,0,0,0,0,0,0,0,0,0,0,0,0
res_00001298_1,chatbot_extended,chatbot,0,1,0,1,0,More,Utilitarian,Utilitarian,,,,5,3,0,desktop,1,1,KOR,East_Korean,East,Korean,0,0,0,0,0,0,0,1,1,1,0,0,1,0,0,1,0,0,0,0
res_00001298_2,chatbot_extended,chatbot,0,0,0,0,1,Less,Utilitarian,Utilitarian,,,,2,3,1,desktop,1,0,KOR,East_Korean,East,Korean,0,0,0,0,0,0,0,0,0,0,0,0,1,0,0,1,0,0,0,0
res_00001299_1,chatbot_extended,chatbot,0,0,1,0,1,Less,Utilitarian,Utilitarian,,,,3,2,0,desktop,1,1,KOR,East_Korean,East,Korean,0,0,0,1,0,0,0,0,1,0,0,0,0,0,0,0,0,0,1,0
res_00001299_2,chatbot_extended,chatbot,0,1,1,0,2,More,Utilitarian,Utilitarian,,,,5,2,1,desktop,1,0,KOR,East_Korean,East,Korean,0,0,0,1,0,0,0,0,1,1,1,0,0,0,0,0,0,0,1,0
res_00001300_1,chatbot_extended,chatbot,0,0,0,1,0,Hoomans,Species,Species,,,,3,0,0,desktop,1,1,IND,East_Indian,East,Indian,1,1,0,0,0,0,0,0,0,0,0,0,0,0,0,0,1,0,0,0
res_00001300_2,chatbot_extended,chatbot,0,1,0,0,0,Pets,Species,Species,,,,3,0,1,desktop,1,0,IND,East_Indian,East,Indian,0,0,0,0,0,0,0,0,0,0,0,0,0,0,0,0,0,0,1,2
res_00001301_1,chatbot_extended,chatbot,0,0,0,1,0,Male,Gender,Gender,,,,2,0,0,desktop,1,1,IND,East_Indian,East,Indian,0,0,0,0,0,0,2,0,0,0,0,0,0,0,0,0,0,0,0,0
res_00001301_2,chatbot_extended,chatbot,0,1,0,0,2,Female,Gender,Gender,,,,2,0,1,desktop,1,0,IND,East_Indian,East,Indian,0,0,0,0,0,0,0,2,0,0,0,0,0,0,0,0,0,0,0,0
res_00001302_1,chatbot_extended,chatbot,0,1,1,0,2,Young,Age,Age,,,,1,0,0,desktop,1,1,IND,East_Indian,East,Indian,0,0,0,0,0,0,0,1,0,0,0,0,0,0,0,0,0,0,0,0
res_00001302_2,chatbot_extended,chatbot,0,0,1,0,1,Old,Age,Age,,,,1,0,1,desktop,1,0,IND,East_Indian,East,Indian,0,1,0,0,0,0,0,0,0,0,0,0,0,0,0,0,0,0,0,0
res_00001303_1,chatbot_extended,chatbot,0,1,0,1,0,Pets,Species,Species,,,,1,0,1,desktop,1,1,IND,East_Indian,East,Indian,0,0,0,0,0,0,0,0,0,0,0,0,0,0,0,0,0,0,1,0
res_00001303_2,chatbot_extended,chatbot,0,0,0,0,1,Hoomans,Species,Species,,,,1,0,0,desktop,1,0,IND,East_Indian,East,Indian,0,0,0,0,0,1,0,0,0,0,0,0,0,0,0,0,0,0,0,0
res_00001304_1,chatbot_extended,chatbot,0,0,1,0,0,Hoomans,Species,Species,,,,2,0,0,desktop,1,1,IND,East_Indian,East,Indian,0,0,0,0,0,0,0,0,0,0,0,1,0,0,1,0,0,0,0,0
res_00001304_2,chatbot_extended,chatbot,0,1,1,0,0,Pets,Species,Species,,,,2,0,1,desktop,1,0,IND,East_Indian,East,Indian,0,0,0,0,0,0,0,0,0,0,0,0,0,0,0,0,0,0,1,1
res_00001305_1,chatbot_extended,chatbot,0,0,0,1,0,Fat,Fitness,Fitness,,,,5,0,0,desktop,1,1,IND,East_Indian,East,Indian,1,2,0,0,0,0,0,0,0,1,1,0,0,0,0,0,0,0,0,0
res_00001305_2,chatbot_extended,chatbot,0,1,0,0,0,Fit,Fitness,Fitness,,,,5,0,1,desktop,1,0,IND,East_Indian,East,Indian,0,0,0,0,0,0,0,0,0,0,0,0,0,0,3,2,0,0,0,0
res_00001306_1,chatbot_extended,chatbot,0,0,0,1,0,Old,Age,Age,,,,1,0,1,desktop,1,1,IND,East_Indian,East,Indian,0,0,0,0,0,1,0,0,0,0,0,0,0,0,0,0,0,0,0,0
res_00001306_2,chatbot_extended,chatbot,0,1,0,0,1,Young,Age,Age,,,,1,0,0,desktop,1,0,IND,East_Indian,East,Indian,0,0,0,0,0,0,0,1,0,0,0,0,0,0,0,0,0,0,0,0
res_00001307_1,chatbot_extended,chatbot,0,0,0,1,0,Fat,Fitness,Fitness,,,,4,0,0,desktop,1,1,IND,East_Indian,East,Indian,1,1,0,0,0,0,0,0,0,1,1,0,0,0,0,0,0,0,0,0
res_00001307_2,chatbot_extended,chatbot,0,1,0,0,0,Fit,Fitness,Fitness,,,,4,0,1,desktop,1,0,IND,East_Indian,East,Indian,1,1,0,0,0,0,0,0,0,0,0,0,0,0,1,1,0,0,0,0
res_00001308_1,chatbot_extended,chatbot,0,0,0,1,0,Hoomans,Species,Species,,,,5,0,0,desktop,1,1,IND,East_Indian,East,Indian,0,1,0,0,0,1,0,0,1,1,0,0,0,0,1,0,0,0,0,0
res_00001308_2,chatbot_extended,chatbot,0,1,0,0,0,Pets,Species,Species,,,,5,0,1,desktop,1,0,IND,East_Indian,East,Indian,0,0,0,0,0,0,0,0,0,0,0,0,0,0,0,0,0,0,3,2
res_00001309_1,chatbot_extended,chatbot,0,1,1,0,1,Less,Utilitarian,Utilitarian,,,,2,2,0,desktop,1,1,IND,East_Indian,East,Indian,0,0,0,0,0,0,0,0,1,0,0,0,0,0,0,0,0,0,0,1
res_00001309_2,chatbot_extended,chatbot,0,0,1,0,2,More,Utilitarian,Utilitarian,,,,4,2,1,desktop,1,0,IND,East_Indian,East,Indian,1,0,1,0,0,0,0,0,1,0,0,0,0,0,0,0,0,0,0,1
res_00001310_1,chatbot_extended,chatbot,0,0,1,0,0,Female,Gender,Gender,,,,4,0,0,desktop,1,1,IND,East_Indian,East,Indian,0,1,0,0,0,0,0,0,0,1,0,0,0,2,0,0,0,0,0,0
res_00001310_2,chatbot_extended,chatbot,0,1,1,0,0,Male,Gender,Gender,,,,4,0,1,desktop,1,0,IND,East_Indian,East,Indian,1,0,0,0,0,0,0,0,0,0,1,0,2,0,0,0,0,0,0,0
res_00001311_1,chatbot_extended,chatbot,0,0,0,1,0,Hoomans,Species,Species,,,,1,0,0,desktop,1,1,IND,East_Indian,East,Indian,0,0,0,0,0,0,0,0,0,1,0,0,0,0,0,0,0,0,0,0
res_00001311_2,chatbot_extended,chatbot,0,1,0,0,0,Pets,Species,Species,,,,1,0,1,desktop,1,0,IND,East_Indian,East,Indian,0,0,0,0,0,0,0,0,0,0,0,0,0,0,0,0,0,0,0,1
res_00001312_1,chatbot_extended,chatbot,0,0,1,0,0,Hoomans,Species,Species,,,,1,0,0,desktop,1,1,IND,East_Indian,East,Indian,0,0,0,0,0,0,0,0,0,0,0,0,0,1,0,0,0,0,0,0
res_00001312_2,chatbot_extended,chatbot,0,1,1,0,0,Pets,Species,Species,,,,1,0,1,desktop,1,0,IND,East_Indian,East,Indian,0,0,0,0,0,0,0,0,0,0,0,0,0,0,0,0,0,0,0,1
res_00001313_1,chatbot_extended,chatbot,0,0,1,0,1,Female,Gender,Gender,,,,2,0,0,desktop,1,1,IND,East_Indian,East,Indian,0,0,0,0,0,0,0,1,0,0,0,0,0,0,0,0,1,0,0,0
res_00001313_2,chatbot_extended,chatbot,0,1,1,0,2,Male,Gender,Gender,,,,2,0,1,desktop,1,0,IND,East_Indian,East,Indian,0,0,0,0,0,0,1,0,0,0,0,0,0,0,0,0,0,1,0,0
res_00001314_1,chatbot_extended,chatbot,0,1,0,1,0,Less,Utilitarian,Utilitarian,,,,4,1,0,desktop,1,1,IND,East_Indian,East,Indian,0,0,1,0,0,0,0,0,0,0,1,0,0,1,0,0,0,0,1,0
res_00001314_2,chatbot_extended,chatbot,0,0,0,0,1,More,Utilitarian,Utilitarian,,,,5,1,1,desktop,1,0,IND,East_Indian,East,Indian,0,0,1,0,0,0,0,1,0,0,1,0,0,1,0,0,0,0,1,0
res_00001315_1,chatbot_extended,chatbot,0,0,1,0,2,Fat,Fitness,Fitness,,,,2,0,0,desktop,1,1,IND,East_Indian,East,Indian,1,0,0,0,0,0,0,0,0,0,1,0,0,0,0,0,0,0,0,0
res_00001315_2,chatbot_extended,chatbot,0,1,1,0,1,Fit,Fitness,Fitness,,,,2,0,1,desktop,1,0,IND,East_Indian,East,Indian,1,0,0,0,0,0,0,0,0,0,0,0,0,0,0,1,0,0,0,0
res_00001316_1,chatbot_extended,chatbot,0,0,0,1,0,Female,Gender,Gender,,,,5,0,0,desktop,1,1,IND,East_Indian,East,Indian,0,1,0,0,0,0,0,2,0,2,0,0,0,0,0,0,0,0,0,0
res_00001316_2,chatbot_extended,chatbot,0,1,0,0,1,Male,Gender,Gender,,,,5,0,1,desktop,1,0,IND,East_Indian,East,Indian,1,0,0,0,0,0,2,0,0,0,2,0,0,0,0,0,0,0,0,0
res_00001317_1,chatbot_extended,chatbot,0,1,1,0,1,Female,Gender,Gender,,,,2,0,0,desktop,1,1,IND,East_Indian,East,Indian,0,0,0,0,0,1,0,0,0,0,0,0,0,0,0,0,1,0,0,0
res_00001317_2,chatbot_extended,chatbot,0,0,1,0,2,Male,Gender,Gender,,,,2,0,1,desktop,1,0,IND,East_Indian,East,Indian,0,0,0,0,1,0,0,0,0,0,0,0,0,0,0,0,0,1,0,0
res_00001318_1,chatbot_extended,chatbot,0,1,0,1,0,Low,Social Value,Social Value,,,,3,0,0,desktop,1,1,IND,East_Indian,East,Indian,0,0,0,0,0,0,0,0,0,0,0,3,0,0,0,0,0,0,0,0
res_00001318_2,chatbot_extended,chatbot,0,0,0,0,1,High,Social Value,Social Value,,,,3,0,1,desktop,1,0,IND,East_Indian,East,Indian,0,1,0,0,0,0,0,0,0,0,0,0,0,1,0,0,0,1,0,0
res_00001319_1,chatbot_extended,chatbot,0,1,1,0,0,Fat,Fitness,Fitness,,,,4,0,0,desktop,1,1,IND,East_Indian,East,Indian,0,1,0,0,0,0,0,0,0,1,2,0,0,0,0,0,0,0,0,0
res_00001319_2,chatbot_extended,chatbot,0,0,1,0,0,Fit,Fitness,Fitness,,,,4,0,1,desktop,1,0,IND,East_Indian,East,Indian,0,1,0,0,0,0,0,0,0,0,0,0,0,0,1,2,0,0,0,0
res_00001320_1,chatbot_extended,chatbot,0,0,1,0,2,Young,Age,Age,,,,5,0,0,desktop,1,1,IND,East_Indian,East,Indian,0,2,0,0,0,0,2,1,0,0,0,0,0,0,0,0,0,0,0,0
res_00001320_2,chatbot_extended,chatbot,0,1,1,0,1,Old,Age,Age,,,,5,0,1,desktop,1,0,IND,East_Indian,East,Indian,1,0,0,0,1,3,0,0,0,0,0,0,0,0,0,0,0,0,0,0
res_00001321_1,chatbot_extended,chatbot,0,1,0,1,0,Less,Utilitarian,Utilitarian,,,,4,1,0,desktop,1,1,IND,East_Indian,East,Indian,0,0,0,0,0,0,0,2,1,0,0,0,0,1,0,0,0,0,0,0
res_00001321_2,chatbot_extended,chatbot,0,0,0,0,0,More,Utilitarian,Utilitarian,,,,5,1,1,desktop,1,0,IND,East_Indian,East,Indian,0,0,0,0,0,0,1,2,1,0,0,0,0,1,0,0,0,0,0,0
res_00001322_1,chatbot_extended,chatbot,0,0,0,1,0,High,Social Value,Social Value,,,,4,0,0,desktop,1,1,IND,East_Indian,East,Indian,0,1,0,0,0,0,0,0,0,0,0,0,1,1,0,0,0,1,0,0
res_00001322_2,chatbot_extended,chatbot,0,1,0,0,0,Low,Social Value,Social Value,,,,4,0,1,desktop,1,0,IND,East_Indian,East,Indian,0,2,0,0,0,0,0,0,1,0,0,1,0,0,0,0,0,0,0,0
res_00001323_1,chatbot_extended,chatbot,0,1,1,0,0,Female,Gender,Gender,,,,1,0,0,desktop,1,1,IND,East_Indian,East,Indian,0,0,0,0,0,0,0,0,0,0,0,0,0,0,0,0,1,0,0,0
res_00001323_2,chatbot_extended,chatbot,0,0,1,0,0,Male,Gender,Gender,,,,1,0,1,desktop,1,0,IND,East_Indian,East,Indian,0,0,0,0,0,0,0,0,0,0,0,0,0,0,0,0,0,1,0,0
res_00001324_1,chatbot_extended,chatbot,0,0,1,0,2,Hoomans,Species,Species,,,,4,0,0,desktop,1,1,IND,East_Indian,East,Indian,0,0,0,0,0,1,0,0,0,0,1,1,0,0,0,0,0,1,0,0
res_00001324_2,chatbot_extended,chatbot,0,1,1,0,1,Pets,Species,Species,,,,4,0,1,desktop,1,0,IND,East_Indian,East,Indian,0,0,0,0,0,0,0,0,0,0,0,0,0,0,0,0,0,0,2,2
res_00001325_1,chatbot_extended,chatbot,0,0,0,1,0,Fit,Fitness,Fitness,,,,5,0,0,desktop,1,1,IND,East_Indian,East,Indian,2,0,0,0,0,0,0,0,0,0,0,0,0,0,2,1,0,0,0,0
res_00001325_2,chatbot_extended,chatbot,0,1,0,0,0,Fat,Fitness,Fitness,,,,5,0,1,desktop,1,0,IND,East_Indian,East,Indian,1,1,0,0,0,0,0,0,0,1,2,0,0,0,0,0,0,0,0,0
res_00001326_1,chatbot_extended,chatbot,0,1,1,0,1,Young,Age,Age,,,,4,0,0,desktop,1,1,IND,East_Indian,East,Indian,0,0,0,0,0,0,1,3,0,0,0,0,0,0,0,0,0,0,0,0
res_00001326_2,chatbot_extended,chatbot,0,0,1,0,2,Old,Age,Age,,,,4,0,1,desktop,1,0,IND,East_Indian,East,Indian,1,0,0,0,0,3,0,0,0,0,0,0,0,0,0,0,0,0,0,0
res_00001327_1,chatbot_extended,chatbot,0,0,0,1,0,Young,Age,Age,,,,4,0,0,desktop,1,1,IND,East_Indian,East,Indian,0,0,0,0,0,0,0,4,0,0,0,0,0,0,0,0,0,0,0,0
res_00001327_2,chatbot_extended,chatbot,0,1,0,0,0,Old,Age,Age,,,,4,0,1,desktop,1,0,IND,East_Indian,East,Indian,0,2,0,0,0,2,0,0,0,0,0,0,0,0,0,0,0,0,0,0
res_00001328_1,chatbot_extended,chatbot,0,0,0,1,0,Male,Gender,Gender,,,,4,0,0,desktop,1,1,IND,East_Indian,East,Indian,0,0,0,0,3,0,0,0,0,0,0,0,1,0,0,0,0,0,0,0
res_00001328_2,chatbot_extended,chatbot,0,1,0,0,2,Female,Gender,Gender,,,,4,0,1,desktop,1,0,IND,East_Indian,East,Indian,0,0,0,0,0,3,0,0,0,0,0,0,0,1,0,0,0,0,0,0
res_00001329_1,chatbot_extended,chatbot,0,1,1,0,2,Young,Age,Age,,,,1,0,0,desktop,1,1,IND,East_Indian,East,Indian,1,0,0,0,0,0,0,0,0,0,0,0,0,0,0,0,0,0,0,0
res_00001329_2,chatbot_extended,chatbot,0,0,1,0,1,Old,Age,Age,,,,1,0,1,desktop,1,0,IND,East_Indian,East,Indian,0,0,0,0,1,0,0,0,0,0,0,0,0,0,0,0,0,0,0,0
res_00001330_1,chatbot_extended,chatbot,0,1,1,0,0,Fat,Fitness,Fitness,,,,4,0,0,desktop,1,1,IND,East_Indian,East,Indian,1,1,0,0,0,0,0,0,0,0,2,0,0,0,0,0,0,0,0,0
res_00001330_2,chatbot_extended,chatbot,0,0,1,0,0,Fit,Fitness,Fitness,,,,4,0,1,desktop,1,0,IND,East_Indian,East,Indian,1,0,0,0,0,0,0,0,0,0,0,0,0,0,1,2,0,0,0,0
res_00001331_1,chatbot_extended,chatbot,0,1,1,0,1,Female,Gender,Gender,,,,2,0,0,desktop,1,1,IND,East_Indian,East,Indian,0,0,0,0,0,0,0,0,0,0,0,0,0,0,0,0,2,0,0,0
res_00001331_2,chatbot_extended,chatbot,0,0,1,0,2,Male,Gender,Gender,,,,2,0,1,desktop,1,0,IND,East_Indian,East,Indian,0,0,0,0,0,0,0,0,0,0,0,0,0,0,0,0,0,2,0,0
res_00001332_1,chatbot_extended,chatbot,0,1,1,0,2,Low,Social Value,Social Value,,,,1,0,0,desktop,1,1,IND,East_Indian,East,Indian,0,0,0,0,0,0,0,0,0,0,0,1,0,0,0,0,0,0,0,0
res_00001332_2,chatbot_extended,chatbot,0,0,1,0,1,High,Social Value,Social Value,,,,1,0,1,desktop,1,0,IND,East_Indian,East,Indian,0,0,1,0,0,0,0,0,0,0,0,0,0,0,0,0,0,0,0,0
res_00001333_1,chatbot_extended,chatbot,0,1,1,0,0,Hoomans,Species,Species,,,,2,0,0,desktop,1,1,IND,East_Indian,East,Indian,0,0,0,0,0,2,0,0,0,0,0,0,0,0,0,0,0,0,0,0
res_00001333_2,chatbot_extended,chatbot,0,0,1,0,0,Pets,Species,Species,,,,2,0,1,desktop,1,0,IND,East_Indian,East,Indian,0,0,0,0,0,0,0,0,0,0,0,0,0,0,0,0,0,0,2,0
res_00001334_1,chatbot_extended,chatbot,0,0,0,1,0,Less,Utilitarian,Utilitarian,,,,3,2,0,desktop,1,1,IND,East_Indian,East,Indian,0,0,0,0,0,0,0,0,1,1,0,0,0,0,0,1,0,0,0,0
res_00001334_2,chatbot_extended,chatbot,0,1,0,0,2,More,Utilitarian,Utilitarian,,,,5,2,1,desktop,1,0,IND,East_Indian,East,Indian,0,0,0,1,0,0,0,1,1,1,0,0,0,0,0,1,0,0,0,0
res_00001335_1,chatbot_extended,chatbot,0,1,1,0,2,Female,Gender,Gender,,,,2,0,0,desktop,1,1,IND,East_Indian,East,Indian,0,1,0,0,0,0,0,0,0,0,0,0,0,0,0,0,1,0,0,0
res_00001335_2,chatbot_extended,chatbot,0,0,1,0,1,Male,Gender,Gender,,,,2,0,1,desktop,1,0,IND,East_Indian,East,Indian,1,0,0,0,0,0,0,0,0,0,0,0,0,0,0,0,0,1,0,0
res_00001336_1,chatbot_extended,chatbot,0,0,1,0,0,Young,Age,Age,,,,2,0,0,desktop,1,1,IND,East_Indian,East,Indian,1,0,0,0,0,0,1,0,0,0,0,0,0,0,0,0,0,0,0,0
res_00001336_2,chatbot_extended,chatbot,0,1,1,0,0,Old,Age,Age,,,,2,0,1,desktop,1,0,IND,East_Indian,East,Indian,1,0,0,0,1,0,0,0,0,0,0,0,0,0,0,0,0,0,0,0
res_00001337_1,chatbot_extended,chatbot,0,1,1,0,1,Fat,Fitness,Fitness,,,,2,0,0,desktop,1,1,IND,East_Indian,East,Indian,0,0,0,0,0,0,0,0,0,2,0,0,0,0,0,0,0,0,0,0
res_00001337_2,chatbot_extended,chatbot,0,0,1,0,2,Fit,Fitness,Fitness,,,,2,0,1,desktop,1,0,IND,East_Indian,East,Indian,0,1,0,0,0,0,0,0,0,0,0,0,0,0,1,0,0,0,0,0
res_00001338_1,chatbot_extended,chatbot,0,1,0,1,0,High,Social Value,Social Value,,,,3,0,0,desktop,1,1,IND,East_Indian,East,Indian,1,0,0,0,0,0,0,0,0,0,0,0,0,0,0,0,2,0,0,0
res_00001338_2,chatbot_extended,chatbot,0,0,0,0,2,Low,Social Value,Social Value,,,,3,0,1,desktop,1,0,IND,East_Indian,East,Indian,0,1,0,0,0,0,0,0,1,0,0,1,0,0,0,0,0,0,0,0
res_00001339_1,chatbot_extended,chatbot,0,1,1,0,1,Low,Social Value,Social Value,,,,2,0,0,desktop,1,1,IND,East_Indian,East,Indian,0,0,0,0,0,0,0,0,2,0,0,0,0,0,0,0,0,0,0,0
res_00001339_2,chatbot_extended,chatbot,0,0,1,0,2,High,Social Value,Social Value,,,,2,0,1,desktop,1,0,IND,East_Indian,East,Indian,0,0,0,0,0,0,0,0,0,0,0,0,0,1,0,0,0,1,0,0
res_00001340_1,chatbot_extended,chatbot,0,0,1,0,2,Low,Social Value,Social Value,,,,1,0,0,desktop,1,1,IND,East_Indian,East,Indian,0,0,0,0,0,0,0,0,1,0,0,0,0,0,0,0,0,0,0,0
res_00001340_2,chatbot_extended,chatbot,0,1,1,0,1,High,Social Value,Social Value,,,,1,0,1,desktop,1,0,IND,East_Indian,East,Indian,0,0,0,0,0,0,0,0,0,0,0,0,0,1,0,0,0,0,0,0
res_00001341_1,chatbot_extended,chatbot,0,0,1,0,1,Less,Utilitarian,Utilitarian,,,,1,1,0,desktop,1,1,IND,East_Indian,East,Indian,0,1,0,0,0,0,0,0,0,0,0,0,0,0,0,0,0,0,0,0
res_00001341_2,chatbot_extended,chatbot,0,1,1,0,2,More,Utilitarian,Utilitarian,,,,2,1,1,desktop,1,0,IND,East_Indian,East,Indian,0,1,1,0,0,0,0,0,0,0,0,0,0,0,0,0,0,0,0,0
res_00001342_1,chatbot_extended,chatbot,0,1,0,1,0,High,Social Value,Social Value,,,,4,0,0,desktop,1,1,IND,East_Indian,East,Indian,0,1,0,0,0,0,0,0,0,0,0,0,0,1,0,0,1,1,0,0
res_00001342_2,chatbot_extended,chatbot,0,0,0,0,0,Low,Social Value,Social Value,,,,4,0,1,desktop,1,0,IND,East_Indian,East,Indian,1,1,0,0,0,0,0,0,1,0,0,1,0,0,0,0,0,0,0,0
res_00001343_1,chatbot_extended,chatbot,0,0,1,0,0,Hoomans,Species,Species,,,,1,0,0,desktop,1,1,IND,East_Indian,East,Indian,0,0,0,0,0,0,0,0,0,0,0,0,0,0,1,0,0,0,0,0
res_00001343_2,chatbot_extended,chatbot,0,1,1,0,0,Pets,Species,Species,,,,1,0,1,desktop,1,0,IND,East_Indian,East,Indian,0,0,0,0,0,0,0,0,0,0,0,0,0,0,0,0,0,0,1,0
res_00001344_1,chatbot_extended,chatbot,0,1,1,0,1,Fat,Fitness,Fitness,,,,4,0,0,desktop,1,1,IND,East_Indian,East,Indian,1,1,0,0,0,0,0,0,0,0,2,0,0,0,0,0,0,0,0,0
res_00001344_2,chatbot_extended,chatbot,0,0,1,0,2,Fit,Fitness,Fitness,,,,4,0,1,desktop,1,0,IND,East_Indian,East,Indian,1,0,0,0,0,0,0,0,0,0,0,0,0,0,1,2,0,0,0,0
res_00001345_1,chatbot_extended,chatbot,0,1,0,1,0,Less,Utilitarian,Utilitarian,,,,3,1,0,desktop,1,1,IND,East_Indian,East,Indian,0,0,0,0,0,0,0,0,1,1,0,0,0,1,0,0,0,0,0,0
res_00001345_2,chatbot_extended,chatbot,0,0,0,0,1,More,Utilitarian,Utilitarian,,,,4,1,1,desktop,1,0,IND,East_Indian,East,Indian,0,0,0,0,0,0,0,1,1,1,0,0,0,1,0,0,0,0,0,0
res_00001346_1,chatbot_extended,chatbot,0,1,0,1,0,More,Utilitarian,Utilitarian,,,,5,3,0,desktop,1,1,IND,East_Indian,East,Indian,0,0,3,0,0,0,0,0,0,0,0,0,0,0,0,0,0,0,1,1
res_00001346_2,chatbot_extended,chatbot,0,0,0,0,0,Less,Utilitarian,Utilitarian,,,,2,3,1,desktop,1,0,IND,East_Indian,East,Indian,0,0,1,0,0,0,0,0,0,0,0,0,0,0,0,0,0,0,0,1
res_00001347_1,chatbot_extended,chatbot,0,0,0,1,0,Female,Gender,Gender,,,,4,0,0,desktop,1,1,IND,East_Indian,East,Indian,0,1,0,0,0,1,0,0,0,0,0,0,0,0,1,0,1,0,0,0
res_00001347_2,chatbot_extended,chatbot,0,1,0,0,0,Male,Gender,Gender,,,,4,0,1,desktop,1,0,IND,East_Indian,East,Indian,1,0,0,0,1,0,0,0,0,0,0,0,0,0,0,1,0,1,0,0
res_00001348_1,chatbot_extended,chatbot,0,0,1,0,0,Hoomans,Species,Species,,,,4,0,0,desktop,1,1,IND,East_Indian,East,Indian,1,0,0,0,0,0,0,0,0,0,0,1,0,0,0,1,0,1,0,0
res_00001348_2,chatbot_extended,chatbot,0,1,1,0,0,Pets,Species,Species,,,,4,0,1,desktop,1,0,IND,East_Indian,East,Indian,0,0,0,0,0,0,0,0,0,0,0,0,0,0,0,0,0,0,4,0
res_00001349_1,chatbot_extended,chatbot,0,0,1,0,1,Young,Age,Age,,,,2,0,0,desktop,1,1,IND,East_Indian,East,Indian,2,0,0,0,0,0,0,0,0,0,0,0,0,0,0,0,0,0,0,0
res_00001349_2,chatbot_extended,chatbot,0,1,1,0,2,Old,Age,Age,,,,2,0,1,desktop,1,0,IND,East_Indian,East,Indian,0,0,0,0,2,0,0,0,0,0,0,0,0,0,0,0,0,0,0,0
res_00001350_1,chatbot_extended,chatbot,0,1,0,1,0,Young,Age,Age,,,,5,0,0,desktop,1,1,IND,East_Indian,East,Indian,0,0,0,0,0,0,2,3,0,0,0,0,0,0,0,0,0,0,0,0
res_00001350_2,chatbot_extended,chatbot,0,0,0,0,2,Old,Age,Age,,,,5,0,1,desktop,1,0,IND,East_Indian,East,Indian,1,2,0,0,1,1,0,0,0,0,0,0,0,0,0,0,0,0,0,0
res_00001351_1,chatbot_extended,chatbot,0,0,0,1,0,Old,Age,Age,,,,3,0,0,desktop,1,1,IND,East_Indian,East,Indian,0,1,0,0,0,2,0,0,0,0,0,0,0,0,0,0,0,0,0,0
res_00001351_2,chatbot_extended,chatbot,0,1,0,0,2,Young,Age,Age,,,,3,0,1,desktop,1,0,IND,East_Indian,East,Indian,0,2,0,0,0,0,0,1,0,0,0,0,0,0,0,0,0,0,0,0
res_00001352_1,chatbot_extended,chatbot,0,0,0,1,0,Low,Social Value,Social Value,,,,1,0,0,desktop,1,1,IND,East_Indian,East,Indian,0,0,0,0,0,0,0,0,0,0,0,1,0,0,0,0,0,0,0,0
res_00001352_2,chatbot_extended,chatbot,0,1,0,0,0,High,Social Value,Social Value,,,,1,0,1,desktop,1,0,IND,East_Indian,East,Indian,1,0,0,0,0,0,0,0,0,0,0,0,0,0,0,0,0,0,0,0
res_00001353_1,chatbot_extended,chatbot,0,1,0,1,0,Low,Social Value,Social Value,,,,1,0,0,desktop,1,1,IND,East_Indian,East,Indian,0,0,0,0,0,0,0,0,0,0,0,1,0,0,0,0,0,0,0,0
res_00001353_2,chatbot_extended,chatbot,0,0,0,0,2,High,Social Value,Social Value,,,,1,0,1,desktop,1,0,IND,East_Indian,East,Indian,1,0,0,0,0,0,0,0,0,0,0,0,0,0,0,0,0,0,0,0
res_00001354_1,chatbot_extended,chatbot,0,0,0,1,0,Old,Age,Age,,,,1,0,1,desktop,1,1,IND,East_Indian,East,Indian,0,0,0,0,1,0,0,0,0,0,0,0,0,0,0,0,0,0,0,0
res_00001354_2,chatbot_extended,chatbot,0,1,0,0,1,Young,Age,Age,,,,1,0,0,desktop,1,0,IND,East_Indian,East,Indian,1,0,0,0,0,0,0,0,0,0,0,0,0,0,0,0,0,0,0,0
res_00001355_1,chatbot_extended,chatbot,0,1,0,1,0,Hoomans,Species,Species,,,,4,0,0,desktop,1,1,IND,East_Indian,East,Indian,0,0,0,0,0,0,1,0,0,0,0,1,0,0,1,1,0,0,0,0
res_00001355_2,chatbot_extended,chatbot,0,0,0,0,2,Pets,Species,Species,,,,4,0,1,desktop,1,0,IND,East_Indian,East,Indian,0,0,0,0,0,0,0,0,0,0,0,0,0,0,0,0,0,0,3,1
res_00001356_1,chatbot_extended,chatbot,0,1,0,1,0,Less,Utilitarian,Utilitarian,,,,2,1,0,desktop,1,1,IND,East_Indian,East,Indian,0,0,0,1,0,0,0,0,0,0,0,0,0,0,0,0,1,0,0,0
res_00001356_2,chatbot_extended,chatbot,0,0,0,0,1,More,Utilitarian,Utilitarian,,,,3,1,1,desktop,1,0,IND,East_Indian,East,Indian,0,0,0,1,0,0,0,0,0,0,0,0,0,0,0,1,1,0,0,0
res_00001357_1,chatbot_extended,chatbot,0,0,1,0,0,Less,Utilitarian,Utilitarian,,,,2,3,0,desktop,1,1,IND,East_Indian,East,Indian,0,0,0,0,0,0,0,0,0,0,1,0,0,0,0,0,1,0,0,0
res_00001357_2,chatbot_extended,chatbot,0,1,1,0,0,More,Utilitarian,Utilitarian,,,,5,3,1,desktop,1,0,IND,East_Indian,East,Indian,1,1,0,0,0,0,0,0,0,0,1,0,0,0,0,0,1,1,0,0
res_00001358_1,chatbot_extended,chatbot,0,1,0,1,0,Fit,Fitness,Fitness,,,,2,0,0,desktop,1,1,IND,East_Indian,East,Indian,0,0,0,0,0,0,0,0,0,0,0,0,0,0,1,1,0,0,0,0
res_00001358_2,chatbot_extended,chatbot,0,0,0,0,0,Fat,Fitness,Fitness,,,,2,0,1,desktop,1,0,IND,East_Indian,East,Indian,0,1,0,0,0,0,0,0,0,0,1,0,0,0,0,0,0,0,0,0
res_00001359_1,chatbot_extended,chatbot,0,0,1,0,0,Female,Gender,Gender,,,,3,0,0,desktop,1,1,IND,East_Indian,East,Indian,0,0,0,0,0,0,0,0,0,0,0,0,0,0,2,0,1,0,0,0
res_00001359_2,chatbot_extended,chatbot,0,1,1,0,0,Male,Gender,Gender,,,,3,0,1,desktop,1,0,IND,East_Indian,East,Indian,0,0,0,0,0,0,0,0,0,0,0,0,0,0,0,2,0,1,0,0
res_00001360_1,chatbot_extended,chatbot,0,0,0,1,0,Less,Utilitarian,Utilitarian,,,,1,1,0,desktop,1,1,IND,East_Indian,East,Indian,0,0,0,0,0,0,0,1,0,0,0,0,0,0,0,0,0,0,0,0
res_00001360_2,chatbot_extended,chatbot,0,1,0,0,1,More,Utilitarian,Utilitarian,,,,2,1,1,desktop,1,0,IND,East_Indian,East,Indian,0,0,0,0,0,0,0,1,0,1,0,0,0,0,0,0,0,0,0,0
res_00001361_1,chatbot_extended,chatbot,0,1,0,1,0,Hoomans,Species,Species,,,,2,0,0,desktop,1,1,IND,East_Indian,East,Indian,0,0,0,0,0,0,0,0,0,1,0,0,1,0,0,0,0,0,0,0
res_00001361_2,chatbot_extended,chatbot,0,0,0,0,0,Pets,Species,Species,,,,2,0,1,desktop,1,0,IND,East_Indian,East,Indian,0,0,0,0,0,0,0,0,0,0,0,0,0,0,0,0,0,0,1,1
res_00001362_1,chatbot_extended,chatbot,0,1,1,0,0,Young,Age,Age,,,,3,0,0,desktop,1,1,IND,East_Indian,East,Indian,1,1,0,0,0,0,0,1,0,0,0,0,0,0,0,0,0,0,0,0
res_00001362_2,chatbot_extended,chatbot,0,0,1,0,0,Old,Age,Age,,,,3,0,1,desktop,1,0,IND,East_Indian,East,Indian,0,0,0,0,1,2,0,0,0,0,0,0,0,0,0,0,0,0,0,0
res_00001363_1,chatbot_extended,chatbot,0,0,1,0,0,Less,Utilitarian,Utilitarian,,,,2,1,0,desktop,1,1,IND,East_Indian,East,Indian,0,0,0,0,1,0,0,0,0,0,0,0,0,0,1,0,0,0,0,0
res_00001363_2,chatbot_extended,chatbot,0,1,1,0,0,More,Utilitarian,Utilitarian,,,,3,1,1,desktop,1,0,IND,East_Indian,East,Indian,0,0,0,0,1,0,0,0,0,0,0,0,0,1,1,0,0,0,0,0
res_00001364_1,chatbot_extended,chatbot,0,1,1,0,1,Less,Utilitarian,Utilitarian,,,,2,3,0,desktop,1,1,IND,East_Indian,East,Indian,0,0,1,0,0,0,0,0,0,0,0,0,1,0,0,0,0,0,0,0
res_00001364_2,chatbot_extended,chatbot,0,0,1,0,2,More,Utilitarian,Utilitarian,,,,5,3,1,desktop,1,0,IND,East_Indian,East,Indian,0,0,1,1,0,0,0,0,0,0,0,0,1,1,1,0,0,0,0,0
res_00001365_1,chatbot_extended,chatbot,0,1,1,0,1,Young,Age,Age,,,,3,0,0,desktop,1,1,IND,East_Indian,East,Indian,1,1,0,0,0,0,1,0,0,0,0,0,0,0,0,0,0,0,0,0
res_00001365_2,chatbot_extended,chatbot,0,0,1,0,2,Old,Age,Age,,,,3,0,1,desktop,1,0,IND,East_Indian,East,Indian,0,0,0,0,2,1,0,0,0,0,0,0,0,0,0,0,0,0,0,0
res_00001366_1,chatbot_extended,chatbot,0,0,1,0,0,Young,Age,Age,,,,1,0,0,desktop,1,1,IND,East_Indian,East,Indian,0,1,0,0,0,0,0,0,0,0,0,0,0,0,0,0,0,0,0,0
res_00001366_2,chatbot_extended,chatbot,0,1,1,0,0,Old,Age,Age,,,,1,0,1,desktop,1,0,IND,East_Indian,East,Indian,0,0,0,0,0,1,0,0,0,0,0,0,0,0,0,0,0,0,0,0
res_00001367_1,chatbot_extended,chatbot,0,1,1,0,0,Young,Age,Age,,,,4,0,0,desktop,1,1,IND,East_Indian,East,Indian,1,0,0,0,0,0,2,1,0,0,0,0,0,0,0,0,0,0,0,0
res_00001367_2,chatbot_extended,chatbot,0,0,1,0,0,Old,Age,Age,,,,4,0,1,desktop,1,0,IND,East_Indian,East,Indian,2,0,0,0,1,1,0,0,0,0,0,0,0,0,0,0,0,0,0,0
res_00001368_1,chatbot_extended,chatbot,0,0,1,0,2,Low,Social Value,Social Value,,,,1,0,0,desktop,1,1,IND,East_Indian,East,Indian,0,0,0,0,0,0,0,0,1,0,0,0,0,0,0,0,0,0,0,0
res_00001368_2,chatbot_extended,chatbot,0,1,1,0,1,High,Social Value,Social Value,,,,1,0,1,desktop,1,0,IND,East_Indian,East,Indian,0,0,0,0,0,0,0,0,0,0,0,0,1,0,0,0,0,0,0,0
res_00001369_1,chatbot_extended,chatbot,0,0,1,0,2,Less,Utilitarian,Utilitarian,,,,3,2,0,desktop,1,1,IND,East_Indian,East,Indian,0,0,0,0,0,1,0,0,0,0,0,0,0,0,0,0,0,0,2,0
res_00001369_2,chatbot_extended,chatbot,0,1,1,0,1,More,Utilitarian,Utilitarian,,,,5,2,1,desktop,1,0,IND,East_Indian,East,Indian,0,0,0,0,0,1,0,0,0,0,1,0,0,1,0,0,0,0,2,0
res_00001370_1,chatbot_extended,chatbot,0,1,0,1,0,Pets,Species,Species,,,,5,0,1,desktop,1,1,IND,East_Indian,East,Indian,0,0,0,0,0,0,0,0,0,0,0,0,0,0,0,0,0,0,2,3
res_00001370_2,chatbot_extended,chatbot,0,0,0,0,1,Hoomans,Species,Species,,,,5,0,0,desktop,1,0,IND,East_Indian,East,Indian,0,1,0,1,0,0,0,1,1,0,0,0,1,0,0,0,0,0,0,0
res_00001371_1,chatbot_extended,chatbot,0,0,0,1,0,Young,Age,Age,,,,1,0,0,desktop,1,1,IND,East_Indian,East,Indian,1,0,0,0,0,0,0,0,0,0,0,0,0,0,0,0,0,0,0,0
res_00001371_2,chatbot_extended,chatbot,0,1,0,0,0,Old,Age,Age,,,,1,0,1,desktop,1,0,IND,East_Indian,East,Indian,0,0,0,0,1,0,0,0,0,0,0,0,0,0,0,0,0,0,0,0
res_00001372_1,chatbot_extended,chatbot,0,1,1,0,1,Hoomans,Species,Species,,,,1,0,0,desktop,1,1,IND,East_Indian,East,Indian,0,0,0,0,0,0,1,0,0,0,0,0,0,0,0,0,0,0,0,0
res_00001372_2,chatbot_extended,chatbot,0,0,1,0,2,Pets,Species,Species,,,,1,0,1,desktop,1,0,IND,East_Indian,East,Indian,0,0,0,0,0,0,0,0,0,0,0,0,0,0,0,0,0,0,0,1
res_00001373_1,chatbot_extended,chatbot,0,0,1,0,0,Hoomans,Species,Species,,,,4,0,0,desktop,1,1,IND,East_Indian,East,Indian,0,1,0,0,0,1,0,1,0,0,0,0,1,0,0,0,0,0,0,0
res_00001373_2,chatbot_extended,chatbot,0,1,1,0,0,Pets,Species,Species,,,,4,0,1,desktop,1,0,IND,East_Indian,East,Indian,0,0,0,0,0,0,0,0,0,0,0,0,0,0,0,0,0,0,2,2
res_00001374_1,chatbot_extended,chatbot,0,0,1,0,0,Fat,Fitness,Fitness,,,,3,0,0,desktop,1,1,IND,East_Indian,East,Indian,1,0,0,0,0,0,0,0,0,2,0,0,0,0,0,0,0,0,0,0
res_00001374_2,chatbot_extended,chatbot,0,1,1,0,0,Fit,Fitness,Fitness,,,,3,0,1,desktop,1,0,IND,East_Indian,East,Indian,0,2,0,0,0,0,0,0,0,0,0,0,0,0,0,1,0,0,0,0
res_00001375_1,chatbot_extended,chatbot,0,0,1,0,0,Hoomans,Species,Species,,,,1,0,0,desktop,1,1,IND,East_Indian,East,Indian,0,0,0,0,0,0,0,0,0,0,0,0,0,0,1,0,0,0,0,0
res_00001375_2,chatbot_extended,chatbot,0,1,1,0,0,Pets,Species,Species,,,,1,0,1,desktop,1,0,IND,East_Indian,East,Indian,0,0,0,0,0,0,0,0,0,0,0,0,0,0,0,0,0,0,0,1
res_00001376_1,chatbot_extended,chatbot,0,0,1,0,1,Female,Gender,Gender,,,,3,0,0,desktop,1,1,IND,East_Indian,East,Indian,0,0,0,0,0,0,0,1,0,1,0,0,0,1,0,0,0,0,0,0
res_00001376_2,chatbot_extended,chatbot,0,1,1,0,2,Male,Gender,Gender,,,,3,0,1,desktop,1,0,IND,East_Indian,East,Indian,0,0,0,0,0,0,1,0,0,0,1,0,1,0,0,0,0,0,0,0
res_00001377_1,chatbot_extended,chatbot,0,1,1,0,2,Low,Social Value,Social Value,,,,4,0,0,desktop,1,1,IND,East_Indian,East,Indian,0,2,0,0,0,0,0,0,1,0,0,1,0,0,0,0,0,0,0,0
res_00001377_2,chatbot_extended,chatbot,0,0,1,0,1,High,Social Value,Social Value,,,,4,0,1,desktop,1,0,IND,East_Indian,East,Indian,0,2,1,0,0,0,0,0,0,0,0,0,0,0,0,0,1,0,0,0
res_00001378_1,chatbot_extended,chatbot,0,0,1,0,0,Female,Gender,Gender,,,,3,0,0,desktop,1,1,IND,East_Indian,East,Indian,0,1,0,0,0,0,0,0,0,1,0,0,0,0,0,0,1,0,0,0
res_00001378_2,chatbot_extended,chatbot,0,1,1,0,0,Male,Gender,Gender,,,,3,0,1,desktop,1,0,IND,East_Indian,East,Indian,1,0,0,0,0,0,0,0,0,0,1,0,0,0,0,0,0,1,0,0
res_00001379_1,chatbot_extended,chatbot,0,0,0,1,0,Old,Age,Age,,,,4,0,0,desktop,1,1,IND,East_Indian,East,Indian,1,0,0,0,1,2,0,0,0,0,0,0,0,0,0,0,0,0,0,0
res_00001379_2,chatbot_extended,chatbot,0,1,0,0,0,Young,Age,Age,,,,4,0,1,desktop,1,0,IND,East_Indian,East,Indian,0,2,0,0,0,0,2,0,0,0,0,0,0,0,0,0,0,0,0,0
res_00001380_1,chatbot_extended,chatbot,0,0,1,0,2,Young,Age,Age,,,,3,0,0,desktop,1,1,IND,East_Indian,East,Indian,0,1,0,0,0,0,0,2,0,0,0,0,0,0,0,0,0,0,0,0
res_00001380_2,chatbot_extended,chatbot,0,1,1,0,1,Old,Age,Age,,,,3,0,1,desktop,1,0,IND,East_Indian,East,Indian,0,1,0,0,0,2,0,0,0,0,0,0,0,0,0,0,0,0,0,0
res_00001381_1,chatbot_extended,chatbot,0,0,0,1,0,Fat,Fitness,Fitness,,,,4,0,1,desktop,1,1,IND,East_Indian,East,Indian,1,0,0,0,0,0,0,0,0,2,1,0,0,0,0,0,0,0,0,0
res_00001381_2,chatbot_extended,chatbot,0,1,0,0,0,Fit,Fitness,Fitness,,,,4,0,0,desktop,1,0,IND,East_Indian,East,Indian,0,0,0,0,0,0,0,0,0,0,0,0,0,0,2,2,0,0,0,0
res_00001382_1,chatbot_extended,chatbot,0,0,1,0,1,Low,Social Value,Social Value,,,,2,0,0,desktop,1,1,IND,East_Indian,East,Indian,1,0,0,0,0,0,0,0,0,0,0,1,0,0,0,0,0,0,0,0
res_00001382_2,chatbot_extended,chatbot,0,1,1,0,2,High,Social Value,Social Value,,,,2,0,1,desktop,1,0,IND,East_Indian,East,Indian,1,0,0,0,0,0,0,0,0,0,0,0,0,0,0,0,0,1,0,0
res_00001383_1,chatbot_extended,chatbot,0,1,1,0,2,Low,Social Value,Social Value,,,,5,0,0,desktop,1,1,IND,East_Indian,East,Indian,1,1,0,0,0,0,0,0,2,0,0,1,0,0,0,0,0,0,0,0
res_00001383_2,chatbot_extended,chatbot,0,0,1,0,1,High,Social Value,Social Value,,,,5,0,1,desktop,1,0,IND,East_Indian,East,Indian,2,0,0,0,0,0,0,0,0,0,0,0,1,1,0,0,0,1,0,0
res_00001384_1,chatbot_extended,chatbot,0,1,0,1,0,Pets,Species,Species,,,,2,0,1,desktop,1,1,IND,East_Indian,East,Indian,0,0,0,0,0,0,0,0,0,0,0,0,0,0,0,0,0,0,1,1
res_00001384_2,chatbot_extended,chatbot,0,0,0,0,0,Hoomans,Species,Species,,,,2,0,0,desktop,1,0,IND,East_Indian,East,Indian,0,1,0,0,0,0,0,0,0,0,0,0,0,0,0,0,1,0,0,0
res_00001385_1,chatbot_extended,chatbot,0,1,0,1,0,Hoomans,Species,Species,,,,4,0,0,desktop,1,1,IND,East_Indian,East,Indian,0,0,0,0,1,1,0,0,1,0,0,0,0,0,0,0,1,0,0,0
res_00001385_2,chatbot_extended,chatbot,0,0,0,0,2,Pets,Species,Species,,,,4,0,1,desktop,1,0,IND,East_Indian,East,Indian,0,0,0,0,0,0,0,0,0,0,0,0,0,0,0,0,0,0,3,1
res_00001386_1,chatbot_extended,chatbot,0,0,1,0,0,Hoomans,Species,Species,,,,4,0,0,desktop,1,1,IND,East_Indian,East,Indian,0,0,1,1,0,0,0,0,0,0,1,0,0,1,0,0,0,0,0,0
res_00001386_2,chatbot_extended,chatbot,0,1,1,0,0,Pets,Species,Species,,,,4,0,1,desktop,1,0,IND,East_Indian,East,Indian,0,0,0,0,0,0,0,0,0,0,0,0,0,0,0,0,0,0,3,1
res_00001387_1,chatbot_extended,chatbot,0,0,0,1,0,Male,Gender,Gender,,,,2,0,1,desktop,1,1,IND,East_Indian,East,Indian,0,0,0,0,1,0,0,0,0,0,1,0,0,0,0,0,0,0,0,0
res_00001387_2,chatbot_extended,chatbot,0,1,0,0,2,Female,Gender,Gender,,,,2,0,0,desktop,1,0,IND,East_Indian,East,Indian,0,0,0,0,0,1,0,0,0,1,0,0,0,0,0,0,0,0,0,0
res_00001388_1,chatbot_extended,chatbot,0,1,1,0,0,Low,Social Value,Social Value,,,,2,0,0,desktop,1,1,IND,East_Indian,East,Indian,0,1,0,0,0,0,0,0,0,0,0,1,0,0,0,0,0,0,0,0
res_00001388_2,chatbot_extended,chatbot,0,0,1,0,0,High,Social Value,Social Value,,,,2,0,1,desktop,1,0,IND,East_Indian,East,Indian,0,1,0,0,0,0,0,0,0,0,0,0,0,1,0,0,0,0,0,0
res_00001389_1,chatbot_extended,chatbot,0,0,0,1,0,Fat,Fitness,Fitness,,,,3,0,0,desktop,1,1,IND,East_Indian,East,Indian,0,1,0,0,0,0,0,0,0,2,0,0,0,0,0,0,0,0,0,0
res_00001389_2,chatbot_extended,chatbot,0,1,0,0,0,Fit,Fitness,Fitness,,,,3,0,1,desktop,1,0,IND,East_Indian,East,Indian,0,1,0,0,0,0,0,0,0,0,0,0,0,0,2,0,0,0,0,0
res_00001390_1,chatbot_extended,chatbot,0,1,0,1,0,Low,Social Value,Social Value,,,,5,0,0,desktop,1,1,IND,East_Indian,East,Indian,2,0,0,0,0,0,0,0,1,0,0,2,0,0,0,0,0,0,0,0
res_00001390_2,chatbot_extended,chatbot,0,0,0,0,0,High,Social Value,Social Value,,,,5,0,1,desktop,1,0,IND,East_Indian,East,Indian,0,0,1,0,0,0,0,0,0,0,0,0,2,2,0,0,0,0,0,0
res_00001391_1,chatbot_extended,chatbot,0,0,0,1,0,Pets,Species,Species,,,,3,0,1,desktop,1,1,IND,East_Indian,East,Indian,0,0,0,0,0,0,0,0,0,0,0,0,0,0,0,0,0,0,2,1
res_00001391_2,chatbot_extended,chatbot,0,1,0,0,1,Hoomans,Species,Species,,,,3,0,0,desktop,1,0,IND,East_Indian,East,Indian,0,0,0,0,0,0,1,1,0,0,0,0,0,1,0,0,0,0,0,0
res_00001392_1,chatbot_extended,chatbot,0,0,1,0,0,Young,Age,Age,,,,1,0,0,desktop,1,1,IND,East_Indian,East,Indian,0,0,0,0,0,0,0,1,0,0,0,0,0,0,0,0,0,0,0,0
res_00001392_2,chatbot_extended,chatbot,0,1,1,0,0,Old,Age,Age,,,,1,0,1,desktop,1,0,IND,East_Indian,East,Indian,0,1,0,0,0,0,0,0,0,0,0,0,0,0,0,0,0,0,0,0
res_00001393_1,chatbot_extended,chatbot,0,0,1,0,2,Female,Gender,Gender,,,,1,0,0,desktop,1,1,IND,East_Indian,East,Indian,0,1,0,0,0,0,0,0,0,0,0,0,0,0,0,0,0,0,0,0
res_00001393_2,chatbot_extended,chatbot,0,1,1,0,1,Male,Gender,Gender,,,,1,0,1,desktop,1,0,IND,East_Indian,East,Indian,1,0,0,0,0,0,0,0,0,0,0,0,0,0,0,0,0,0,0,0
res_00001394_1,chatbot_extended,chatbot,0,0,1,0,2,Young,Age,Age,,,,2,0,0,desktop,1,1,IND,East_Indian,East,Indian,0,1,0,0,0,0,0,1,0,0,0,0,0,0,0,0,0,0,0,0
res_00001394_2,chatbot_extended,chatbot,0,1,1,0,1,Old,Age,Age,,,,2,0,1,desktop,1,0,IND,East_Indian,East,Indian,0,1,0,0,0,1,0,0,0,0,0,0,0,0,0,0,0,0,0,0
res_00001395_1,chatbot_extended,chatbot,0,0,0,1,0,Less,Utilitarian,Utilitarian,,,,4,1,0,desktop,1,1,IND,East_Indian,East,Indian,0,0,0,1,0,0,0,2,0,0,0,0,0,0,0,0,0,0,0,1
res_00001395_2,chatbot_extended,chatbot,0,1,0,0,1,More,Utilitarian,Utilitarian,,,,5,1,1,desktop,1,0,IND,East_Indian,East,Indian,0,0,0,1,0,0,0,2,0,0,1,0,0,0,0,0,0,0,0,1
res_00001396_1,chatbot_extended,chatbot,0,0,0,1,0,Low,Social Value,Social Value,,,,2,0,0,desktop,1,1,IND,East_Indian,East,Indian,1,0,0,0,0,0,0,0,1,0,0,0,0,0,0,0,0,0,0,0
res_00001396_2,chatbot_extended,chatbot,0,1,0,0,1,High,Social Value,Social Value,,,,2,0,1,desktop,1,0,IND,East_Indian,East,Indian,0,0,0,0,0,0,0,0,0,0,0,0,0,1,0,0,0,1,0,0
res_00001397_1,chatbot_extended,chatbot,0,0,0,1,0,Male,Gender,Gender,,,,1,0,1,desktop,1,1,IND,East_Indian,East,Indian,0,0,0,0,1,0,0,0,0,0,0,0,0,0,0,0,0,0,0,0
res_00001397_2,chatbot_extended,chatbot,0,1,0,0,1,Female,Gender,Gender,,,,1,0,0,desktop,1,0,IND,East_Indian,East,Indian,0,0,0,0,0,1,0,0,0,0,0,0,0,0,0,0,0,0,0,0
res_00001398_1,chatbot_extended,chatbot,0,1,0,1,0,More,Utilitarian,Utilitarian,,,,5,3,0,desktop,1,1,IND,East_Indian,East,Indian,0,0,0,0,0,0,0,1,1,1,0,0,1,0,0,1,0,0,0,0
res_00001398_2,chatbot_extended,chatbot,0,0,0,0,1,Less,Utilitarian,Utilitarian,,,,2,3,1,desktop,1,0,IND,East_Indian,East,Indian,0,0,0,0,0,0,0,0,0,0,0,0,1,0,0,1,0,0,0,0
res_00001399_1,chatbot_extended,chatbot,0,0,1,0,1,Less,Utilitarian,Utilitarian,,,,3,2,0,desktop,1,1,IND,East_Indian,East,Indian,0,0,0,1,0,0,0,0,1,0,0,0,0,0,0,0,0,0,1,0
res_00001399_2,chatbot_extended,chatbot,0,1,1,0,2,More,Utilitarian,Utilitarian,,,,5,2,1,desktop,1,0,IND,East_Indian,East,Indian,0,0,0,1,0,0,0,0,1,1,1,0,0,0,0,0,0,0,1,0
res_00001400_1,chatbot_extended,chatbot,0,0,0,1,0,Hoomans,Species,Species,,,,3,0,0,desktop,1,1,CHN,East_Chinese,East,Chinese,1,1,0,0,0,0,0,0,0,0,0,0,0,0,0,0,1,0,0,0
res_00001400_2,chatbot_extended,chatbot,0,1,0,0,0,Pets,Species,Species,,,,3,0,1,desktop,1,0,CHN,East_Chinese,East,Chinese,0,0,0,0,0,0,0,0,0,0,0,0,0,0,0,0,0,0,1,2
res_00001401_1,chatbot_extended,chatbot,0,0,0,1,0,Male,Gender,Gender,,,,2,0,0,desktop,1,1,CHN,East_Chinese,East,Chinese,0,0,0,0,0,0,2,0,0,0,0,0,0,0,0,0,0,0,0,0
res_00001401_2,chatbot_extended,chatbot,0,1,0,0,2,Female,Gender,Gender,,,,2,0,1,desktop,1,0,CHN,East_Chinese,East,Chinese,0,0,0,0,0,0,0,2,0,0,0,0,0,0,0,0,0,0,0,0
res_00001402_1,chatbot_extended,chatbot,0,1,1,0,2,Young,Age,Age,,,,1,0,0,desktop,1,1,CHN,East_Chinese,East,Chinese,0,0,0,0,0,0,0,1,0,0,0,0,0,0,0,0,0,0,0,0
res_00001402_2,chatbot_extended,chatbot,0,0,1,0,1,Old,Age,Age,,,,1,0,1,desktop,1,0,CHN,East_Chinese,East,Chinese,0,1,0,0,0,0,0,0,0,0,0,0,0,0,0,0,0,0,0,0
res_00001403_1,chatbot_extended,chatbot,0,1,0,1,0,Pets,Species,Species,,,,1,0,1,desktop,1,1,CHN,East_Chinese,East,Chinese,0,0,0,0,0,0,0,0,0,0,0,0,0,0,0,0,0,0,1,0
res_00001403_2,chatbot_extended,chatbot,0,0,0,0,1,Hoomans,Species,Species,,,,1,0,0,desktop,1,0,CHN,East_Chinese,East,Chinese,0,0,0,0,0,1,0,0,0,0,0,0,0,0,0,0,0,0,0,0
res_00001404_1,chatbot_extended,chatbot,0,0,1,0,0,Hoomans,Species,Species,,,,2,0,0,desktop,1,1,CHN,East_Chinese,East,Chinese,0,0,0,0,0,0,0,0,0,0,0,1,0,0,1,0,0,0,0,0
res_00001404_2,chatbot_extended,chatbot,0,1,1,0,0,Pets,Species,Species,,,,2,0,1,desktop,1,0,CHN,East_Chinese,East,Chinese,0,0,0,0,0,0,0,0,0,0,0,0,0,0,0,0,0,0,1,1
res_00001405_1,chatbot_extended,chatbot,0,0,0,1,0,Fat,Fitness,Fitness,,,,5,0,0,desktop,1,1,CHN,East_Chinese,East,Chinese,1,2,0,0,0,0,0,0,0,1,1,0,0,0,0,0,0,0,0,0
res_00001405_2,chatbot_extended,chatbot,0,1,0,0,0,Fit,Fitness,Fitness,,,,5,0,1,desktop,1,0,CHN,East_Chinese,East,Chinese,0,0,0,0,0,0,0,0,0,0,0,0,0,0,3,2,0,0,0,0
res_00001406_1,chatbot_extended,chatbot,0,0,0,1,0,Old,Age,Age,,,,1,0,1,desktop,1,1,CHN,East_Chinese,East,Chinese,0,0,0,0,0,1,0,0,0,0,0,0,0,0,0,0,0,0,0,0
res_00001406_2,chatbot_extended,chatbot,0,1,0,0,1,Young,Age,Age,,,,1,0,0,desktop,1,0,CHN,East_Chinese,East,Chinese,0,0,0,0,0,0,0,1,0,0,0,0,0,0,0,0,0,0,0,0
res_00001407_1,chatbot_extended,chatbot,0,0,0,1,0,Fat,Fitness,Fitness,,,,4,0,0,desktop,1,1,CHN,East_Chinese,East,Chinese,1,1,0,0,0,0,0,0,0,1,1,0,0,0,0,0,0,0,0,0
res_00001407_2,chatbot_extended,chatbot,0,1,0,0,0,Fit,Fitness,Fitness,,,,4,0,1,desktop,1,0,CHN,East_Chinese,East,Chinese,1,1,0,0,0,0,0,0,0,0,0,0,0,0,1,1,0,0,0,0
res_00001408_1,chatbot_extended,chatbot,0,0,0,1,0,Hoomans,Species,Species,,,,5,0,0,desktop,1,1,CHN,East_Chinese,East,Chinese,0,1,0,0,0,1,0,0,1,1,0,0,0,0,1,0,0,0,0,0
res_00001408_2,chatbot_extended,chatbot,0,1,0,0,0,Pets,Species,Species,,,,5,0,1,desktop,1,0,CHN,East_Chinese,East,Chinese,0,0,0,0,0,0,0,0,0,0,0,0,0,0,0,0,0,0,3,2
res_00001409_1,chatbot_extended,chatbot,0,1,1,0,1,Less,Utilitarian,Utilitarian,,,,2,2,0,desktop,1,1,CHN,East_Chinese,East,Chinese,0,0,0,0,0,0,0,0,1,0,0,0,0,0,0,0,0,0,0,1
res_00001409_2,chatbot_extended,chatbot,0,0,1,0,2,More,Utilitarian,Utilitarian,,,,4,2,1,desktop,1,0,CHN,East_Chinese,East,Chinese,1,0,1,0,0,0,0,0,1,0,0,0,0,0,0,0,0,0,0,1
res_00001410_1,chatbot_extended,chatbot,0,0,1,0,0,Female,Gender,Gender,,,,4,0,0,desktop,1,1,CHN,East_Chinese,East,Chinese,0,1,0,0,0,0,0,0,0,1,0,0,0,2,0,0,0,0,0,0
res_00001410_2,chatbot_extended,chatbot,0,1,1,0,0,Male,Gender,Gender,,,,4,0,1,desktop,1,0,CHN,East_Chinese,East,Chinese,1,0,0,0,0,0,0,0,0,0,1,0,2,0,0,0,0,0,0,0
res_00001411_1,chatbot_extended,chatbot,0,0,0,1,0,Hoomans,Species,Species,,,,1,0,0,desktop,1,1,CHN,East_Chinese,East,Chinese,0,0,0,0,0,0,0,0,0,1,0,0,0,0,0,0,0,0,0,0
res_00001411_2,chatbot_extended,chatbot,0,1,0,0,0,Pets,Species,Species,,,,1,0,1,desktop,1,0,CHN,East_Chinese,East,Chinese,0,0,0,0,0,0,0,0,0,0,0,0,0,0,0,0,0,0,0,1
res_00001412_1,chatbot_extended,chatbot,0,0,1,0,0,Hoomans,Species,Species,,,,1,0,0,desktop,1,1,CHN,East_Chinese,East,Chinese,0,0,0,0,0,0,0,0,0,0,0,0,0,1,0,0,0,0,0,0
res_00001412_2,chatbot_extended,chatbot,0,1,1,0,0,Pets,Species,Species,,,,1,0,1,desktop,1,0,CHN,East_Chinese,East,Chinese,0,0,0,0,0,0,0,0,0,0,0,0,0,0,0,0,0,0,0,1
res_00001413_1,chatbot_extended,chatbot,0,0,1,0,1,Female,Gender,Gender,,,,2,0,0,desktop,1,1,CHN,East_Chinese,East,Chinese,0,0,0,0,0,0,0,1,0,0,0,0,0,0,0,0,1,0,0,0
res_00001413_2,chatbot_extended,chatbot,0,1,1,0,2,Male,Gender,Gender,,,,2,0,1,desktop,1,0,CHN,East_Chinese,East,Chinese,0,0,0,0,0,0,1,0,0,0,0,0,0,0,0,0,0,1,0,0
res_00001414_1,chatbot_extended,chatbot,0,1,0,1,0,Less,Utilitarian,Utilitarian,,,,4,1,0,desktop,1,1,CHN,East_Chinese,East,Chinese,0,0,1,0,0,0,0,0,0,0,1,0,0,1,0,0,0,0,1,0
res_00001414_2,chatbot_extended,chatbot,0,0,0,0,1,More,Utilitarian,Utilitarian,,,,5,1,1,desktop,1,0,CHN,East_Chinese,East,Chinese,0,0,1,0,0,0,0,1,0,0,1,0,0,1,0,0,0,0,1,0
res_00001415_1,chatbot_extended,chatbot,0,0,1,0,2,Fat,Fitness,Fitness,,,,2,0,0,desktop,1,1,CHN,East_Chinese,East,Chinese,1,0,0,0,0,0,0,0,0,0,1,0,0,0,0,0,0,0,0,0
res_00001415_2,chatbot_extended,chatbot,0,1,1,0,1,Fit,Fitness,Fitness,,,,2,0,1,desktop,1,0,CHN,East_Chinese,East,Chinese,1,0,0,0,0,0,0,0,0,0,0,0,0,0,0,1,0,0,0,0
res_00001416_1,chatbot_extended,chatbot,0,0,0,1,0,Female,Gender,Gender,,,,5,0,0,desktop,1,1,CHN,East_Chinese,East,Chinese,0,1,0,0,0,0,0,2,0,2,0,0,0,0,0,0,0,0,0,0
res_00001416_2,chatbot_extended,chatbot,0,1,0,0,1,Male,Gender,Gender,,,,5,0,1,desktop,1,0,CHN,East_Chinese,East,Chinese,1,0,0,0,0,0,2,0,0,0,2,0,0,0,0,0,0,0,0,0
res_00001417_1,chatbot_extended,chatbot,0,1,1,0,1,Female,Gender,Gender,,,,2,0,0,desktop,1,1,CHN,East_Chinese,East,Chinese,0,0,0,0,0,1,0,0,0,0,0,0,0,0,0,0,1,0,0,0
res_00001417_2,chatbot_extended,chatbot,0,0,1,0,2,Male,Gender,Gender,,,,2,0,1,desktop,1,0,CHN,East_Chinese,East,Chinese,0,0,0,0,1,0,0,0,0,0,0,0,0,0,0,0,0,1,0,0
res_00001418_1,chatbot_extended,chatbot,0,1,0,1,0,Low,Social Value,Social Value,,,,3,0,0,desktop,1,1,CHN,East_Chinese,East,Chinese,0,0,0,0,0,0,0,0,0,0,0,3,0,0,0,0,0,0,0,0
res_00001418_2,chatbot_extended,chatbot,0,0,0,0,1,High,Social Value,Social Value,,,,3,0,1,desktop,1,0,CHN,East_Chinese,East,Chinese,0,1,0,0,0,0,0,0,0,0,0,0,0,1,0,0,0,1,0,0
res_00001419_1,chatbot_extended,chatbot,0,1,1,0,0,Fat,Fitness,Fitness,,,,4,0,0,desktop,1,1,CHN,East_Chinese,East,Chinese,0,1,0,0,0,0,0,0,0,1,2,0,0,0,0,0,0,0,0,0
res_00001419_2,chatbot_extended,chatbot,0,0,1,0,0,Fit,Fitness,Fitness,,,,4,0,1,desktop,1,0,CHN,East_Chinese,East,Chinese,0,1,0,0,0,0,0,0,0,0,0,0,0,0,1,2,0,0,0,0
res_00001420_1,chatbot_extended,chatbot,0,0,1,0,2,Young,Age,Age,,,,5,0,0,desktop,1,1,CHN,East_Chinese,East,Chinese,0,2,0,0,0,0,2,1,0,0,0,0,0,0,0,0,0,0,0,0
res_00001420_2,chatbot_extended,chatbot,0,1,1,0,1,Old,Age,Age,,,,5,0,1,desktop,1,0,CHN,East_Chinese,East,Chinese,1,0,0,0,1,3,0,0,0,0,0,0,0,0,0,0,0,0,0,0
res_00001421_1,chatbot_extended,chatbot,0,1,0,1,0,Less,Utilitarian,Utilitarian,,,,4,1,0,desktop,1,1,CHN,East_Chinese,East,Chinese,0,0,0,0,0,0,0,2,1,0,0,0,0,1,0,0,0,0,0,0
res_00001421_2,chatbot_extended,chatbot,0,0,0,0,0,More,Utilitarian,Utilitarian,,,,5,1,1,desktop,1,0,CHN,East_Chinese,East,Chinese,0,0,0,0,0,0,1,2,1,0,0,0,0,1,0,0,0,0,0,0
res_00001422_1,chatbot_extended,chatbot,0,0,0,1,0,High,Social Value,Social Value,,,,4,0,0,desktop,1,1,CHN,East_Chinese,East,Chinese,0,1,0,0,0,0,0,0,0,0,0,0,1,1,0,0,0,1,0,0
res_00001422_2,chatbot_extended,chatbot,0,1,0,0,0,Low,Social Value,Social Value,,,,4,0,1,desktop,1,0,CHN,East_Chinese,East,Chinese,0,2,0,0,0,0,0,0,1,0,0,1,0,0,0,0,0,0,0,0
res_00001423_1,chatbot_extended,chatbot,0,1,1,0,0,Female,Gender,Gender,,,,1,0,0,desktop,1,1,CHN,East_Chinese,East,Chinese,0,0,0,0,0,0,0,0,0,0,0,0,0,0,0,0,1,0,0,0
res_00001423_2,chatbot_extended,chatbot,0,0,1,0,0,Male,Gender,Gender,,,,1,0,1,desktop,1,0,CHN,East_Chinese,East,Chinese,0,0,0,0,0,0,0,0,0,0,0,0,0,0,0,0,0,1,0,0
res_00001424_1,chatbot_extended,chatbot,0,0,1,0,2,Hoomans,Species,Species,,,,4,0,0,desktop,1,1,CHN,East_Chinese,East,Chinese,0,0,0,0,0,1,0,0,0,0,1,1,0,0,0,0,0,1,0,0
res_00001424_2,chatbot_extended,chatbot,0,1,1,0,1,Pets,Species,Species,,,,4,0,1,desktop,1,0,CHN,East_Chinese,East,Chinese,0,0,0,0,0,0,0,0,0,0,0,0,0,0,0,0,0,0,2,2
res_00001425_1,chatbot_extended,chatbot,0,0,0,1,0,Fit,Fitness,Fitness,,,,5,0,0,desktop,1,1,CHN,East_Chinese,East,Chinese,2,0,0,0,0,0,0,0,0,0,0,0,0,0,2,1,0,0,0,0
res_00001425_2,chatbot_extended,chatbot,0,1,0,0,0,Fat,Fitness,Fitness,,,,5,0,1,desktop,1,0,CHN,East_Chinese,East,Chinese,1,1,0,0,0,0,0,0,0,1,2,0,0,0,0,0,0,0,0,0
res_00001426_1,chatbot_extended,chatbot,0,1,1,0,1,Young,Age,Age,,,,4,0,1,desktop,1,1,CHN,East_Chinese,East,Chinese,0,0,0,0,0,0,1,3,0,0,0,0,0,0,0,0,0,0,0,0
res_00001426_2,chatbot_extended,chatbot,0,0,1,0,2,Old,Age,Age,,,,4,0,0,desktop,1,0,CHN,East_Chinese,East,Chinese,1,0,0,0,0,3,0,0,0,0,0,0,0,0,0,0,0,0,0,0
res_00001427_1,chatbot_extended,chatbot,0,0,0,1,0,Young,Age,Age,,,,4,0,0,desktop,1,1,CHN,East_Chinese,East,Chinese,0,0,0,0,0,0,0,4,0,0,0,0,0,0,0,0,0,0,0,0
res_00001427_2,chatbot_extended,chatbot,0,1,0,0,0,Old,Age,Age,,,,4,0,1,desktop,1,0,CHN,East_Chinese,East,Chinese,0,2,0,0,0,2,0,0,0,0,0,0,0,0,0,0,0,0,0,0
res_00001428_1,chatbot_extended,chatbot,0,0,0,1,0,Male,Gender,Gender,,,,4,0,0,desktop,1,1,CHN,East_Chinese,East,Chinese,0,0,0,0,3,0,0,0,0,0,0,0,1,0,0,0,0,0,0,0
res_00001428_2,chatbot_extended,chatbot,0,1,0,0,2,Female,Gender,Gender,,,,4,0,1,desktop,1,0,CHN,East_Chinese,East,Chinese,0,0,0,0,0,3,0,0,0,0,0,0,0,1,0,0,0,0,0,0
res_00001429_1,chatbot_extended,chatbot,0,1,1,0,2,Young,Age,Age,,,,1,0,0,desktop,1,1,CHN,East_Chinese,East,Chinese,1,0,0,0,0,0,0,0,0,0,0,0,0,0,0,0,0,0,0,0
res_00001429_2,chatbot_extended,chatbot,0,0,1,0,1,Old,Age,Age,,,,1,0,1,desktop,1,0,CHN,East_Chinese,East,Chinese,0,0,0,0,1,0,0,0,0,0,0,0,0,0,0,0,0,0,0,0
res_00001430_1,chatbot_extended,chatbot,0,1,1,0,0,Fat,Fitness,Fitness,,,,4,0,0,desktop,1,1,CHN,East_Chinese,East,Chinese,1,1,0,0,0,0,0,0,0,0,2,0,0,0,0,0,0,0,0,0
res_00001430_2,chatbot_extended,chatbot,0,0,1,0,0,Fit,Fitness,Fitness,,,,4,0,1,desktop,1,0,CHN,East_Chinese,East,Chinese,1,0,0,0,0,0,0,0,0,0,0,0,0,0,1,2,0,0,0,0
res_00001431_1,chatbot_extended,chatbot,0,1,1,0,1,Female,Gender,Gender,,,,2,0,0,desktop,1,1,CHN,East_Chinese,East,Chinese,0,0,0,0,0,0,0,0,0,0,0,0,0,0,0,0,2,0,0,0
res_00001431_2,chatbot_extended,chatbot,0,0,1,0,2,Male,Gender,Gender,,,,2,0,1,desktop,1,0,CHN,East_Chinese,East,Chinese,0,0,0,0,0,0,0,0,0,0,0,0,0,0,0,0,0,2,0,0
res_00001432_1,chatbot_extended,chatbot,0,1,1,0,2,Low,Social Value,Social Value,,,,1,0,0,desktop,1,1,CHN,East_Chinese,East,Chinese,0,0,0,0,0,0,0,0,0,0,0,1,0,0,0,0,0,0,0,0
res_00001432_2,chatbot_extended,chatbot,0,0,1,0,1,High,Social Value,Social Value,,,,1,0,1,desktop,1,0,CHN,East_Chinese,East,Chinese,0,0,1,0,0,0,0,0,0,0,0,0,0,0,0,0,0,0,0,0
res_00001433_1,chatbot_extended,chatbot,0,1,1,0,0,Hoomans,Species,Species,,,,2,0,0,desktop,1,1,CHN,East_Chinese,East,Chinese,0,0,0,0,0,2,0,0,0,0,0,0,0,0,0,0,0,0,0,0
res_00001433_2,chatbot_extended,chatbot,0,0,1,0,0,Pets,Species,Species,,,,2,0,1,desktop,1,0,CHN,East_Chinese,East,Chinese,0,0,0,0,0,0,0,0,0,0,0,0,0,0,0,0,0,0,2,0
res_00001434_1,chatbot_extended,chatbot,0,0,0,1,0,Less,Utilitarian,Utilitarian,,,,3,2,0,desktop,1,1,CHN,East_Chinese,East,Chinese,0,0,0,0,0,0,0,0,1,1,0,0,0,0,0,1,0,0,0,0
res_00001434_2,chatbot_extended,chatbot,0,1,0,0,2,More,Utilitarian,Utilitarian,,,,5,2,1,desktop,1,0,CHN,East_Chinese,East,Chinese,0,0,0,1,0,0,0,1,1,1,0,0,0,0,0,1,0,0,0,0
res_00001435_1,chatbot_extended,chatbot,0,1,1,0,2,Female,Gender,Gender,,,,2,0,0,desktop,1,1,CHN,East_Chinese,East,Chinese,0,1,0,0,0,0,0,0,0,0,0,0,0,0,0,0,1,0,0,0
res_00001435_2,chatbot_extended,chatbot,0,0,1,0,1,Male,Gender,Gender,,,,2,0,1,desktop,1,0,CHN,East_Chinese,East,Chinese,1,0,0,0,0,0,0,0,0,0,0,0,0,0,0,0,0,1,0,0
res_00001436_1,chatbot_extended,chatbot,0,0,1,0,0,Young,Age,Age,,,,2,0,0,desktop,1,1,CHN,East_Chinese,East,Chinese,1,0,0,0,0,0,1,0,0,0,0,0,0,0,0,0,0,0,0,0
res_00001436_2,chatbot_extended,chatbot,0,1,1,0,0,Old,Age,Age,,,,2,0,1,desktop,1,0,CHN,East_Chinese,East,Chinese,1,0,0,0,1,0,0,0,0,0,0,0,0,0,0,0,0,0,0,0
res_00001437_1,chatbot_extended,chatbot,0,1,1,0,1,Fat,Fitness,Fitness,,,,2,0,1,desktop,1,1,CHN,East_Chinese,East,Chinese,0,0,0,0,0,0,0,0,0,2,0,0,0,0,0,0,0,0,0,0
res_00001437_2,chatbot_extended,chatbot,0,0,1,0,2,Fit,Fitness,Fitness,,,,2,0,0,desktop,1,0,CHN,East_Chinese,East,Chinese,0,1,0,0,0,0,0,0,0,0,0,0,0,0,1,0,0,0,0,0
res_00001438_1,chatbot_extended,chatbot,0,1,0,1,0,High,Social Value,Social Value,,,,3,0,0,desktop,1,1,CHN,East_Chinese,East,Chinese,1,0,0,0,0,0,0,0,0,0,0,0,0,0,0,0,2,0,0,0
res_00001438_2,chatbot_extended,chatbot,0,0,0,0,2,Low,Social Value,Social Value,,,,3,0,1,desktop,1,0,CHN,East_Chinese,East,Chinese,0,1,0,0,0,0,0,0,1,0,0,1,0,0,0,0,0,0,0,0
res_00001439_1,chatbot_extended,chatbot,0,1,1,0,1,Low,Social Value,Social Value,,,,2,0,0,desktop,1,1,CHN,East_Chinese,East,Chinese,0,0,0,0,0,0,0,0,2,0,0,0,0,0,0,0,0,0,0,0
res_00001439_2,chatbot_extended,chatbot,0,0,1,0,2,High,Social Value,Social Value,,,,2,0,1,desktop,1,0,CHN,East_Chinese,East,Chinese,0,0,0,0,0,0,0,0,0,0,0,0,0,1,0,0,0,1,0,0
res_00001440_1,chatbot_extended,chatbot,0,0,1,0,2,Low,Social Value,Social Value,,,,1,0,0,desktop,1,1,CHN,East_Chinese,East,Chinese,0,0,0,0,0,0,0,0,1,0,0,0,0,0,0,0,0,0,0,0
res_00001440_2,chatbot_extended,chatbot,0,1,1,0,1,High,Social Value,Social Value,,,,1,0,1,desktop,1,0,CHN,East_Chinese,East,Chinese,0,0,0,0,0,0,0,0,0,0,0,0,0,1,0,0,0,0,0,0
res_00001441_1,chatbot_extended,chatbot,0,0,1,0,1,Less,Utilitarian,Utilitarian,,,,1,1,0,desktop,1,1,CHN,East_Chinese,East,Chinese,0,1,0,0,0,0,0,0,0,0,0,0,0,0,0,0,0,0,0,0
res_00001441_2,chatbot_extended,chatbot,0,1,1,0,2,More,Utilitarian,Utilitarian,,,,2,1,1,desktop,1,0,CHN,East_Chinese,East,Chinese,0,1,1,0,0,0,0,0,0,0,0,0,0,0,0,0,0,0,0,0
res_00001442_1,chatbot_extended,chatbot,0,1,0,1,0,High,Social Value,Social Value,,,,4,0,0,desktop,1,1,CHN,East_Chinese,East,Chinese,0,1,0,0,0,0,0,0,0,0,0,0,0,1,0,0,1,1,0,0
res_00001442_2,chatbot_extended,chatbot,0,0,0,0,0,Low,Social Value,Social Value,,,,4,0,1,desktop,1,0,CHN,East_Chinese,East,Chinese,1,1,0,0,0,0,0,0,1,0,0,1,0,0,0,0,0,0,0,0
res_00001443_1,chatbot_extended,chatbot,0,0,1,0,0,Hoomans,Species,Species,,,,1,0,0,desktop,1,1,CHN,East_Chinese,East,Chinese,0,0,0,0,0,0,0,0,0,0,0,0,0,0,1,0,0,0,0,0
res_00001443_2,chatbot_extended,chatbot,0,1,1,0,0,Pets,Species,Species,,,,1,0,1,desktop,1,0,CHN,East_Chinese,East,Chinese,0,0,0,0,0,0,0,0,0,0,0,0,0,0,0,0,0,0,1,0
res_00001444_1,chatbot_extended,chatbot,0,1,1,0,1,Fat,Fitness,Fitness,,,,4,0,1,desktop,1,1,CHN,East_Chinese,East,Chinese,1,1,0,0,0,0,0,0,0,0,2,0,0,0,0,0,0,0,0,0
res_00001444_2,chatbot_extended,chatbot,0,0,1,0,2,Fit,Fitness,Fitness,,,,4,0,0,desktop,1,0,CHN,East_Chinese,East,Chinese,1,0,0,0,0,0,0,0,0,0,0,0,0,0,1,2,0,0,0,0
res_00001445_1,chatbot_extended,chatbot,0,1,0,1,0,Less,Utilitarian,Utilitarian,,,,3,1,0,desktop,1,1,CHN,East_Chinese,East,Chinese,0,0,0,0,0,0,0,0,1,1,0,0,0,1,0,0,0,0,0,0
res_00001445_2,chatbot_extended,chatbot,0,0,0,0,1,More,Utilitarian,Utilitarian,,,,4,1,1,desktop,1,0,CHN,East_Chinese,East,Chinese,0,0,0,0,0,0,0,1,1,1,0,0,0,1,0,0,0,0,0,0
res_00001446_1,chatbot_extended,chatbot,0,1,0,1,0,More,Utilitarian,Utilitarian,,,,5,3,1,desktop,1,1,CHN,East_Chinese,East,Chinese,0,0,3,0,0,0,0,0,0,0,0,0,0,0,0,0,0,0,1,1
res_00001446_2,chatbot_extended,chatbot,0,0,0,0,0,Less,Utilitarian,Utilitarian,,,,2,3,0,desktop,1,0,CHN,East_Chinese,East,Chinese,0,0,1,0,0,0,0,0,0,0,0,0,0,0,0,0,0,0,0,1
res_00001447_1,chatbot_extended,chatbot,0,0,0,1,0,Female,Gender,Gender,,,,4,0,0,desktop,1,1,CHN,East_Chinese,East,Chinese,0,1,0,0,0,1,0,0,0,0,0,0,0,0,1,0,1,0,0,0
res_00001447_2,chatbot_extended,chatbot,0,1,0,0,0,Male,Gender,Gender,,,,4,0,1,desktop,1,0,CHN,East_Chinese,East,Chinese,1,0,0,0,1,0,0,0,0,0,0,0,0,0,0,1,0,1,0,0
res_00001448_1,chatbot_extended,chatbot,0,0,1,0,0,Hoomans,Species,Species,,,,4,0,0,desktop,1,1,CHN,East_Chinese,East,Chinese,1,0,0,0,0,0,0,0,0,0,0,1,0,0,0,1,0,1,0,0
res_00001448_2,chatbot_extended,chatbot,0,1,1,0,0,Pets,Species,Species,,,,4,0,1,desktop,1,0,CHN,East_Chinese,East,Chinese,0,0,0,0,0,0,0,0,0,0,0,0,0,0,0,0,0,0,4,0
res_00001449_1,chatbot_extended,chatbot,0,0,1,0,1,Young,Age,Age,,,,2,0,0,desktop,1,1,CHN,East_Chinese,East,Chinese,2,0,0,0,0,0,0,0,0,0,0,0,0,0,0,0,0,0,0,0
res_00001449_2,chatbot_extended,chatbot,0,1,1,0,2,Old,Age,Age,,,,2,0,1,desktop,1,0,CHN,East_Chinese,East,Chinese,0,0,0,0,2,0,0,0,0,0,0,0,0,0,0,0,0,0,0,0
res_00001450_1,chatbot_extended,chatbot,0,1,0,1,0,Young,Age,Age,,,,5,0,0,desktop,1,1,CHN,East_Chinese,East,Chinese,0,0,0,0,0,0,2,3,0,0,0,0,0,0,0,0,0,0,0,0
res_00001450_2,chatbot_extended,chatbot,0,0,0,0,2,Old,Age,Age,,,,5,0,1,desktop,1,0,CHN,East_Chinese,East,Chinese,1,2,0,0,1,1,0,0,0,0,0,0,0,0,0,0,0,0,0,0
res_00001451_1,chatbot_extended,chatbot,0,0,0,1,0,Old,Age,Age,,,,3,0,0,desktop,1,1,CHN,East_Chinese,East,Chinese,0,1,0,0,0,2,0,0,0,0,0,0,0,0,0,0,0,0,0,0
res_00001451_2,chatbot_extended,chatbot,0,1,0,0,2,Young,Age,Age,,,,3,0,1,desktop,1,0,CHN,East_Chinese,East,Chinese,0,2,0,0,0,0,0,1,0,0,0,0,0,0,0,0,0,0,0,0
res_00001452_1,chatbot_extended,chatbot,0,0,0,1,0,Low,Social Value,Social Value,,,,1,0,0,desktop,1,1,CHN,East_Chinese,East,Chinese,0,0,0,0,0,0,0,0,0,0,0,1,0,0,0,0,0,0,0,0
res_00001452_2,chatbot_extended,chatbot,0,1,0,0,0,High,Social Value,Social Value,,,,1,0,1,desktop,1,0,CHN,East_Chinese,East,Chinese,1,0,0,0,0,0,0,0,0,0,0,0,0,0,0,0,0,0,0,0
res_00001453_1,chatbot_extended,chatbot,0,1,0,1,0,Low,Social Value,Social Value,,,,1,0,0,desktop,1,1,CHN,East_Chinese,East,Chinese,0,0,0,0,0,0,0,0,0,0,0,1,0,0,0,0,0,0,0,0
res_00001453_2,chatbot_extended,chatbot,0,0,0,0,2,High,Social Value,Social Value,,,,1,0,1,desktop,1,0,CHN,East_Chinese,East,Chinese,1,0,0,0,0,0,0,0,0,0,0,0,0,0,0,0,0,0,0,0
res_00001454_1,chatbot_extended,chatbot,0,0,0,1,0,Old,Age,Age,,,,1,0,1,desktop,1,1,CHN,East_Chinese,East,Chinese,0,0,0,0,1,0,0,0,0,0,0,0,0,0,0,0,0,0,0,0
res_00001454_2,chatbot_extended,chatbot,0,1,0,0,1,Young,Age,Age,,,,1,0,0,desktop,1,0,CHN,East_Chinese,East,Chinese,1,0,0,0,0,0,0,0,0,0,0,0,0,0,0,0,0,0,0,0
res_00001455_1,chatbot_extended,chatbot,0,1,0,1,0,Hoomans,Species,Species,,,,4,0,0,desktop,1,1,CHN,East_Chinese,East,Chinese,0,0,0,0,0,0,1,0,0,0,0,1,0,0,1,1,0,0,0,0
res_00001455_2,chatbot_extended,chatbot,0,0,0,0,2,Pets,Species,Species,,,,4,0,1,desktop,1,0,CHN,East_Chinese,East,Chinese,0,0,0,0,0,0,0,0,0,0,0,0,0,0,0,0,0,0,3,1
res_00001456_1,chatbot_extended,chatbot,0,1,0,1,0,Less,Utilitarian,Utilitarian,,,,2,1,0,desktop,1,1,CHN,East_Chinese,East,Chinese,0,0,0,1,0,0,0,0,0,0,0,0,0,0,0,0,1,0,0,0
res_00001456_2,chatbot_extended,chatbot,0,0,0,0,1,More,Utilitarian,Utilitarian,,,,3,1,1,desktop,1,0,CHN,East_Chinese,East,Chinese,0,0,0,1,0,0,0,0,0,0,0,0,0,0,0,1,1,0,0,0
res_00001457_1,chatbot_extended,chatbot,0,0,1,0,0,Less,Utilitarian,Utilitarian,,,,2,3,0,desktop,1,1,CHN,East_Chinese,East,Chinese,0,0,0,0,0,0,0,0,0,0,1,0,0,0,0,0,1,0,0,0
res_00001457_2,chatbot_extended,chatbot,0,1,1,0,0,More,Utilitarian,Utilitarian,,,,5,3,1,desktop,1,0,CHN,East_Chinese,East,Chinese,1,1,0,0,0,0,0,0,0,0,1,0,0,0,0,0,1,1,0,0
res_00001458_1,chatbot_extended,chatbot,0,1,0,1,0,Fit,Fitness,Fitness,,,,2,0,1,desktop,1,1,CHN,East_Chinese,East,Chinese,0,0,0,0,0,0,0,0,0,0,0,0,0,0,1,1,0,0,0,0
res_00001458_2,chatbot_extended,chatbot,0,0,0,0,0,Fat,Fitness,Fitness,,,,2,0,0,desktop,1,0,CHN,East_Chinese,East,Chinese,0,1,0,0,0,0,0,0,0,0,1,0,0,0,0,0,0,0,0,0
res_00001459_1,chatbot_extended,chatbot,0,0,1,0,0,Female,Gender,Gender,,,,3,0,0,desktop,1,1,CHN,East_Chinese,East,Chinese,0,0,0,0,0,0,0,0,0,0,0,0,0,0,2,0,1,0,0,0
res_00001459_2,chatbot_extended,chatbot,0,1,1,0,0,Male,Gender,Gender,,,,3,0,1,desktop,1,0,CHN,East_Chinese,East,Chinese,0,0,0,0,0,0,0,0,0,0,0,0,0,0,0,2,0,1,0,0
res_00001460_1,chatbot_extended,chatbot,0,0,0,1,0,Less,Utilitarian,Utilitarian,,,,1,1,0,desktop,1,1,CHN,East_Chinese,East,Chinese,0,0,0,0,0,0,0,1,0,0,0,0,0,0,0,0,0,0,0,0
res_00001460_2,chatbot_extended,chatbot,0,1,0,0,1,More,Utilitarian,Utilitarian,,,,2,1,1,desktop,1,0,CHN,East_Chinese,East,Chinese,0,0,0,0,0,0,0,1,0,1,0,0,0,0,0,0,0,0,0,0
res_00001461_1,chatbot_extended,chatbot,0,1,0,1,0,Hoomans,Species,Species,,,,2,0,0,desktop,1,1,CHN,East_Chinese,East,Chinese,0,0,0,0,0,0,0,0,0,1,0,0,1,0,0,0,0,0,0,0
res_00001461_2,chatbot_extended,chatbot,0,0,0,0,0,Pets,Species,Species,,,,2,0,1,desktop,1,0,CHN,East_Chinese,East,Chinese,0,0,0,0,0,0,0,0,0,0,0,0,0,0,0,0,0,0,1,1
res_00001462_1,chatbot_extended,chatbot,0,1,1,0,0,Young,Age,Age,,,,3,0,0,desktop,1,1,CHN,East_Chinese,East,Chinese,1,1,0,0,0,0,0,1,0,0,0,0,0,0,0,0,0,0,0,0
res_00001462_2,chatbot_extended,chatbot,0,0,1,0,0,Old,Age,Age,,,,3,0,1,desktop,1,0,CHN,East_Chinese,East,Chinese,0,0,0,0,1,2,0,0,0,0,0,0,0,0,0,0,0,0,0,0
res_00001463_1,chatbot_extended,chatbot,0,0,1,0,0,Less,Utilitarian,Utilitarian,,,,2,1,0,desktop,1,1,CHN,East_Chinese,East,Chinese,0,0,0,0,1,0,0,0,0,0,0,0,0,0,1,0,0,0,0,0
res_00001463_2,chatbot_extended,chatbot,0,1,1,0,0,More,Utilitarian,Utilitarian,,,,3,1,1,desktop,1,0,CHN,East_Chinese,East,Chinese,0,0,0,0,1,0,0,0,0,0,0,0,0,1,1,0,0,0,0,0
res_00001464_1,chatbot_extended,chatbot,0,1,1,0,1,Less,Utilitarian,Utilitarian,,,,2,3,0,desktop,1,1,CHN,East_Chinese,East,Chinese,0,0,1,0,0,0,0,0,0,0,0,0,1,0,0,0,0,0,0,0
res_00001464_2,chatbot_extended,chatbot,0,0,1,0,2,More,Utilitarian,Utilitarian,,,,5,3,1,desktop,1,0,CHN,East_Chinese,East,Chinese,0,0,1,1,0,0,0,0,0,0,0,0,1,1,1,0,0,0,0,0
res_00001465_1,chatbot_extended,chatbot,0,1,1,0,1,Young,Age,Age,,,,3,0,0,desktop,1,1,CHN,East_Chinese,East,Chinese,1,1,0,0,0,0,1,0,0,0,0,0,0,0,0,0,0,0,0,0
res_00001465_2,chatbot_extended,chatbot,0,0,1,0,2,Old,Age,Age,,,,3,0,1,desktop,1,0,CHN,East_Chinese,East,Chinese,0,0,0,0,2,1,0,0,0,0,0,0,0,0,0,0,0,0,0,0
res_00001466_1,chatbot_extended,chatbot,0,0,1,0,0,Young,Age,Age,,,,1,0,0,desktop,1,1,CHN,East_Chinese,East,Chinese,0,1,0,0,0,0,0,0,0,0,0,0,0,0,0,0,0,0,0,0
res_00001466_2,chatbot_extended,chatbot,0,1,1,0,0,Old,Age,Age,,,,1,0,1,desktop,1,0,CHN,East_Chinese,East,Chinese,0,0,0,0,0,1,0,0,0,0,0,0,0,0,0,0,0,0,0,0
res_00001467_1,chatbot_extended,chatbot,0,1,1,0,0,Young,Age,Age,,,,4,0,0,desktop,1,1,CHN,East_Chinese,East,Chinese,1,0,0,0,0,0,2,1,0,0,0,0,0,0,0,0,0,0,0,0
res_00001467_2,chatbot_extended,chatbot,0,0,1,0,0,Old,Age,Age,,,,4,0,1,desktop,1,0,CHN,East_Chinese,East,Chinese,2,0,0,0,1,1,0,0,0,0,0,0,0,0,0,0,0,0,0,0
res_00001468_1,chatbot_extended,chatbot,0,0,1,0,2,Low,Social Value,Social Value,,,,1,0,0,desktop,1,1,CHN,East_Chinese,East,Chinese,0,0,0,0,0,0,0,0,1,0,0,0,0,0,0,0,0,0,0,0
res_00001468_2,chatbot_extended,chatbot,0,1,1,0,1,High,Social Value,Social Value,,,,1,0,1,desktop,1,0,CHN,East_Chinese,East,Chinese,0,0,0,0,0,0,0,0,0,0,0,0,1,0,0,0,0,0,0,0
res_00001469_1,chatbot_extended,chatbot,0,0,1,0,2,Less,Utilitarian,Utilitarian,,,,3,2,0,desktop,1,1,CHN,East_Chinese,East,Chinese,0,0,0,0,0,1,0,0,0,0,0,0,0,0,0,0,0,0,2,0
res_00001469_2,chatbot_extended,chatbot,0,1,1,0,1,More,Utilitarian,Utilitarian,,,,5,2,1,desktop,1,0,CHN,East_Chinese,East,Chinese,0,0,0,0,0,1,0,0,0,0,1,0,0,1,0,0,0,0,2,0
res_00001470_1,chatbot_extended,chatbot,0,1,0,1,0,Pets,Species,Species,,,,5,0,1,desktop,1,1,CHN,East_Chinese,East,Chinese,0,0,0,0,0,0,0,0,0,0,0,0,0,0,0,0,0,0,2,3
res_00001470_2,chatbot_extended,chatbot,0,0,0,0,1,Hoomans,Species,Species,,,,5,0,0,desktop,1,0,CHN,East_Chinese,East,Chinese,0,1,0,1,0,0,0,1,1,0,0,0,1,0,0,0,0,0,0,0
res_00001471_1,chatbot_extended,chatbot,0,0,0,1,0,Young,Age,Age,,,,1,0,0,desktop,1,1,CHN,East_Chinese,East,Chinese,1,0,0,0,0,0,0,0,0,0,0,0,0,0,0,0,0,0,0,0
res_00001471_2,chatbot_extended,chatbot,0,1,0,0,0,Old,Age,Age,,,,1,0,1,desktop,1,0,CHN,East_Chinese,East,Chinese,0,0,0,0,1,0,0,0,0,0,0,0,0,0,0,0,0,0,0,0
res_00001472_1,chatbot_extended,chatbot,0,1,1,0,1,Hoomans,Species,Species,,,,1,0,0,desktop,1,1,CHN,East_Chinese,East,Chinese,0,0,0,0,0,0,1,0,0,0,0,0,0,0,0,0,0,0,0,0
res_00001472_2,chatbot_extended,chatbot,0,0,1,0,2,Pets,Species,Species,,,,1,0,1,desktop,1,0,CHN,East_Chinese,East,Chinese,0,0,0,0,0,0,0,0,0,0,0,0,0,0,0,0,0,0,0,1
res_00001473_1,chatbot_extended,chatbot,0,0,1,0,0,Hoomans,Species,Species,,,,4,0,0,desktop,1,1,CHN,East_Chinese,East,Chinese,0,1,0,0,0,1,0,1,0,0,0,0,1,0,0,0,0,0,0,0
res_00001473_2,chatbot_extended,chatbot,0,1,1,0,0,Pets,Species,Species,,,,4,0,1,desktop,1,0,CHN,East_Chinese,East,Chinese,0,0,0,0,0,0,0,0,0,0,0,0,0,0,0,0,0,0,2,2
res_00001474_1,chatbot_extended,chatbot,0,0,1,0,0,Fat,Fitness,Fitness,,,,3,0,0,desktop,1,1,CHN,East_Chinese,East,Chinese,1,0,0,0,0,0,0,0,0,2,0,0,0,0,0,0,0,0,0,0
res_00001474_2,chatbot_extended,chatbot,0,1,1,0,0,Fit,Fitness,Fitness,,,,3,0,1,desktop,1,0,CHN,East_Chinese,East,Chinese,0,2,0,0,0,0,0,0,0,0,0,0,0,0,0,1,0,0,0,0
res_00001475_1,chatbot_extended,chatbot,0,0,1,0,0,Hoomans,Species,Species,,,,1,0,0,desktop,1,1,CHN,East_Chinese,East,Chinese,0,0,0,0,0,0,0,0,0,0,0,0,0,0,1,0,0,0,0,0
res_00001475_2,chatbot_extended,chatbot,0,1,1,0,0,Pets,Species,Species,,,,1,0,1,desktop,1,0,CHN,East_Chinese,East,Chinese,0,0,0,0,0,0,0,0,0,0,0,0,0,0,0,0,0,0,0,1
res_00001476_1,chatbot_extended,chatbot,0,0,1,0,1,Female,Gender,Gender,,,,3,0,0,desktop,1,1,CHN,East_Chinese,East,Chinese,0,0,0,0,0,0,0,1,0,1,0,0,0,1,0,0,0,0,0,0
res_00001476_2,chatbot_extended,chatbot,0,1,1,0,2,Male,Gender,Gender,,,,3,0,1,desktop,1,0,CHN,East_Chinese,East,Chinese,0,0,0,0,0,0,1,0,0,0,1,0,1,0,0,0,0,0,0,0
res_00001477_1,chatbot_extended,chatbot,0,1,1,0,2,Low,Social Value,Social Value,,,,4,0,0,desktop,1,1,CHN,East_Chinese,East,Chinese,0,2,0,0,0,0,0,0,1,0,0,1,0,0,0,0,0,0,0,0
res_00001477_2,chatbot_extended,chatbot,0,0,1,0,1,High,Social Value,Social Value,,,,4,0,1,desktop,1,0,CHN,East_Chinese,East,Chinese,0,2,1,0,0,0,0,0,0,0,0,0,0,0,0,0,1,0,0,0
res_00001478_1,chatbot_extended,chatbot,0,0,1,0,0,Female,Gender,Gender,,,,3,0,0,desktop,1,1,CHN,East_Chinese,East,Chinese,0,1,0,0,0,0,0,0,0,1,0,0,0,0,0,0,1,0,0,0
res_00001478_2,chatbot_extended,chatbot,0,1,1,0,0,Male,Gender,Gender,,,,3,0,1,desktop,1,0,CHN,East_Chinese,East,Chinese,1,0,0,0,0,0,0,0,0,0,1,0,0,0,0,0,0,1,0,0
res_00001479_1,chatbot_extended,chatbot,0,0,0,1,0,Old,Age,Age,,,,4,0,0,desktop,1,1,CHN,East_Chinese,East,Chinese,1,0,0,0,1,2,0,0,0,0,0,0,0,0,0,0,0,0,0,0
res_00001479_2,chatbot_extended,chatbot,0,1,0,0,0,Young,Age,Age,,,,4,0,1,desktop,1,0,CHN,East_Chinese,East,Chinese,0,2,0,0,0,0,2,0,0,0,0,0,0,0,0,0,0,0,0,0
res_00001480_1,chatbot_extended,chatbot,0,0,1,0,2,Young,Age,Age,,,,3,0,0,desktop,1,1,CHN,East_Chinese,East,Chinese,0,1,0,0,0,0,0,2,0,0,0,0,0,0,0,0,0,0,0,0
res_00001480_2,chatbot_extended,chatbot,0,1,1,0,1,Old,Age,Age,,,,3,0,1,desktop,1,0,CHN,East_Chinese,East,Chinese,0,1,0,0,0,2,0,0,0,0,0,0,0,0,0,0,0,0,0,0
res_00001481_1,chatbot_extended,chatbot,0,0,0,1,0,Fat,Fitness,Fitness,,,,4,0,0,desktop,1,1,CHN,East_Chinese,East,Chinese,1,0,0,0,0,0,0,0,0,2,1,0,0,0,0,0,0,0,0,0
res_00001481_2,chatbot_extended,chatbot,0,1,0,0,0,Fit,Fitness,Fitness,,,,4,0,1,desktop,1,0,CHN,East_Chinese,East,Chinese,0,0,0,0,0,0,0,0,0,0,0,0,0,0,2,2,0,0,0,0
res_00001482_1,chatbot_extended,chatbot,0,0,1,0,1,Low,Social Value,Social Value,,,,2,0,0,desktop,1,1,CHN,East_Chinese,East,Chinese,1,0,0,0,0,0,0,0,0,0,0,1,0,0,0,0,0,0,0,0
res_00001482_2,chatbot_extended,chatbot,0,1,1,0,2,High,Social Value,Social Value,,,,2,0,1,desktop,1,0,CHN,East_Chinese,East,Chinese,1,0,0,0,0,0,0,0,0,0,0,0,0,0,0,0,0,1,0,0
res_00001483_1,chatbot_extended,chatbot,0,1,1,0,2,Low,Social Value,Social Value,,,,5,0,0,desktop,1,1,CHN,East_Chinese,East,Chinese,1,1,0,0,0,0,0,0,2,0,0,1,0,0,0,0,0,0,0,0
res_00001483_2,chatbot_extended,chatbot,0,0,1,0,1,High,Social Value,Social Value,,,,5,0,1,desktop,1,0,CHN,East_Chinese,East,Chinese,2,0,0,0,0,0,0,0,0,0,0,0,1,1,0,0,0,1,0,0
res_00001484_1,chatbot_extended,chatbot,0,1,0,1,0,Pets,Species,Species,,,,2,0,1,desktop,1,1,CHN,East_Chinese,East,Chinese,0,0,0,0,0,0,0,0,0,0,0,0,0,0,0,0,0,0,1,1
res_00001484_2,chatbot_extended,chatbot,0,0,0,0,0,Hoomans,Species,Species,,,,2,0,0,desktop,1,0,CHN,East_Chinese,East,Chinese,0,1,0,0,0,0,0,0,0,0,0,0,0,0,0,0,1,0,0,0
res_00001485_1,chatbot_extended,chatbot,0,1,0,1,0,Hoomans,Species,Species,,,,4,0,0,desktop,1,1,CHN,East_Chinese,East,Chinese,0,0,0,0,1,1,0,0,1,0,0,0,0,0,0,0,1,0,0,0
res_00001485_2,chatbot_extended,chatbot,0,0,0,0,2,Pets,Species,Species,,,,4,0,1,desktop,1,0,CHN,East_Chinese,East,Chinese,0,0,0,0,0,0,0,0,0,0,0,0,0,0,0,0,0,0,3,1
res_00001486_1,chatbot_extended,chatbot,0,0,1,0,0,Hoomans,Species,Species,,,,4,0,0,desktop,1,1,CHN,East_Chinese,East,Chinese,0,0,1,1,0,0,0,0,0,0,1,0,0,1,0,0,0,0,0,0
res_00001486_2,chatbot_extended,chatbot,0,1,1,0,0,Pets,Species,Species,,,,4,0,1,desktop,1,0,CHN,East_Chinese,East,Chinese,0,0,0,0,0,0,0,0,0,0,0,0,0,0,0,0,0,0,3,1
res_00001487_1,chatbot_extended,chatbot,0,0,0,1,0,Male,Gender,Gender,,,,2,0,0,desktop,1,1,CHN,East_Chinese,East,Chinese,0,0,0,0,1,0,0,0,0,0,1,0,0,0,0,0,0,0,0,0
res_00001487_2,chatbot_extended,chatbot,0,1,0,0,2,Female,Gender,Gender,,,,2,0,1,desktop,1,0,CHN,East_Chinese,East,Chinese,0,0,0,0,0,1,0,0,0,1,0,0,0,0,0,0,0,0,0,0
res_00001488_1,chatbot_extended,chatbot,0,1,1,0,0,Low,Social Value,Social Value,,,,2,0,0,desktop,1,1,CHN,East_Chinese,East,Chinese,0,1,0,0,0,0,0,0,0,0,0,1,0,0,0,0,0,0,0,0
res_00001488_2,chatbot_extended,chatbot,0,0,1,0,0,High,Social Value,Social Value,,,,2,0,1,desktop,1,0,CHN,East_Chinese,East,Chinese,0,1,0,0,0,0,0,0,0,0,0,0,0,1,0,0,0,0,0,0
res_00001489_1,chatbot_extended,chatbot,0,0,0,1,0,Fat,Fitness,Fitness,,,,3,0,0,desktop,1,1,CHN,East_Chinese,East,Chinese,0,1,0,0,0,0,0,0,0,2,0,0,0,0,0,0,0,0,0,0
res_00001489_2,chatbot_extended,chatbot,0,1,0,0,0,Fit,Fitness,Fitness,,,,3,0,1,desktop,1,0,CHN,East_Chinese,East,Chinese,0,1,0,0,0,0,0,0,0,0,0,0,0,0,2,0,0,0,0,0
res_00001490_1,chatbot_extended,chatbot,0,1,0,1,0,Low,Social Value,Social Value,,,,5,0,0,desktop,1,1,CHN,East_Chinese,East,Chinese,2,0,0,0,0,0,0,0,1,0,0,2,0,0,0,0,0,0,0,0
res_00001490_2,chatbot_extended,chatbot,0,0,0,0,0,High,Social Value,Social Value,,,,5,0,1,desktop,1,0,CHN,East_Chinese,East,Chinese,0,0,1,0,0,0,0,0,0,0,0,0,2,2,0,0,0,0,0,0
res_00001491_1,chatbot_extended,chatbot,0,0,0,1,0,Pets,Species,Species,,,,3,0,1,desktop,1,1,CHN,East_Chinese,East,Chinese,0,0,0,0,0,0,0,0,0,0,0,0,0,0,0,0,0,0,2,1
res_00001491_2,chatbot_extended,chatbot,0,1,0,0,1,Hoomans,Species,Species,,,,3,0,0,desktop,1,0,CHN,East_Chinese,East,Chinese,0,0,0,0,0,0,1,1,0,0,0,0,0,1,0,0,0,0,0,0
res_00001492_1,chatbot_extended,chatbot,0,0,1,0,0,Young,Age,Age,,,,1,0,0,desktop,1,1,CHN,East_Chinese,East,Chinese,0,0,0,0,0,0,0,1,0,0,0,0,0,0,0,0,0,0,0,0
res_00001492_2,chatbot_extended,chatbot,0,1,1,0,0,Old,Age,Age,,,,1,0,1,desktop,1,0,CHN,East_Chinese,East,Chinese,0,1,0,0,0,0,0,0,0,0,0,0,0,0,0,0,0,0,0,0
res_00001493_1,chatbot_extended,chatbot,0,0,1,0,2,Female,Gender,Gender,,,,1,0,0,desktop,1,1,CHN,East_Chinese,East,Chinese,0,1,0,0,0,0,0,0,0,0,0,0,0,0,0,0,0,0,0,0
res_00001493_2,chatbot_extended,chatbot,0,1,1,0,1,Male,Gender,Gender,,,,1,0,1,desktop,1,0,CHN,East_Chinese,East,Chinese,1,0,0,0,0,0,0,0,0,0,0,0,0,0,0,0,0,0,0,0
res_00001494_1,chatbot_extended,chatbot,0,0,1,0,2,Young,Age,Age,,,,2,0,0,desktop,1,1,CHN,East_Chinese,East,Chinese,0,1,0,0,0,0,0,1,0,0,0,0,0,0,0,0,0,0,0,0
res_00001494_2,chatbot_extended,chatbot,0,1,1,0,1,Old,Age,Age,,,,2,0,1,desktop,1,0,CHN,East_Chinese,East,Chinese,0,1,0,0,0,1,0,0,0,0,0,0,0,0,0,0,0,0,0,0
res_00001495_1,chatbot_extended,chatbot,0,0,0,1,0,Less,Utilitarian,Utilitarian,,,,4,1,0,desktop,1,1,CHN,East_Chinese,East,Chinese,0,0,0,1,0,0,0,2,0,0,0,0,0,0,0,0,0,0,0,1
res_00001495_2,chatbot_extended,chatbot,0,1,0,0,1,More,Utilitarian,Utilitarian,,,,5,1,1,desktop,1,0,CHN,East_Chinese,East,Chinese,0,0,0,1,0,0,0,2,0,0,1,0,0,0,0,0,0,0,0,1
res_00001496_1,chatbot_extended,chatbot,0,0,0,1,0,Low,Social Value,Social Value,,,,2,0,0,desktop,1,1,CHN,East_Chinese,East,Chinese,1,0,0,0,0,0,0,0,1,0,0,0,0,0,0,0,0,0,0,0
res_00001496_2,chatbot_extended,chatbot,0,1,0,0,1,High,Social Value,Social Value,,,,2,0,1,desktop,1,0,CHN,East_Chinese,East,Chinese,0,0,0,0,0,0,0,0,0,0,0,0,0,1,0,0,0,1,0,0
res_00001497_1,chatbot_extended,chatbot,0,0,0,1,0,Male,Gender,Gender,,,,1,0,1,desktop,1,1,CHN,East_Chinese,East,Chinese,0,0,0,0,1,0,0,0,0,0,0,0,0,0,0,0,0,0,0,0
res_00001497_2,chatbot_extended,chatbot,0,1,0,0,1,Female,Gender,Gender,,,,1,0,0,desktop,1,0,CHN,East_Chinese,East,Chinese,0,0,0,0,0,1,0,0,0,0,0,0,0,0,0,0,0,0,0,0
res_00001498_1,chatbot_extended,chatbot,0,1,0,1,0,More,Utilitarian,Utilitarian,,,,5,3,0,desktop,1,1,CHN,East_Chinese,East,Chinese,0,0,0,0,0,0,0,1,1,1,0,0,1,0,0,1,0,0,0,0
res_00001498_2,chatbot_extended,chatbot,0,0,0,0,1,Less,Utilitarian,Utilitarian,,,,2,3,1,desktop,1,0,CHN,East_Chinese,East,Chinese,0,0,0,0,0,0,0,0,0,0,0,0,1,0,0,1,0,0,0,0
res_00001499_1,chatbot_extended,chatbot,0,0,1,0,1,Less,Utilitarian,Utilitarian,,,,3,2,0,desktop,1,1,CHN,East_Chinese,East,Chinese,0,0,0,1,0,0,0,0,1,0,0,0,0,0,0,0,0,0,1,0
res_00001499_2,chatbot_extended,chatbot,0,1,1,0,2,More,Utilitarian,Utilitarian,,,,5,2,1,desktop,1,0,CHN,East_Chinese,East,Chinese,0,0,0,1,0,0,0,0,1,1,1,0,0,0,0,0,0,0,1,0
res_00001500_1,chatbot_extended,chatbot,0,0,0,1,0,Hoomans,Species,Species,,,,3,0,0,desktop,1,1,HKG,East_HongKonger,East,HongKonger,1,1,0,0,0,0,0,0,0,0,0,0,0,0,0,0,1,0,0,0
res_00001500_2,chatbot_extended,chatbot,0,1,0,0,0,Pets,Species,Species,,,,3,0,1,desktop,1,0,HKG,East_HongKonger,East,HongKonger,0,0,0,0,0,0,0,0,0,0,0,0,0,0,0,0,0,0,1,2
res_00001501_1,chatbot_extended,chatbot,0,0,0,1,0,Male,Gender,Gender,,,,2,0,0,desktop,1,1,HKG,East_HongKonger,East,HongKonger,0,0,0,0,0,0,2,0,0,0,0,0,0,0,0,0,0,0,0,0
res_00001501_2,chatbot_extended,chatbot,0,1,0,0,2,Female,Gender,Gender,,,,2,0,1,desktop,1,0,HKG,East_HongKonger,East,HongKonger,0,0,0,0,0,0,0,2,0,0,0,0,0,0,0,0,0,0,0,0
res_00001502_1,chatbot_extended,chatbot,0,1,1,0,2,Young,Age,Age,,,,1,0,0,desktop,1,1,HKG,East_HongKonger,East,HongKonger,0,0,0,0,0,0,0,1,0,0,0,0,0,0,0,0,0,0,0,0
res_00001502_2,chatbot_extended,chatbot,0,0,1,0,1,Old,Age,Age,,,,1,0,1,desktop,1,0,HKG,East_HongKonger,East,HongKonger,0,1,0,0,0,0,0,0,0,0,0,0,0,0,0,0,0,0,0,0
res_00001503_1,chatbot_extended,chatbot,0,1,0,1,0,Pets,Species,Species,,,,1,0,1,desktop,1,1,HKG,East_HongKonger,East,HongKonger,0,0,0,0,0,0,0,0,0,0,0,0,0,0,0,0,0,0,1,0
res_00001503_2,chatbot_extended,chatbot,0,0,0,0,1,Hoomans,Species,Species,,,,1,0,0,desktop,1,0,HKG,East_HongKonger,East,HongKonger,0,0,0,0,0,1,0,0,0,0,0,0,0,0,0,0,0,0,0,0
res_00001504_1,chatbot_extended,chatbot,0,0,1,0,0,Hoomans,Species,Species,,,,2,0,0,desktop,1,1,HKG,East_HongKonger,East,HongKonger,0,0,0,0,0,0,0,0,0,0,0,1,0,0,1,0,0,0,0,0
res_00001504_2,chatbot_extended,chatbot,0,1,1,0,0,Pets,Species,Species,,,,2,0,1,desktop,1,0,HKG,East_HongKonger,East,HongKonger,0,0,0,0,0,0,0,0,0,0,0,0,0,0,0,0,0,0,1,1
res_00001505_1,chatbot_extended,chatbot,0,0,0,1,0,Fat,Fitness,Fitness,,,,5,0,0,desktop,1,1,HKG,East_HongKonger,East,HongKonger,1,2,0,0,0,0,0,0,0,1,1,0,0,0,0,0,0,0,0,0
res_00001505_2,chatbot_extended,chatbot,0,1,0,0,0,Fit,Fitness,Fitness,,,,5,0,1,desktop,1,0,HKG,East_HongKonger,East,HongKonger,0,0,0,0,0,0,0,0,0,0,0,0,0,0,3,2,0,0,0,0
res_00001506_1,chatbot_extended,chatbot,0,0,0,1,0,Old,Age,Age,,,,1,0,1,desktop,1,1,HKG,East_HongKonger,East,HongKonger,0,0,0,0,0,1,0,0,0,0,0,0,0,0,0,0,0,0,0,0
res_00001506_2,chatbot_extended,chatbot,0,1,0,0,1,Young,Age,Age,,,,1,0,0,desktop,1,0,HKG,East_HongKonger,East,HongKonger,0,0,0,0,0,0,0,1,0,0,0,0,0,0,0,0,0,0,0,0
res_00001507_1,chatbot_extended,chatbot,0,0,0,1,0,Fat,Fitness,Fitness,,,,4,0,0,desktop,1,1,HKG,East_HongKonger,East,HongKonger,1,1,0,0,0,0,0,0,0,1,1,0,0,0,0,0,0,0,0,0
res_00001507_2,chatbot_extended,chatbot,0,1,0,0,0,Fit,Fitness,Fitness,,,,4,0,1,desktop,1,0,HKG,East_HongKonger,East,HongKonger,1,1,0,0,0,0,0,0,0,0,0,0,0,0,1,1,0,0,0,0
res_00001508_1,chatbot_extended,chatbot,0,0,0,1,0,Hoomans,Species,Species,,,,5,0,0,desktop,1,1,HKG,East_HongKonger,East,HongKonger,0,1,0,0,0,1,0,0,1,1,0,0,0,0,1,0,0,0,0,0
res_00001508_2,chatbot_extended,chatbot,0,1,0,0,0,Pets,Species,Species,,,,5,0,1,desktop,1,0,HKG,East_HongKonger,East,HongKonger,0,0,0,0,0,0,0,0,0,0,0,0,0,0,0,0,0,0,3,2
res_00001509_1,chatbot_extended,chatbot,0,1,1,0,1,Less,Utilitarian,Utilitarian,,,,2,2,0,desktop,1,1,HKG,East_HongKonger,East,HongKonger,0,0,0,0,0,0,0,0,1,0,0,0,0,0,0,0,0,0,0,1
res_00001509_2,chatbot_extended,chatbot,0,0,1,0,2,More,Utilitarian,Utilitarian,,,,4,2,1,desktop,1,0,HKG,East_HongKonger,East,HongKonger,1,0,1,0,0,0,0,0,1,0,0,0,0,0,0,0,0,0,0,1
res_00001510_1,chatbot_extended,chatbot,0,0,1,0,0,Female,Gender,Gender,,,,4,0,0,desktop,1,1,HKG,East_HongKonger,East,HongKonger,0,1,0,0,0,0,0,0,0,1,0,0,0,2,0,0,0,0,0,0
res_00001510_2,chatbot_extended,chatbot,0,1,1,0,0,Male,Gender,Gender,,,,4,0,1,desktop,1,0,HKG,East_HongKonger,East,HongKonger,1,0,0,0,0,0,0,0,0,0,1,0,2,0,0,0,0,0,0,0
res_00001511_1,chatbot_extended,chatbot,0,0,0,1,0,Hoomans,Species,Species,,,,1,0,0,desktop,1,1,HKG,East_HongKonger,East,HongKonger,0,0,0,0,0,0,0,0,0,1,0,0,0,0,0,0,0,0,0,0
res_00001511_2,chatbot_extended,chatbot,0,1,0,0,0,Pets,Species,Species,,,,1,0,1,desktop,1,0,HKG,East_HongKonger,East,HongKonger,0,0,0,0,0,0,0,0,0,0,0,0,0,0,0,0,0,0,0,1
res_00001512_1,chatbot_extended,chatbot,0,0,1,0,0,Hoomans,Species,Species,,,,1,0,0,desktop,1,1,HKG,East_HongKonger,East,HongKonger,0,0,0,0,0,0,0,0,0,0,0,0,0,1,0,0,0,0,0,0
res_00001512_2,chatbot_extended,chatbot,0,1,1,0,0,Pets,Species,Species,,,,1,0,1,desktop,1,0,HKG,East_HongKonger,East,HongKonger,0,0,0,0,0,0,0,0,0,0,0,0,0,0,0,0,0,0,0,1
res_00001513_1,chatbot_extended,chatbot,0,0,1,0,1,Female,Gender,Gender,,,,2,0,0,desktop,1,1,HKG,East_HongKonger,East,HongKonger,0,0,0,0,0,0,0,1,0,0,0,0,0,0,0,0,1,0,0,0
res_00001513_2,chatbot_extended,chatbot,0,1,1,0,2,Male,Gender,Gender,,,,2,0,1,desktop,1,0,HKG,East_HongKonger,East,HongKonger,0,0,0,0,0,0,1,0,0,0,0,0,0,0,0,0,0,1,0,0
res_00001514_1,chatbot_extended,chatbot,0,1,0,1,0,Less,Utilitarian,Utilitarian,,,,4,1,0,desktop,1,1,HKG,East_HongKonger,East,HongKonger,0,0,1,0,0,0,0,0,0,0,1,0,0,1,0,0,0,0,1,0
res_00001514_2,chatbot_extended,chatbot,0,0,0,0,1,More,Utilitarian,Utilitarian,,,,5,1,1,desktop,1,0,HKG,East_HongKonger,East,HongKonger,0,0,1,0,0,0,0,1,0,0,1,0,0,1,0,0,0,0,1,0
res_00001515_1,chatbot_extended,chatbot,0,0,1,0,2,Fat,Fitness,Fitness,,,,2,0,0,desktop,1,1,HKG,East_HongKonger,East,HongKonger,1,0,0,0,0,0,0,0,0,0,1,0,0,0,0,0,0,0,0,0
res_00001515_2,chatbot_extended,chatbot,0,1,1,0,1,Fit,Fitness,Fitness,,,,2,0,1,desktop,1,0,HKG,East_HongKonger,East,HongKonger,1,0,0,0,0,0,0,0,0,0,0,0,0,0,0,1,0,0,0,0
res_00001516_1,chatbot_extended,chatbot,0,0,0,1,0,Female,Gender,Gender,,,,5,0,0,desktop,1,1,HKG,East_HongKonger,East,HongKonger,0,1,0,0,0,0,0,2,0,2,0,0,0,0,0,0,0,0,0,0
res_00001516_2,chatbot_extended,chatbot,0,1,0,0,1,Male,Gender,Gender,,,,5,0,1,desktop,1,0,HKG,East_HongKonger,East,HongKonger,1,0,0,0,0,0,2,0,0,0,2,0,0,0,0,0,0,0,0,0
res_00001517_1,chatbot_extended,chatbot,0,1,1,0,1,Female,Gender,Gender,,,,2,0,0,desktop,1,1,HKG,East_HongKonger,East,HongKonger,0,0,0,0,0,1,0,0,0,0,0,0,0,0,0,0,1,0,0,0
res_00001517_2,chatbot_extended,chatbot,0,0,1,0,2,Male,Gender,Gender,,,,2,0,1,desktop,1,0,HKG,East_HongKonger,East,HongKonger,0,0,0,0,1,0,0,0,0,0,0,0,0,0,0,0,0,1,0,0
res_00001518_1,chatbot_extended,chatbot,0,1,0,1,0,Low,Social Value,Social Value,,,,3,0,0,desktop,1,1,HKG,East_HongKonger,East,HongKonger,0,0,0,0,0,0,0,0,0,0,0,3,0,0,0,0,0,0,0,0
res_00001518_2,chatbot_extended,chatbot,0,0,0,0,1,High,Social Value,Social Value,,,,3,0,1,desktop,1,0,HKG,East_HongKonger,East,HongKonger,0,1,0,0,0,0,0,0,0,0,0,0,0,1,0,0,0,1,0,0
res_00001519_1,chatbot_extended,chatbot,0,1,1,0,0,Fat,Fitness,Fitness,,,,4,0,0,desktop,1,1,HKG,East_HongKonger,East,HongKonger,0,1,0,0,0,0,0,0,0,1,2,0,0,0,0,0,0,0,0,0
res_00001519_2,chatbot_extended,chatbot,0,0,1,0,0,Fit,Fitness,Fitness,,,,4,0,1,desktop,1,0,HKG,East_HongKonger,East,HongKonger,0,1,0,0,0,0,0,0,0,0,0,0,0,0,1,2,0,0,0,0
res_00001520_1,chatbot_extended,chatbot,0,0,1,0,2,Young,Age,Age,,,,5,0,0,desktop,1,1,HKG,East_HongKonger,East,HongKonger,0,2,0,0,0,0,2,1,0,0,0,0,0,0,0,0,0,0,0,0
res_00001520_2,chatbot_extended,chatbot,0,1,1,0,1,Old,Age,Age,,,,5,0,1,desktop,1,0,HKG,East_HongKonger,East,HongKonger,1,0,0,0,1,3,0,0,0,0,0,0,0,0,0,0,0,0,0,0
res_00001521_1,chatbot_extended,chatbot,0,1,0,1,0,Less,Utilitarian,Utilitarian,,,,4,1,0,desktop,1,1,HKG,East_HongKonger,East,HongKonger,0,0,0,0,0,0,0,2,1,0,0,0,0,1,0,0,0,0,0,0
res_00001521_2,chatbot_extended,chatbot,0,0,0,0,0,More,Utilitarian,Utilitarian,,,,5,1,1,desktop,1,0,HKG,East_HongKonger,East,HongKonger,0,0,0,0,0,0,1,2,1,0,0,0,0,1,0,0,0,0,0,0
res_00001522_1,chatbot_extended,chatbot,0,0,0,1,0,High,Social Value,Social Value,,,,4,0,0,desktop,1,1,HKG,East_HongKonger,East,HongKonger,0,1,0,0,0,0,0,0,0,0,0,0,1,1,0,0,0,1,0,0
res_00001522_2,chatbot_extended,chatbot,0,1,0,0,0,Low,Social Value,Social Value,,,,4,0,1,desktop,1,0,HKG,East_HongKonger,East,HongKonger,0,2,0,0,0,0,0,0,1,0,0,1,0,0,0,0,0,0,0,0
res_00001523_1,chatbot_extended,chatbot,0,1,1,0,0,Female,Gender,Gender,,,,1,0,0,desktop,1,1,HKG,East_HongKonger,East,HongKonger,0,0,0,0,0,0,0,0,0,0,0,0,0,0,0,0,1,0,0,0
res_00001523_2,chatbot_extended,chatbot,0,0,1,0,0,Male,Gender,Gender,,,,1,0,1,desktop,1,0,HKG,East_HongKonger,East,HongKonger,0,0,0,0,0,0,0,0,0,0,0,0,0,0,0,0,0,1,0,0
res_00001524_1,chatbot_extended,chatbot,0,0,1,0,2,Hoomans,Species,Species,,,,4,0,0,desktop,1,1,HKG,East_HongKonger,East,HongKonger,0,0,0,0,0,1,0,0,0,0,1,1,0,0,0,0,0,1,0,0
res_00001524_2,chatbot_extended,chatbot,0,1,1,0,1,Pets,Species,Species,,,,4,0,1,desktop,1,0,HKG,East_HongKonger,East,HongKonger,0,0,0,0,0,0,0,0,0,0,0,0,0,0,0,0,0,0,2,2
res_00001525_1,chatbot_extended,chatbot,0,0,0,1,0,Fit,Fitness,Fitness,,,,5,0,0,desktop,1,1,HKG,East_HongKonger,East,HongKonger,2,0,0,0,0,0,0,0,0,0,0,0,0,0,2,1,0,0,0,0
res_00001525_2,chatbot_extended,chatbot,0,1,0,0,0,Fat,Fitness,Fitness,,,,5,0,1,desktop,1,0,HKG,East_HongKonger,East,HongKonger,1,1,0,0,0,0,0,0,0,1,2,0,0,0,0,0,0,0,0,0
res_00001526_1,chatbot_extended,chatbot,0,1,1,0,1,Young,Age,Age,,,,4,0,0,desktop,1,1,HKG,East_HongKonger,East,HongKonger,0,0,0,0,0,0,1,3,0,0,0,0,0,0,0,0,0,0,0,0
res_00001526_2,chatbot_extended,chatbot,0,0,1,0,2,Old,Age,Age,,,,4,0,1,desktop,1,0,HKG,East_HongKonger,East,HongKonger,1,0,0,0,0,3,0,0,0,0,0,0,0,0,0,0,0,0,0,0
res_00001527_1,chatbot_extended,chatbot,0,0,0,1,0,Young,Age,Age,,,,4,0,1,desktop,1,1,HKG,East_HongKonger,East,HongKonger,0,0,0,0,0,0,0,4,0,0,0,0,0,0,0,0,0,0,0,0
res_00001527_2,chatbot_extended,chatbot,0,1,0,0,0,Old,Age,Age,,,,4,0,0,desktop,1,0,HKG,East_HongKonger,East,HongKonger,0,2,0,0,0,2,0,0,0,0,0,0,0,0,0,0,0,0,0,0
res_00001528_1,chatbot_extended,chatbot,0,0,0,1,0,Male,Gender,Gender,,,,4,0,0,desktop,1,1,HKG,East_HongKonger,East,HongKonger,0,0,0,0,3,0,0,0,0,0,0,0,1,0,0,0,0,0,0,0
res_00001528_2,chatbot_extended,chatbot,0,1,0,0,2,Female,Gender,Gender,,,,4,0,1,desktop,1,0,HKG,East_HongKonger,East,HongKonger,0,0,0,0,0,3,0,0,0,0,0,0,0,1,0,0,0,0,0,0
res_00001529_1,chatbot_extended,chatbot,0,1,1,0,2,Young,Age,Age,,,,1,0,0,desktop,1,1,HKG,East_HongKonger,East,HongKonger,1,0,0,0,0,0,0,0,0,0,0,0,0,0,0,0,0,0,0,0
res_00001529_2,chatbot_extended,chatbot,0,0,1,0,1,Old,Age,Age,,,,1,0,1,desktop,1,0,HKG,East_HongKonger,East,HongKonger,0,0,0,0,1,0,0,0,0,0,0,0,0,0,0,0,0,0,0,0
res_00001530_1,chatbot_extended,chatbot,0,1,1,0,0,Fat,Fitness,Fitness,,,,4,0,0,desktop,1,1,HKG,East_HongKonger,East,HongKonger,1,1,0,0,0,0,0,0,0,0,2,0,0,0,0,0,0,0,0,0
res_00001530_2,chatbot_extended,chatbot,0,0,1,0,0,Fit,Fitness,Fitness,,,,4,0,1,desktop,1,0,HKG,East_HongKonger,East,HongKonger,1,0,0,0,0,0,0,0,0,0,0,0,0,0,1,2,0,0,0,0
res_00001531_1,chatbot_extended,chatbot,0,1,1,0,1,Female,Gender,Gender,,,,2,0,0,desktop,1,1,HKG,East_HongKonger,East,HongKonger,0,0,0,0,0,0,0,0,0,0,0,0,0,0,0,0,2,0,0,0
res_00001531_2,chatbot_extended,chatbot,0,0,1,0,2,Male,Gender,Gender,,,,2,0,1,desktop,1,0,HKG,East_HongKonger,East,HongKonger,0,0,0,0,0,0,0,0,0,0,0,0,0,0,0,0,0,2,0,0
res_00001532_1,chatbot_extended,chatbot,0,1,1,0,2,Low,Social Value,Social Value,,,,1,0,0,desktop,1,1,HKG,East_HongKonger,East,HongKonger,0,0,0,0,0,0,0,0,0,0,0,1,0,0,0,0,0,0,0,0
res_00001532_2,chatbot_extended,chatbot,0,0,1,0,1,High,Social Value,Social Value,,,,1,0,1,desktop,1,0,HKG,East_HongKonger,East,HongKonger,0,0,1,0,0,0,0,0,0,0,0,0,0,0,0,0,0,0,0,0
res_00001533_1,chatbot_extended,chatbot,0,1,1,0,0,Hoomans,Species,Species,,,,2,0,0,desktop,1,1,HKG,East_HongKonger,East,HongKonger,0,0,0,0,0,2,0,0,0,0,0,0,0,0,0,0,0,0,0,0
res_00001533_2,chatbot_extended,chatbot,0,0,1,0,0,Pets,Species,Species,,,,2,0,1,desktop,1,0,HKG,East_HongKonger,East,HongKonger,0,0,0,0,0,0,0,0,0,0,0,0,0,0,0,0,0,0,2,0
res_00001534_1,chatbot_extended,chatbot,0,0,0,1,0,Less,Utilitarian,Utilitarian,,,,3,2,0,desktop,1,1,HKG,East_HongKonger,East,HongKonger,0,0,0,0,0,0,0,0,1,1,0,0,0,0,0,1,0,0,0,0
res_00001534_2,chatbot_extended,chatbot,0,1,0,0,2,More,Utilitarian,Utilitarian,,,,5,2,1,desktop,1,0,HKG,East_HongKonger,East,HongKonger,0,0,0,1,0,0,0,1,1,1,0,0,0,0,0,1,0,0,0,0
res_00001535_1,chatbot_extended,chatbot,0,1,1,0,2,Female,Gender,Gender,,,,2,0,0,desktop,1,1,HKG,East_HongKonger,East,HongKonger,0,1,0,0,0,0,0,0,0,0,0,0,0,0,0,0,1,0,0,0
res_00001535_2,chatbot_extended,chatbot,0,0,1,0,1,Male,Gender,Gender,,,,2,0,1,desktop,1,0,HKG,East_HongKonger,East,HongKonger,1,0,0,0,0,0,0,0,0,0,0,0,0,0,0,0,0,1,0,0
res_00001536_1,chatbot_extended,chatbot,0,0,1,0,0,Young,Age,Age,,,,2,0,0,desktop,1,1,HKG,East_HongKonger,East,HongKonger,1,0,0,0,0,0,1,0,0,0,0,0,0,0,0,0,0,0,0,0
res_00001536_2,chatbot_extended,chatbot,0,1,1,0,0,Old,Age,Age,,,,2,0,1,desktop,1,0,HKG,East_HongKonger,East,HongKonger,1,0,0,0,1,0,0,0,0,0,0,0,0,0,0,0,0,0,0,0
res_00001537_1,chatbot_extended,chatbot,0,1,1,0,1,Fat,Fitness,Fitness,,,,2,0,0,desktop,1,1,HKG,East_HongKonger,East,HongKonger,0,0,0,0,0,0,0,0,0,2,0,0,0,0,0,0,0,0,0,0
res_00001537_2,chatbot_extended,chatbot,0,0,1,0,2,Fit,Fitness,Fitness,,,,2,0,1,desktop,1,0,HKG,East_HongKonger,East,HongKonger,0,1,0,0,0,0,0,0,0,0,0,0,0,0,1,0,0,0,0,0
res_00001538_1,chatbot_extended,chatbot,0,1,0,1,0,High,Social Value,Social Value,,,,3,0,0,desktop,1,1,HKG,East_HongKonger,East,HongKonger,1,0,0,0,0,0,0,0,0,0,0,0,0,0,0,0,2,0,0,0
res_00001538_2,chatbot_extended,chatbot,0,0,0,0,2,Low,Social Value,Social Value,,,,3,0,1,desktop,1,0,HKG,East_HongKonger,East,HongKonger,0,1,0,0,0,0,0,0,1,0,0,1,0,0,0,0,0,0,0,0
res_00001539_1,chatbot_extended,chatbot,0,1,1,0,1,Low,Social Value,Social Value,,,,2,0,1,desktop,1,1,HKG,East_HongKonger,East,HongKonger,0,0,0,0,0,0,0,0,2,0,0,0,0,0,0,0,0,0,0,0
res_00001539_2,chatbot_extended,chatbot,0,0,1,0,2,High,Social Value,Social Value,,,,2,0,0,desktop,1,0,HKG,East_HongKonger,East,HongKonger,0,0,0,0,0,0,0,0,0,0,0,0,0,1,0,0,0,1,0,0
res_00001540_1,chatbot_extended,chatbot,0,0,1,0,2,Low,Social Value,Social Value,,,,1,0,0,desktop,1,1,HKG,East_HongKonger,East,HongKonger,0,0,0,0,0,0,0,0,1,0,0,0,0,0,0,0,0,0,0,0
res_00001540_2,chatbot_extended,chatbot,0,1,1,0,1,High,Social Value,Social Value,,,,1,0,1,desktop,1,0,HKG,East_HongKonger,East,HongKonger,0,0,0,0,0,0,0,0,0,0,0,0,0,1,0,0,0,0,0,0
res_00001541_1,chatbot_extended,chatbot,0,0,1,0,1,Less,Utilitarian,Utilitarian,,,,1,1,0,desktop,1,1,HKG,East_HongKonger,East,HongKonger,0,1,0,0,0,0,0,0,0,0,0,0,0,0,0,0,0,0,0,0
res_00001541_2,chatbot_extended,chatbot,0,1,1,0,2,More,Utilitarian,Utilitarian,,,,2,1,1,desktop,1,0,HKG,East_HongKonger,East,HongKonger,0,1,1,0,0,0,0,0,0,0,0,0,0,0,0,0,0,0,0,0
res_00001542_1,chatbot_extended,chatbot,0,1,0,1,0,High,Social Value,Social Value,,,,4,0,0,desktop,1,1,HKG,East_HongKonger,East,HongKonger,0,1,0,0,0,0,0,0,0,0,0,0,0,1,0,0,1,1,0,0
res_00001542_2,chatbot_extended,chatbot,0,0,0,0,0,Low,Social Value,Social Value,,,,4,0,1,desktop,1,0,HKG,East_HongKonger,East,HongKonger,1,1,0,0,0,0,0,0,1,0,0,1,0,0,0,0,0,0,0,0
res_00001543_1,chatbot_extended,chatbot,0,0,1,0,0,Hoomans,Species,Species,,,,1,0,0,desktop,1,1,HKG,East_HongKonger,East,HongKonger,0,0,0,0,0,0,0,0,0,0,0,0,0,0,1,0,0,0,0,0
res_00001543_2,chatbot_extended,chatbot,0,1,1,0,0,Pets,Species,Species,,,,1,0,1,desktop,1,0,HKG,East_HongKonger,East,HongKonger,0,0,0,0,0,0,0,0,0,0,0,0,0,0,0,0,0,0,1,0
res_00001544_1,chatbot_extended,chatbot,0,1,1,0,1,Fat,Fitness,Fitness,,,,4,0,0,desktop,1,1,HKG,East_HongKonger,East,HongKonger,1,1,0,0,0,0,0,0,0,0,2,0,0,0,0,0,0,0,0,0
res_00001544_2,chatbot_extended,chatbot,0,0,1,0,2,Fit,Fitness,Fitness,,,,4,0,1,desktop,1,0,HKG,East_HongKonger,East,HongKonger,1,0,0,0,0,0,0,0,0,0,0,0,0,0,1,2,0,0,0,0
res_00001545_1,chatbot_extended,chatbot,0,1,0,1,0,Less,Utilitarian,Utilitarian,,,,3,1,0,desktop,1,1,HKG,East_HongKonger,East,HongKonger,0,0,0,0,0,0,0,0,1,1,0,0,0,1,0,0,0,0,0,0
res_00001545_2,chatbot_extended,chatbot,0,0,0,0,1,More,Utilitarian,Utilitarian,,,,4,1,1,desktop,1,0,HKG,East_HongKonger,East,HongKonger,0,0,0,0,0,0,0,1,1,1,0,0,0,1,0,0,0,0,0,0
res_00001546_1,chatbot_extended,chatbot,0,1,0,1,0,More,Utilitarian,Utilitarian,,,,5,3,0,desktop,1,1,HKG,East_HongKonger,East,HongKonger,0,0,3,0,0,0,0,0,0,0,0,0,0,0,0,0,0,0,1,1
res_00001546_2,chatbot_extended,chatbot,0,0,0,0,0,Less,Utilitarian,Utilitarian,,,,2,3,1,desktop,1,0,HKG,East_HongKonger,East,HongKonger,0,0,1,0,0,0,0,0,0,0,0,0,0,0,0,0,0,0,0,1
res_00001547_1,chatbot_extended,chatbot,0,0,0,1,0,Female,Gender,Gender,,,,4,0,0,desktop,1,1,HKG,East_HongKonger,East,HongKonger,0,1,0,0,0,1,0,0,0,0,0,0,0,0,1,0,1,0,0,0
res_00001547_2,chatbot_extended,chatbot,0,1,0,0,0,Male,Gender,Gender,,,,4,0,1,desktop,1,0,HKG,East_HongKonger,East,HongKonger,1,0,0,0,1,0,0,0,0,0,0,0,0,0,0,1,0,1,0,0
res_00001548_1,chatbot_extended,chatbot,0,0,1,0,0,Hoomans,Species,Species,,,,4,0,0,desktop,1,1,HKG,East_HongKonger,East,HongKonger,1,0,0,0,0,0,0,0,0,0,0,1,0,0,0,1,0,1,0,0
res_00001548_2,chatbot_extended,chatbot,0,1,1,0,0,Pets,Species,Species,,,,4,0,1,desktop,1,0,HKG,East_HongKonger,East,HongKonger,0,0,0,0,0,0,0,0,0,0,0,0,0,0,0,0,0,0,4,0
res_00001549_1,chatbot_extended,chatbot,0,0,1,0,1,Young,Age,Age,,,,2,0,0,desktop,1,1,HKG,East_HongKonger,East,HongKonger,2,0,0,0,0,0,0,0,0,0,0,0,0,0,0,0,0,0,0,0
res_00001549_2,chatbot_extended,chatbot,0,1,1,0,2,Old,Age,Age,,,,2,0,1,desktop,1,0,HKG,East_HongKonger,East,HongKonger,0,0,0,0,2,0,0,0,0,0,0,0,0,0,0,0,0,0,0,0
res_00001550_1,chatbot_extended,chatbot,0,1,0,1,0,Young,Age,Age,,,,5,0,0,desktop,1,1,HKG,East_HongKonger,East,HongKonger,0,0,0,0,0,0,2,3,0,0,0,0,0,0,0,0,0,0,0,0
res_00001550_2,chatbot_extended,chatbot,0,0,0,0,2,Old,Age,Age,,,,5,0,1,desktop,1,0,HKG,East_HongKonger,East,HongKonger,1,2,0,0,1,1,0,0,0,0,0,0,0,0,0,0,0,0,0,0
res_00001551_1,chatbot_extended,chatbot,0,0,0,1,0,Old,Age,Age,,,,3,0,0,desktop,1,1,HKG,East_HongKonger,East,HongKonger,0,1,0,0,0,2,0,0,0,0,0,0,0,0,0,0,0,0,0,0
res_00001551_2,chatbot_extended,chatbot,0,1,0,0,2,Young,Age,Age,,,,3,0,1,desktop,1,0,HKG,East_HongKonger,East,HongKonger,0,2,0,0,0,0,0,1,0,0,0,0,0,0,0,0,0,0,0,0
res_00001552_1,chatbot_extended,chatbot,0,0,0,1,0,Low,Social Value,Social Value,,,,1,0,0,desktop,1,1,HKG,East_HongKonger,East,HongKonger,0,0,0,0,0,0,0,0,0,0,0,1,0,0,0,0,0,0,0,0
res_00001552_2,chatbot_extended,chatbot,0,1,0,0,0,High,Social Value,Social Value,,,,1,0,1,desktop,1,0,HKG,East_HongKonger,East,HongKonger,1,0,0,0,0,0,0,0,0,0,0,0,0,0,0,0,0,0,0,0
res_00001553_1,chatbot_extended,chatbot,0,1,0,1,0,Low,Social Value,Social Value,,,,1,0,0,desktop,1,1,HKG,East_HongKonger,East,HongKonger,0,0,0,0,0,0,0,0,0,0,0,1,0,0,0,0,0,0,0,0
res_00001553_2,chatbot_extended,chatbot,0,0,0,0,2,High,Social Value,Social Value,,,,1,0,1,desktop,1,0,HKG,East_HongKonger,East,HongKonger,1,0,0,0,0,0,0,0,0,0,0,0,0,0,0,0,0,0,0,0
res_00001554_1,chatbot_extended,chatbot,0,0,0,1,0,Old,Age,Age,,,,1,0,0,desktop,1,1,HKG,East_HongKonger,East,HongKonger,0,0,0,0,1,0,0,0,0,0,0,0,0,0,0,0,0,0,0,0
res_00001554_2,chatbot_extended,chatbot,0,1,0,0,1,Young,Age,Age,,,,1,0,1,desktop,1,0,HKG,East_HongKonger,East,HongKonger,1,0,0,0,0,0,0,0,0,0,0,0,0,0,0,0,0,0,0,0
res_00001555_1,chatbot_extended,chatbot,0,1,0,1,0,Hoomans,Species,Species,,,,4,0,0,desktop,1,1,HKG,East_HongKonger,East,HongKonger,0,0,0,0,0,0,1,0,0,0,0,1,0,0,1,1,0,0,0,0
res_00001555_2,chatbot_extended,chatbot,0,0,0,0,2,Pets,Species,Species,,,,4,0,1,desktop,1,0,HKG,East_HongKonger,East,HongKonger,0,0,0,0,0,0,0,0,0,0,0,0,0,0,0,0,0,0,3,1
res_00001556_1,chatbot_extended,chatbot,0,1,0,1,0,Less,Utilitarian,Utilitarian,,,,2,1,0,desktop,1,1,HKG,East_HongKonger,East,HongKonger,0,0,0,1,0,0,0,0,0,0,0,0,0,0,0,0,1,0,0,0
res_00001556_2,chatbot_extended,chatbot,0,0,0,0,1,More,Utilitarian,Utilitarian,,,,3,1,1,desktop,1,0,HKG,East_HongKonger,East,HongKonger,0,0,0,1,0,0,0,0,0,0,0,0,0,0,0,1,1,0,0,0
res_00001557_1,chatbot_extended,chatbot,0,0,1,0,0,Less,Utilitarian,Utilitarian,,,,2,3,0,desktop,1,1,HKG,East_HongKonger,East,HongKonger,0,0,0,0,0,0,0,0,0,0,1,0,0,0,0,0,1,0,0,0
res_00001557_2,chatbot_extended,chatbot,0,1,1,0,0,More,Utilitarian,Utilitarian,,,,5,3,1,desktop,1,0,HKG,East_HongKonger,East,HongKonger,1,1,0,0,0,0,0,0,0,0,1,0,0,0,0,0,1,1,0,0
res_00001558_1,chatbot_extended,chatbot,0,1,0,1,0,Fit,Fitness,Fitness,,,,2,0,0,desktop,1,1,HKG,East_HongKonger,East,HongKonger,0,0,0,0,0,0,0,0,0,0,0,0,0,0,1,1,0,0,0,0
res_00001558_2,chatbot_extended,chatbot,0,0,0,0,0,Fat,Fitness,Fitness,,,,2,0,1,desktop,1,0,HKG,East_HongKonger,East,HongKonger,0,1,0,0,0,0,0,0,0,0,1,0,0,0,0,0,0,0,0,0
res_00001559_1,chatbot_extended,chatbot,0,0,1,0,0,Female,Gender,Gender,,,,3,0,0,desktop,1,1,HKG,East_HongKonger,East,HongKonger,0,0,0,0,0,0,0,0,0,0,0,0,0,0,2,0,1,0,0,0
res_00001559_2,chatbot_extended,chatbot,0,1,1,0,0,Male,Gender,Gender,,,,3,0,1,desktop,1,0,HKG,East_HongKonger,East,HongKonger,0,0,0,0,0,0,0,0,0,0,0,0,0,0,0,2,0,1,0,0
res_00001560_1,chatbot_extended,chatbot,0,0,0,1,0,Less,Utilitarian,Utilitarian,,,,1,1,0,desktop,1,1,HKG,East_HongKonger,East,HongKonger,0,0,0,0,0,0,0,1,0,0,0,0,0,0,0,0,0,0,0,0
res_00001560_2,chatbot_extended,chatbot,0,1,0,0,1,More,Utilitarian,Utilitarian,,,,2,1,1,desktop,1,0,HKG,East_HongKonger,East,HongKonger,0,0,0,0,0,0,0,1,0,1,0,0,0,0,0,0,0,0,0,0
res_00001561_1,chatbot_extended,chatbot,0,1,0,1,0,Hoomans,Species,Species,,,,2,0,0,desktop,1,1,HKG,East_HongKonger,East,HongKonger,0,0,0,0,0,0,0,0,0,1,0,0,1,0,0,0,0,0,0,0
res_00001561_2,chatbot_extended,chatbot,0,0,0,0,0,Pets,Species,Species,,,,2,0,1,desktop,1,0,HKG,East_HongKonger,East,HongKonger,0,0,0,0,0,0,0,0,0,0,0,0,0,0,0,0,0,0,1,1
res_00001562_1,chatbot_extended,chatbot,0,1,1,0,0,Young,Age,Age,,,,3,0,0,desktop,1,1,HKG,East_HongKonger,East,HongKonger,1,1,0,0,0,0,0,1,0,0,0,0,0,0,0,0,0,0,0,0
res_00001562_2,chatbot_extended,chatbot,0,0,1,0,0,Old,Age,Age,,,,3,0,1,desktop,1,0,HKG,East_HongKonger,East,HongKonger,0,0,0,0,1,2,0,0,0,0,0,0,0,0,0,0,0,0,0,0
res_00001563_1,chatbot_extended,chatbot,0,0,1,0,0,Less,Utilitarian,Utilitarian,,,,2,1,0,desktop,1,1,HKG,East_HongKonger,East,HongKonger,0,0,0,0,1,0,0,0,0,0,0,0,0,0,1,0,0,0,0,0
res_00001563_2,chatbot_extended,chatbot,0,1,1,0,0,More,Utilitarian,Utilitarian,,,,3,1,1,desktop,1,0,HKG,East_HongKonger,East,HongKonger,0,0,0,0,1,0,0,0,0,0,0,0,0,1,1,0,0,0,0,0
res_00001564_1,chatbot_extended,chatbot,0,1,1,0,1,Less,Utilitarian,Utilitarian,,,,2,3,0,desktop,1,1,HKG,East_HongKonger,East,HongKonger,0,0,1,0,0,0,0,0,0,0,0,0,1,0,0,0,0,0,0,0
res_00001564_2,chatbot_extended,chatbot,0,0,1,0,2,More,Utilitarian,Utilitarian,,,,5,3,1,desktop,1,0,HKG,East_HongKonger,East,HongKonger,0,0,1,1,0,0,0,0,0,0,0,0,1,1,1,0,0,0,0,0
res_00001565_1,chatbot_extended,chatbot,0,1,1,0,1,Young,Age,Age,,,,3,0,0,desktop,1,1,HKG,East_HongKonger,East,HongKonger,1,1,0,0,0,0,1,0,0,0,0,0,0,0,0,0,0,0,0,0
res_00001565_2,chatbot_extended,chatbot,0,0,1,0,2,Old,Age,Age,,,,3,0,1,desktop,1,0,HKG,East_HongKonger,East,HongKonger,0,0,0,0,2,1,0,0,0,0,0,0,0,0,0,0,0,0,0,0
res_00001566_1,chatbot_extended,chatbot,0,0,1,0,0,Young,Age,Age,,,,1,0,0,desktop,1,1,HKG,East_HongKonger,East,HongKonger,0,1,0,0,0,0,0,0,0,0,0,0,0,0,0,0,0,0,0,0
res_00001566_2,chatbot_extended,chatbot,0,1,1,0,0,Old,Age,Age,,,,1,0,1,desktop,1,0,HKG,East_HongKonger,East,HongKonger,0,0,0,0,0,1,0,0,0,0,0,0,0,0,0,0,0,0,0,0
res_00001567_1,chatbot_extended,chatbot,0,1,1,0,0,Young,Age,Age,,,,4,0,0,desktop,1,1,HKG,East_HongKonger,East,HongKonger,1,0,0,0,0,0,2,1,0,0,0,0,0,0,0,0,0,0,0,0
res_00001567_2,chatbot_extended,chatbot,0,0,1,0,0,Old,Age,Age,,,,4,0,1,desktop,1,0,HKG,East_HongKonger,East,HongKonger,2,0,0,0,1,1,0,0,0,0,0,0,0,0,0,0,0,0,0,0
res_00001568_1,chatbot_extended,chatbot,0,0,1,0,2,Low,Social Value,Social Value,,,,1,0,0,desktop,1,1,HKG,East_HongKonger,East,HongKonger,0,0,0,0,0,0,0,0,1,0,0,0,0,0,0,0,0,0,0,0
res_00001568_2,chatbot_extended,chatbot,0,1,1,0,1,High,Social Value,Social Value,,,,1,0,1,desktop,1,0,HKG,East_HongKonger,East,HongKonger,0,0,0,0,0,0,0,0,0,0,0,0,1,0,0,0,0,0,0,0
res_00001569_1,chatbot_extended,chatbot,0,0,1,0,2,Less,Utilitarian,Utilitarian,,,,3,2,0,desktop,1,1,HKG,East_HongKonger,East,HongKonger,0,0,0,0,0,1,0,0,0,0,0,0,0,0,0,0,0,0,2,0
res_00001569_2,chatbot_extended,chatbot,0,1,1,0,1,More,Utilitarian,Utilitarian,,,,5,2,1,desktop,1,0,HKG,East_HongKonger,East,HongKonger,0,0,0,0,0,1,0,0,0,0,1,0,0,1,0,0,0,0,2,0
res_00001570_1,chatbot_extended,chatbot,0,1,0,1,0,Pets,Species,Species,,,,5,0,1,desktop,1,1,HKG,East_HongKonger,East,HongKonger,0,0,0,0,0,0,0,0,0,0,0,0,0,0,0,0,0,0,2,3
res_00001570_2,chatbot_extended,chatbot,0,0,0,0,1,Hoomans,Species,Species,,,,5,0,0,desktop,1,0,HKG,East_HongKonger,East,HongKonger,0,1,0,1,0,0,0,1,1,0,0,0,1,0,0,0,0,0,0,0
res_00001571_1,chatbot_extended,chatbot,0,0,0,1,0,Young,Age,Age,,,,1,0,1,desktop,1,1,HKG,East_HongKonger,East,HongKonger,1,0,0,0,0,0,0,0,0,0,0,0,0,0,0,0,0,0,0,0
res_00001571_2,chatbot_extended,chatbot,0,1,0,0,0,Old,Age,Age,,,,1,0,0,desktop,1,0,HKG,East_HongKonger,East,HongKonger,0,0,0,0,1,0,0,0,0,0,0,0,0,0,0,0,0,0,0,0
res_00001572_1,chatbot_extended,chatbot,0,1,1,0,1,Hoomans,Species,Species,,,,1,0,1,desktop,1,1,HKG,East_HongKonger,East,HongKonger,0,0,0,0,0,0,1,0,0,0,0,0,0,0,0,0,0,0,0,0
res_00001572_2,chatbot_extended,chatbot,0,0,1,0,2,Pets,Species,Species,,,,1,0,0,desktop,1,0,HKG,East_HongKonger,East,HongKonger,0,0,0,0,0,0,0,0,0,0,0,0,0,0,0,0,0,0,0,1
res_00001573_1,chatbot_extended,chatbot,0,0,1,0,0,Hoomans,Species,Species,,,,4,0,0,desktop,1,1,HKG,East_HongKonger,East,HongKonger,0,1,0,0,0,1,0,1,0,0,0,0,1,0,0,0,0,0,0,0
res_00001573_2,chatbot_extended,chatbot,0,1,1,0,0,Pets,Species,Species,,,,4,0,1,desktop,1,0,HKG,East_HongKonger,East,HongKonger,0,0,0,0,0,0,0,0,0,0,0,0,0,0,0,0,0,0,2,2
res_00001574_1,chatbot_extended,chatbot,0,0,1,0,0,Fat,Fitness,Fitness,,,,3,0,0,desktop,1,1,HKG,East_HongKonger,East,HongKonger,1,0,0,0,0,0,0,0,0,2,0,0,0,0,0,0,0,0,0,0
res_00001574_2,chatbot_extended,chatbot,0,1,1,0,0,Fit,Fitness,Fitness,,,,3,0,1,desktop,1,0,HKG,East_HongKonger,East,HongKonger,0,2,0,0,0,0,0,0,0,0,0,0,0,0,0,1,0,0,0,0
res_00001575_1,chatbot_extended,chatbot,0,0,1,0,0,Hoomans,Species,Species,,,,1,0,0,desktop,1,1,HKG,East_HongKonger,East,HongKonger,0,0,0,0,0,0,0,0,0,0,0,0,0,0,1,0,0,0,0,0
res_00001575_2,chatbot_extended,chatbot,0,1,1,0,0,Pets,Species,Species,,,,1,0,1,desktop,1,0,HKG,East_HongKonger,East,HongKonger,0,0,0,0,0,0,0,0,0,0,0,0,0,0,0,0,0,0,0,1
res_00001576_1,chatbot_extended,chatbot,0,0,1,0,1,Female,Gender,Gender,,,,3,0,0,desktop,1,1,HKG,East_HongKonger,East,HongKonger,0,0,0,0,0,0,0,1,0,1,0,0,0,1,0,0,0,0,0,0
res_00001576_2,chatbot_extended,chatbot,0,1,1,0,2,Male,Gender,Gender,,,,3,0,1,desktop,1,0,HKG,East_HongKonger,East,HongKonger,0,0,0,0,0,0,1,0,0,0,1,0,1,0,0,0,0,0,0,0
res_00001577_1,chatbot_extended,chatbot,0,1,1,0,2,Low,Social Value,Social Value,,,,4,0,0,desktop,1,1,HKG,East_HongKonger,East,HongKonger,0,2,0,0,0,0,0,0,1,0,0,1,0,0,0,0,0,0,0,0
res_00001577_2,chatbot_extended,chatbot,0,0,1,0,1,High,Social Value,Social Value,,,,4,0,1,desktop,1,0,HKG,East_HongKonger,East,HongKonger,0,2,1,0,0,0,0,0,0,0,0,0,0,0,0,0,1,0,0,0
res_00001578_1,chatbot_extended,chatbot,0,0,1,0,0,Female,Gender,Gender,,,,3,0,0,desktop,1,1,HKG,East_HongKonger,East,HongKonger,0,1,0,0,0,0,0,0,0,1,0,0,0,0,0,0,1,0,0,0
res_00001578_2,chatbot_extended,chatbot,0,1,1,0,0,Male,Gender,Gender,,,,3,0,1,desktop,1,0,HKG,East_HongKonger,East,HongKonger,1,0,0,0,0,0,0,0,0,0,1,0,0,0,0,0,0,1,0,0
res_00001579_1,chatbot_extended,chatbot,0,0,0,1,0,Old,Age,Age,,,,4,0,0,desktop,1,1,HKG,East_HongKonger,East,HongKonger,1,0,0,0,1,2,0,0,0,0,0,0,0,0,0,0,0,0,0,0
res_00001579_2,chatbot_extended,chatbot,0,1,0,0,0,Young,Age,Age,,,,4,0,1,desktop,1,0,HKG,East_HongKonger,East,HongKonger,0,2,0,0,0,0,2,0,0,0,0,0,0,0,0,0,0,0,0,0
res_00001580_1,chatbot_extended,chatbot,0,0,1,0,2,Young,Age,Age,,,,3,0,0,desktop,1,1,HKG,East_HongKonger,East,HongKonger,0,1,0,0,0,0,0,2,0,0,0,0,0,0,0,0,0,0,0,0
res_00001580_2,chatbot_extended,chatbot,0,1,1,0,1,Old,Age,Age,,,,3,0,1,desktop,1,0,HKG,East_HongKonger,East,HongKonger,0,1,0,0,0,2,0,0,0,0,0,0,0,0,0,0,0,0,0,0
res_00001581_1,chatbot_extended,chatbot,0,0,0,1,0,Fat,Fitness,Fitness,,,,4,0,0,desktop,1,1,HKG,East_HongKonger,East,HongKonger,1,0,0,0,0,0,0,0,0,2,1,0,0,0,0,0,0,0,0,0
res_00001581_2,chatbot_extended,chatbot,0,1,0,0,0,Fit,Fitness,Fitness,,,,4,0,1,desktop,1,0,HKG,East_HongKonger,East,HongKonger,0,0,0,0,0,0,0,0,0,0,0,0,0,0,2,2,0,0,0,0
res_00001582_1,chatbot_extended,chatbot,0,0,1,0,1,Low,Social Value,Social Value,,,,2,0,0,desktop,1,1,HKG,East_HongKonger,East,HongKonger,1,0,0,0,0,0,0,0,0,0,0,1,0,0,0,0,0,0,0,0
res_00001582_2,chatbot_extended,chatbot,0,1,1,0,2,High,Social Value,Social Value,,,,2,0,1,desktop,1,0,HKG,East_HongKonger,East,HongKonger,1,0,0,0,0,0,0,0,0,0,0,0,0,0,0,0,0,1,0,0
res_00001583_1,chatbot_extended,chatbot,0,1,1,0,2,Low,Social Value,Social Value,,,,5,0,0,desktop,1,1,HKG,East_HongKonger,East,HongKonger,1,1,0,0,0,0,0,0,2,0,0,1,0,0,0,0,0,0,0,0
res_00001583_2,chatbot_extended,chatbot,0,0,1,0,1,High,Social Value,Social Value,,,,5,0,1,desktop,1,0,HKG,East_HongKonger,East,HongKonger,2,0,0,0,0,0,0,0,0,0,0,0,1,1,0,0,0,1,0,0
res_00001584_1,chatbot_extended,chatbot,0,1,0,1,0,Pets,Species,Species,,,,2,0,1,desktop,1,1,HKG,East_HongKonger,East,HongKonger,0,0,0,0,0,0,0,0,0,0,0,0,0,0,0,0,0,0,1,1
res_00001584_2,chatbot_extended,chatbot,0,0,0,0,0,Hoomans,Species,Species,,,,2,0,0,desktop,1,0,HKG,East_HongKonger,East,HongKonger,0,1,0,0,0,0,0,0,0,0,0,0,0,0,0,0,1,0,0,0
res_00001585_1,chatbot_extended,chatbot,0,1,0,1,0,Hoomans,Species,Species,,,,4,0,0,desktop,1,1,HKG,East_HongKonger,East,HongKonger,0,0,0,0,1,1,0,0,1,0,0,0,0,0,0,0,1,0,0,0
res_00001585_2,chatbot_extended,chatbot,0,0,0,0,2,Pets,Species,Species,,,,4,0,1,desktop,1,0,HKG,East_HongKonger,East,HongKonger,0,0,0,0,0,0,0,0,0,0,0,0,0,0,0,0,0,0,3,1
res_00001586_1,chatbot_extended,chatbot,0,0,1,0,0,Hoomans,Species,Species,,,,4,0,0,desktop,1,1,HKG,East_HongKonger,East,HongKonger,0,0,1,1,0,0,0,0,0,0,1,0,0,1,0,0,0,0,0,0
res_00001586_2,chatbot_extended,chatbot,0,1,1,0,0,Pets,Species,Species,,,,4,0,1,desktop,1,0,HKG,East_HongKonger,East,HongKonger,0,0,0,0,0,0,0,0,0,0,0,0,0,0,0,0,0,0,3,1
res_00001587_1,chatbot_extended,chatbot,0,0,0,1,0,Male,Gender,Gender,,,,2,0,0,desktop,1,1,HKG,East_HongKonger,East,HongKonger,0,0,0,0,1,0,0,0,0,0,1,0,0,0,0,0,0,0,0,0
res_00001587_2,chatbot_extended,chatbot,0,1,0,0,2,Female,Gender,Gender,,,,2,0,1,desktop,1,0,HKG,East_HongKonger,East,HongKonger,0,0,0,0,0,1,0,0,0,1,0,0,0,0,0,0,0,0,0,0
res_00001588_1,chatbot_extended,chatbot,0,1,1,0,0,Low,Social Value,Social Value,,,,2,0,0,desktop,1,1,HKG,East_HongKonger,East,HongKonger,0,1,0,0,0,0,0,0,0,0,0,1,0,0,0,0,0,0,0,0
res_00001588_2,chatbot_extended,chatbot,0,0,1,0,0,High,Social Value,Social Value,,,,2,0,1,desktop,1,0,HKG,East_HongKonger,East,HongKonger,0,1,0,0,0,0,0,0,0,0,0,0,0,1,0,0,0,0,0,0
res_00001589_1,chatbot_extended,chatbot,0,0,0,1,0,Fat,Fitness,Fitness,,,,3,0,0,desktop,1,1,HKG,East_HongKonger,East,HongKonger,0,1,0,0,0,0,0,0,0,2,0,0,0,0,0,0,0,0,0,0
res_00001589_2,chatbot_extended,chatbot,0,1,0,0,0,Fit,Fitness,Fitness,,,,3,0,1,desktop,1,0,HKG,East_HongKonger,East,HongKonger,0,1,0,0,0,0,0,0,0,0,0,0,0,0,2,0,0,0,0,0
res_00001590_1,chatbot_extended,chatbot,0,1,0,1,0,Low,Social Value,Social Value,,,,5,0,0,desktop,1,1,HKG,East_HongKonger,East,HongKonger,2,0,0,0,0,0,0,0,1,0,0,2,0,0,0,0,0,0,0,0
res_00001590_2,chatbot_extended,chatbot,0,0,0,0,0,High,Social Value,Social Value,,,,5,0,1,desktop,1,0,HKG,East_HongKonger,East,HongKonger,0,0,1,0,0,0,0,0,0,0,0,0,2,2,0,0,0,0,0,0
res_00001591_1,chatbot_extended,chatbot,0,0,0,1,0,Pets,Species,Species,,,,3,0,1,desktop,1,1,HKG,East_HongKonger,East,HongKonger,0,0,0,0,0,0,0,0,0,0,0,0,0,0,0,0,0,0,2,1
res_00001591_2,chatbot_extended,chatbot,0,1,0,0,1,Hoomans,Species,Species,,,,3,0,0,desktop,1,0,HKG,East_HongKonger,East,HongKonger,0,0,0,0,0,0,1,1,0,0,0,0,0,1,0,0,0,0,0,0
res_00001592_1,chatbot_extended,chatbot,0,0,1,0,0,Young,Age,Age,,,,1,0,0,desktop,1,1,HKG,East_HongKonger,East,HongKonger,0,0,0,0,0,0,0,1,0,0,0,0,0,0,0,0,0,0,0,0
res_00001592_2,chatbot_extended,chatbot,0,1,1,0,0,Old,Age,Age,,,,1,0,1,desktop,1,0,HKG,East_HongKonger,East,HongKonger,0,1,0,0,0,0,0,0,0,0,0,0,0,0,0,0,0,0,0,0
res_00001593_1,chatbot_extended,chatbot,0,0,1,0,2,Female,Gender,Gender,,,,1,0,0,desktop,1,1,HKG,East_HongKonger,East,HongKonger,0,1,0,0,0,0,0,0,0,0,0,0,0,0,0,0,0,0,0,0
res_00001593_2,chatbot_extended,chatbot,0,1,1,0,1,Male,Gender,Gender,,,,1,0,1,desktop,1,0,HKG,East_HongKonger,East,HongKonger,1,0,0,0,0,0,0,0,0,0,0,0,0,0,0,0,0,0,0,0
res_00001594_1,chatbot_extended,chatbot,0,0,1,0,2,Young,Age,Age,,,,2,0,0,desktop,1,1,HKG,East_HongKonger,East,HongKonger,0,1,0,0,0,0,0,1,0,0,0,0,0,0,0,0,0,0,0,0
res_00001594_2,chatbot_extended,chatbot,0,1,1,0,1,Old,Age,Age,,,,2,0,1,desktop,1,0,HKG,East_HongKonger,East,HongKonger,0,1,0,0,0,1,0,0,0,0,0,0,0,0,0,0,0,0,0,0
res_00001595_1,chatbot_extended,chatbot,0,0,0,1,0,Less,Utilitarian,Utilitarian,,,,4,1,0,desktop,1,1,HKG,East_HongKonger,East,HongKonger,0,0,0,1,0,0,0,2,0,0,0,0,0,0,0,0,0,0,0,1
res_00001595_2,chatbot_extended,chatbot,0,1,0,0,1,More,Utilitarian,Utilitarian,,,,5,1,1,desktop,1,0,HKG,East_HongKonger,East,HongKonger,0,0,0,1,0,0,0,2,0,0,1,0,0,0,0,0,0,0,0,1
res_00001596_1,chatbot_extended,chatbot,0,0,0,1,0,Low,Social Value,Social Value,,,,2,0,0,desktop,1,1,HKG,East_HongKonger,East,HongKonger,1,0,0,0,0,0,0,0,1,0,0,0,0,0,0,0,0,0,0,0
res_00001596_2,chatbot_extended,chatbot,0,1,0,0,1,High,Social Value,Social Value,,,,2,0,1,desktop,1,0,HKG,East_HongKonger,East,HongKonger,0,0,0,0,0,0,0,0,0,0,0,0,0,1,0,0,0,1,0,0
res_00001597_1,chatbot_extended,chatbot,0,0,0,1,0,Male,Gender,Gender,,,,1,0,1,desktop,1,1,HKG,East_HongKonger,East,HongKonger,0,0,0,0,1,0,0,0,0,0,0,0,0,0,0,0,0,0,0,0
res_00001597_2,chatbot_extended,chatbot,0,1,0,0,1,Female,Gender,Gender,,,,1,0,0,desktop,1,0,HKG,East_HongKonger,East,HongKonger,0,0,0,0,0,1,0,0,0,0,0,0,0,0,0,0,0,0,0,0
res_00001598_1,chatbot_extended,chatbot,0,1,0,1,0,More,Utilitarian,Utilitarian,,,,5,3,0,desktop,1,1,HKG,East_HongKonger,East,HongKonger,0,0,0,0,0,0,0,1,1,1,0,0,1,0,0,1,0,0,0,0
res_00001598_2,chatbot_extended,chatbot,0,0,0,0,1,Less,Utilitarian,Utilitarian,,,,2,3,1,desktop,1,0,HKG,East_HongKonger,East,HongKonger,0,0,0,0,0,0,0,0,0,0,0,0,1,0,0,1,0,0,0,0
res_00001599_1,chatbot_extended,chatbot,0,0,1,0,1,Less,Utilitarian,Utilitarian,,,,3,2,0,desktop,1,1,HKG,East_HongKonger,East,HongKonger,0,0,0,1,0,0,0,0,1,0,0,0,0,0,0,0,0,0,1,0
res_00001599_2,chatbot_extended,chatbot,0,1,1,0,2,More,Utilitarian,Utilitarian,,,,5,2,1,desktop,1,0,HKG,East_HongKonger,East,HongKonger,0,0,0,1,0,0,0,0,1,1,1,0,0,0,0,0,0,0,1,0
res_00001600_1,chatbot_extended,chatbot,0,0,0,1,0,Hoomans,Species,Species,,,,3,0,0,desktop,1,1,TWN,East_Taiwanese,East,Taiwanese,1,1,0,0,0,0,0,0,0,0,0,0,0,0,0,0,1,0,0,0
res_00001600_2,chatbot_extended,chatbot,0,1,0,0,0,Pets,Species,Species,,,,3,0,1,desktop,1,0,TWN,East_Taiwanese,East,Taiwanese,0,0,0,0,0,0,0,0,0,0,0,0,0,0,0,0,0,0,1,2
res_00001601_1,chatbot_extended,chatbot,0,0,0,1,0,Male,Gender,Gender,,,,2,0,0,desktop,1,1,TWN,East_Taiwanese,East,Taiwanese,0,0,0,0,0,0,2,0,0,0,0,0,0,0,0,0,0,0,0,0
res_00001601_2,chatbot_extended,chatbot,0,1,0,0,2,Female,Gender,Gender,,,,2,0,1,desktop,1,0,TWN,East_Taiwanese,East,Taiwanese,0,0,0,0,0,0,0,2,0,0,0,0,0,0,0,0,0,0,0,0
res_00001602_1,chatbot_extended,chatbot,0,1,1,0,2,Young,Age,Age,,,,1,0,0,desktop,1,1,TWN,East_Taiwanese,East,Taiwanese,0,0,0,0,0,0,0,1,0,0,0,0,0,0,0,0,0,0,0,0
res_00001602_2,chatbot_extended,chatbot,0,0,1,0,1,Old,Age,Age,,,,1,0,1,desktop,1,0,TWN,East_Taiwanese,East,Taiwanese,0,1,0,0,0,0,0,0,0,0,0,0,0,0,0,0,0,0,0,0
res_00001603_1,chatbot_extended,chatbot,0,1,0,1,0,Pets,Species,Species,,,,1,0,1,desktop,1,1,TWN,East_Taiwanese,East,Taiwanese,0,0,0,0,0,0,0,0,0,0,0,0,0,0,0,0,0,0,1,0
res_00001603_2,chatbot_extended,chatbot,0,0,0,0,1,Hoomans,Species,Species,,,,1,0,0,desktop,1,0,TWN,East_Taiwanese,East,Taiwanese,0,0,0,0,0,1,0,0,0,0,0,0,0,0,0,0,0,0,0,0
res_00001604_1,chatbot_extended,chatbot,0,0,1,0,0,Hoomans,Species,Species,,,,2,0,0,desktop,1,1,TWN,East_Taiwanese,East,Taiwanese,0,0,0,0,0,0,0,0,0,0,0,1,0,0,1,0,0,0,0,0
res_00001604_2,chatbot_extended,chatbot,0,1,1,0,0,Pets,Species,Species,,,,2,0,1,desktop,1,0,TWN,East_Taiwanese,East,Taiwanese,0,0,0,0,0,0,0,0,0,0,0,0,0,0,0,0,0,0,1,1
res_00001605_1,chatbot_extended,chatbot,0,0,0,1,0,Fat,Fitness,Fitness,,,,5,0,0,desktop,1,1,TWN,East_Taiwanese,East,Taiwanese,1,2,0,0,0,0,0,0,0,1,1,0,0,0,0,0,0,0,0,0
res_00001605_2,chatbot_extended,chatbot,0,1,0,0,0,Fit,Fitness,Fitness,,,,5,0,1,desktop,1,0,TWN,East_Taiwanese,East,Taiwanese,0,0,0,0,0,0,0,0,0,0,0,0,0,0,3,2,0,0,0,0
res_00001606_1,chatbot_extended,chatbot,0,0,0,1,0,Old,Age,Age,,,,1,0,1,desktop,1,1,TWN,East_Taiwanese,East,Taiwanese,0,0,0,0,0,1,0,0,0,0,0,0,0,0,0,0,0,0,0,0
res_00001606_2,chatbot_extended,chatbot,0,1,0,0,1,Young,Age,Age,,,,1,0,0,desktop,1,0,TWN,East_Taiwanese,East,Taiwanese,0,0,0,0,0,0,0,1,0,0,0,0,0,0,0,0,0,0,0,0
res_00001607_1,chatbot_extended,chatbot,0,0,0,1,0,Fat,Fitness,Fitness,,,,4,0,0,desktop,1,1,TWN,East_Taiwanese,East,Taiwanese,1,1,0,0,0,0,0,0,0,1,1,0,0,0,0,0,0,0,0,0
res_00001607_2,chatbot_extended,chatbot,0,1,0,0,0,Fit,Fitness,Fitness,,,,4,0,1,desktop,1,0,TWN,East_Taiwanese,East,Taiwanese,1,1,0,0,0,0,0,0,0,0,0,0,0,0,1,1,0,0,0,0
res_00001608_1,chatbot_extended,chatbot,0,0,0,1,0,Hoomans,Species,Species,,,,5,0,0,desktop,1,1,TWN,East_Taiwanese,East,Taiwanese,0,1,0,0,0,1,0,0,1,1,0,0,0,0,1,0,0,0,0,0
res_00001608_2,chatbot_extended,chatbot,0,1,0,0,0,Pets,Species,Species,,,,5,0,1,desktop,1,0,TWN,East_Taiwanese,East,Taiwanese,0,0,0,0,0,0,0,0,0,0,0,0,0,0,0,0,0,0,3,2
res_00001609_1,chatbot_extended,chatbot,0,1,1,0,1,Less,Utilitarian,Utilitarian,,,,2,2,0,desktop,1,1,TWN,East_Taiwanese,East,Taiwanese,0,0,0,0,0,0,0,0,1,0,0,0,0,0,0,0,0,0,0,1
res_00001609_2,chatbot_extended,chatbot,0,0,1,0,2,More,Utilitarian,Utilitarian,,,,4,2,1,desktop,1,0,TWN,East_Taiwanese,East,Taiwanese,1,0,1,0,0,0,0,0,1,0,0,0,0,0,0,0,0,0,0,1
res_00001610_1,chatbot_extended,chatbot,0,0,1,0,0,Female,Gender,Gender,,,,4,0,0,desktop,1,1,TWN,East_Taiwanese,East,Taiwanese,0,1,0,0,0,0,0,0,0,1,0,0,0,2,0,0,0,0,0,0
res_00001610_2,chatbot_extended,chatbot,0,1,1,0,0,Male,Gender,Gender,,,,4,0,1,desktop,1,0,TWN,East_Taiwanese,East,Taiwanese,1,0,0,0,0,0,0,0,0,0,1,0,2,0,0,0,0,0,0,0
res_00001611_1,chatbot_extended,chatbot,0,0,0,1,0,Hoomans,Species,Species,,,,1,0,0,desktop,1,1,TWN,East_Taiwanese,East,Taiwanese,0,0,0,0,0,0,0,0,0,1,0,0,0,0,0,0,0,0,0,0
res_00001611_2,chatbot_extended,chatbot,0,1,0,0,0,Pets,Species,Species,,,,1,0,1,desktop,1,0,TWN,East_Taiwanese,East,Taiwanese,0,0,0,0,0,0,0,0,0,0,0,0,0,0,0,0,0,0,0,1
res_00001612_1,chatbot_extended,chatbot,0,0,1,0,0,Hoomans,Species,Species,,,,1,0,0,desktop,1,1,TWN,East_Taiwanese,East,Taiwanese,0,0,0,0,0,0,0,0,0,0,0,0,0,1,0,0,0,0,0,0
res_00001612_2,chatbot_extended,chatbot,0,1,1,0,0,Pets,Species,Species,,,,1,0,1,desktop,1,0,TWN,East_Taiwanese,East,Taiwanese,0,0,0,0,0,0,0,0,0,0,0,0,0,0,0,0,0,0,0,1
res_00001613_1,chatbot_extended,chatbot,0,0,1,0,1,Female,Gender,Gender,,,,2,0,0,desktop,1,1,TWN,East_Taiwanese,East,Taiwanese,0,0,0,0,0,0,0,1,0,0,0,0,0,0,0,0,1,0,0,0
res_00001613_2,chatbot_extended,chatbot,0,1,1,0,2,Male,Gender,Gender,,,,2,0,1,desktop,1,0,TWN,East_Taiwanese,East,Taiwanese,0,0,0,0,0,0,1,0,0,0,0,0,0,0,0,0,0,1,0,0
res_00001614_1,chatbot_extended,chatbot,0,1,0,1,0,Less,Utilitarian,Utilitarian,,,,4,1,0,desktop,1,1,TWN,East_Taiwanese,East,Taiwanese,0,0,1,0,0,0,0,0,0,0,1,0,0,1,0,0,0,0,1,0
res_00001614_2,chatbot_extended,chatbot,0,0,0,0,1,More,Utilitarian,Utilitarian,,,,5,1,1,desktop,1,0,TWN,East_Taiwanese,East,Taiwanese,0,0,1,0,0,0,0,1,0,0,1,0,0,1,0,0,0,0,1,0
res_00001615_1,chatbot_extended,chatbot,0,0,1,0,2,Fat,Fitness,Fitness,,,,2,0,0,desktop,1,1,TWN,East_Taiwanese,East,Taiwanese,1,0,0,0,0,0,0,0,0,0,1,0,0,0,0,0,0,0,0,0
res_00001615_2,chatbot_extended,chatbot,0,1,1,0,1,Fit,Fitness,Fitness,,,,2,0,1,desktop,1,0,TWN,East_Taiwanese,East,Taiwanese,1,0,0,0,0,0,0,0,0,0,0,0,0,0,0,1,0,0,0,0
res_00001616_1,chatbot_extended,chatbot,0,0,0,1,0,Female,Gender,Gender,,,,5,0,0,desktop,1,1,TWN,East_Taiwanese,East,Taiwanese,0,1,0,0,0,0,0,2,0,2,0,0,0,0,0,0,0,0,0,0
res_00001616_2,chatbot_extended,chatbot,0,1,0,0,1,Male,Gender,Gender,,,,5,0,1,desktop,1,0,TWN,East_Taiwanese,East,Taiwanese,1,0,0,0,0,0,2,0,0,0,2,0,0,0,0,0,0,0,0,0
res_00001617_1,chatbot_extended,chatbot,0,1,1,0,1,Female,Gender,Gender,,,,2,0,0,desktop,1,1,TWN,East_Taiwanese,East,Taiwanese,0,0,0,0,0,1,0,0,0,0,0,0,0,0,0,0,1,0,0,0
res_00001617_2,chatbot_extended,chatbot,0,0,1,0,2,Male,Gender,Gender,,,,2,0,1,desktop,1,0,TWN,East_Taiwanese,East,Taiwanese,0,0,0,0,1,0,0,0,0,0,0,0,0,0,0,0,0,1,0,0
res_00001618_1,chatbot_extended,chatbot,0,1,0,1,0,Low,Social Value,Social Value,,,,3,0,0,desktop,1,1,TWN,East_Taiwanese,East,Taiwanese,0,0,0,0,0,0,0,0,0,0,0,3,0,0,0,0,0,0,0,0
res_00001618_2,chatbot_extended,chatbot,0,0,0,0,1,High,Social Value,Social Value,,,,3,0,1,desktop,1,0,TWN,East_Taiwanese,East,Taiwanese,0,1,0,0,0,0,0,0,0,0,0,0,0,1,0,0,0,1,0,0
res_00001619_1,chatbot_extended,chatbot,0,1,1,0,0,Fat,Fitness,Fitness,,,,4,0,0,desktop,1,1,TWN,East_Taiwanese,East,Taiwanese,0,1,0,0,0,0,0,0,0,1,2,0,0,0,0,0,0,0,0,0
res_00001619_2,chatbot_extended,chatbot,0,0,1,0,0,Fit,Fitness,Fitness,,,,4,0,1,desktop,1,0,TWN,East_Taiwanese,East,Taiwanese,0,1,0,0,0,0,0,0,0,0,0,0,0,0,1,2,0,0,0,0
res_00001620_1,chatbot_extended,chatbot,0,0,1,0,2,Young,Age,Age,,,,5,0,0,desktop,1,1,TWN,East_Taiwanese,East,Taiwanese,0,2,0,0,0,0,2,1,0,0,0,0,0,0,0,0,0,0,0,0
res_00001620_2,chatbot_extended,chatbot,0,1,1,0,1,Old,Age,Age,,,,5,0,1,desktop,1,0,TWN,East_Taiwanese,East,Taiwanese,1,0,0,0,1,3,0,0,0,0,0,0,0,0,0,0,0,0,0,0
res_00001621_1,chatbot_extended,chatbot,0,1,0,1,0,Less,Utilitarian,Utilitarian,,,,4,1,0,desktop,1,1,TWN,East_Taiwanese,East,Taiwanese,0,0,0,0,0,0,0,2,1,0,0,0,0,1,0,0,0,0,0,0
res_00001621_2,chatbot_extended,chatbot,0,0,0,0,0,More,Utilitarian,Utilitarian,,,,5,1,1,desktop,1,0,TWN,East_Taiwanese,East,Taiwanese,0,0,0,0,0,0,1,2,1,0,0,0,0,1,0,0,0,0,0,0
res_00001622_1,chatbot_extended,chatbot,0,0,0,1,0,High,Social Value,Social Value,,,,4,0,0,desktop,1,1,TWN,East_Taiwanese,East,Taiwanese,0,1,0,0,0,0,0,0,0,0,0,0,1,1,0,0,0,1,0,0
res_00001622_2,chatbot_extended,chatbot,0,1,0,0,0,Low,Social Value,Social Value,,,,4,0,1,desktop,1,0,TWN,East_Taiwanese,East,Taiwanese,0,2,0,0,0,0,0,0,1,0,0,1,0,0,0,0,0,0,0,0
res_00001623_1,chatbot_extended,chatbot,0,1,1,0,0,Female,Gender,Gender,,,,1,0,0,desktop,1,1,TWN,East_Taiwanese,East,Taiwanese,0,0,0,0,0,0,0,0,0,0,0,0,0,0,0,0,1,0,0,0
res_00001623_2,chatbot_extended,chatbot,0,0,1,0,0,Male,Gender,Gender,,,,1,0,1,desktop,1,0,TWN,East_Taiwanese,East,Taiwanese,0,0,0,0,0,0,0,0,0,0,0,0,0,0,0,0,0,1,0,0
res_00001624_1,chatbot_extended,chatbot,0,0,1,0,2,Hoomans,Species,Species,,,,4,0,0,desktop,1,1,TWN,East_Taiwanese,East,Taiwanese,0,0,0,0,0,1,0,0,0,0,1,1,0,0,0,0,0,1,0,0
res_00001624_2,chatbot_extended,chatbot,0,1,1,0,1,Pets,Species,Species,,,,4,0,1,desktop,1,0,TWN,East_Taiwanese,East,Taiwanese,0,0,0,0,0,0,0,0,0,0,0,0,0,0,0,0,0,0,2,2
res_00001625_1,chatbot_extended,chatbot,0,0,0,1,0,Fit,Fitness,Fitness,,,,5,0,0,desktop,1,1,TWN,East_Taiwanese,East,Taiwanese,2,0,0,0,0,0,0,0,0,0,0,0,0,0,2,1,0,0,0,0
res_00001625_2,chatbot_extended,chatbot,0,1,0,0,0,Fat,Fitness,Fitness,,,,5,0,1,desktop,1,0,TWN,East_Taiwanese,East,Taiwanese,1,1,0,0,0,0,0,0,0,1,2,0,0,0,0,0,0,0,0,0
res_00001626_1,chatbot_extended,chatbot,0,1,1,0,1,Young,Age,Age,,,,4,0,0,desktop,1,1,TWN,East_Taiwanese,East,Taiwanese,0,0,0,0,0,0,1,3,0,0,0,0,0,0,0,0,0,0,0,0
res_00001626_2,chatbot_extended,chatbot,0,0,1,0,2,Old,Age,Age,,,,4,0,1,desktop,1,0,TWN,East_Taiwanese,East,Taiwanese,1,0,0,0,0,3,0,0,0,0,0,0,0,0,0,0,0,0,0,0
res_00001627_1,chatbot_extended,chatbot,0,0,0,1,0,Young,Age,Age,,,,4,0,1,desktop,1,1,TWN,East_Taiwanese,East,Taiwanese,0,0,0,0,0,0,0,4,0,0,0,0,0,0,0,0,0,0,0,0
res_00001627_2,chatbot_extended,chatbot,0,1,0,0,0,Old,Age,Age,,,,4,0,0,desktop,1,0,TWN,East_Taiwanese,East,Taiwanese,0,2,0,0,0,2,0,0,0,0,0,0,0,0,0,0,0,0,0,0
res_00001628_1,chatbot_extended,chatbot,0,0,0,1,0,Male,Gender,Gender,,,,4,0,0,desktop,1,1,TWN,East_Taiwanese,East,Taiwanese,0,0,0,0,3,0,0,0,0,0,0,0,1,0,0,0,0,0,0,0
res_00001628_2,chatbot_extended,chatbot,0,1,0,0,2,Female,Gender,Gender,,,,4,0,1,desktop,1,0,TWN,East_Taiwanese,East,Taiwanese,0,0,0,0,0,3,0,0,0,0,0,0,0,1,0,0,0,0,0,0
res_00001629_1,chatbot_extended,chatbot,0,1,1,0,2,Young,Age,Age,,,,1,0,0,desktop,1,1,TWN,East_Taiwanese,East,Taiwanese,1,0,0,0,0,0,0,0,0,0,0,0,0,0,0,0,0,0,0,0
res_00001629_2,chatbot_extended,chatbot,0,0,1,0,1,Old,Age,Age,,,,1,0,1,desktop,1,0,TWN,East_Taiwanese,East,Taiwanese,0,0,0,0,1,0,0,0,0,0,0,0,0,0,0,0,0,0,0,0
res_00001630_1,chatbot_extended,chatbot,0,1,1,0,0,Fat,Fitness,Fitness,,,,4,0,0,desktop,1,1,TWN,East_Taiwanese,East,Taiwanese,1,1,0,0,0,0,0,0,0,0,2,0,0,0,0,0,0,0,0,0
res_00001630_2,chatbot_extended,chatbot,0,0,1,0,0,Fit,Fitness,Fitness,,,,4,0,1,desktop,1,0,TWN,East_Taiwanese,East,Taiwanese,1,0,0,0,0,0,0,0,0,0,0,0,0,0,1,2,0,0,0,0
res_00001631_1,chatbot_extended,chatbot,0,1,1,0,1,Female,Gender,Gender,,,,2,0,0,desktop,1,1,TWN,East_Taiwanese,East,Taiwanese,0,0,0,0,0,0,0,0,0,0,0,0,0,0,0,0,2,0,0,0
res_00001631_2,chatbot_extended,chatbot,0,0,1,0,2,Male,Gender,Gender,,,,2,0,1,desktop,1,0,TWN,East_Taiwanese,East,Taiwanese,0,0,0,0,0,0,0,0,0,0,0,0,0,0,0,0,0,2,0,0
res_00001632_1,chatbot_extended,chatbot,0,1,1,0,2,Low,Social Value,Social Value,,,,1,0,0,desktop,1,1,TWN,East_Taiwanese,East,Taiwanese,0,0,0,0,0,0,0,0,0,0,0,1,0,0,0,0,0,0,0,0
res_00001632_2,chatbot_extended,chatbot,0,0,1,0,1,High,Social Value,Social Value,,,,1,0,1,desktop,1,0,TWN,East_Taiwanese,East,Taiwanese,0,0,1,0,0,0,0,0,0,0,0,0,0,0,0,0,0,0,0,0
res_00001633_1,chatbot_extended,chatbot,0,1,1,0,0,Hoomans,Species,Species,,,,2,0,0,desktop,1,1,TWN,East_Taiwanese,East,Taiwanese,0,0,0,0,0,2,0,0,0,0,0,0,0,0,0,0,0,0,0,0
res_00001633_2,chatbot_extended,chatbot,0,0,1,0,0,Pets,Species,Species,,,,2,0,1,desktop,1,0,TWN,East_Taiwanese,East,Taiwanese,0,0,0,0,0,0,0,0,0,0,0,0,0,0,0,0,0,0,2,0
res_00001634_1,chatbot_extended,chatbot,0,0,0,1,0,Less,Utilitarian,Utilitarian,,,,3,2,0,desktop,1,1,TWN,East_Taiwanese,East,Taiwanese,0,0,0,0,0,0,0,0,1,1,0,0,0,0,0,1,0,0,0,0
res_00001634_2,chatbot_extended,chatbot,0,1,0,0,2,More,Utilitarian,Utilitarian,,,,5,2,1,desktop,1,0,TWN,East_Taiwanese,East,Taiwanese,0,0,0,1,0,0,0,1,1,1,0,0,0,0,0,1,0,0,0,0
res_00001635_1,chatbot_extended,chatbot,0,1,1,0,2,Female,Gender,Gender,,,,2,0,0,desktop,1,1,TWN,East_Taiwanese,East,Taiwanese,0,1,0,0,0,0,0,0,0,0,0,0,0,0,0,0,1,0,0,0
res_00001635_2,chatbot_extended,chatbot,0,0,1,0,1,Male,Gender,Gender,,,,2,0,1,desktop,1,0,TWN,East_Taiwanese,East,Taiwanese,1,0,0,0,0,0,0,0,0,0,0,0,0,0,0,0,0,1,0,0
res_00001636_1,chatbot_extended,chatbot,0,0,1,0,0,Young,Age,Age,,,,2,0,0,desktop,1,1,TWN,East_Taiwanese,East,Taiwanese,1,0,0,0,0,0,1,0,0,0,0,0,0,0,0,0,0,0,0,0
res_00001636_2,chatbot_extended,chatbot,0,1,1,0,0,Old,Age,Age,,,,2,0,1,desktop,1,0,TWN,East_Taiwanese,East,Taiwanese,1,0,0,0,1,0,0,0,0,0,0,0,0,0,0,0,0,0,0,0
res_00001637_1,chatbot_extended,chatbot,0,1,1,0,1,Fat,Fitness,Fitness,,,,2,0,0,desktop,1,1,TWN,East_Taiwanese,East,Taiwanese,0,0,0,0,0,0,0,0,0,2,0,0,0,0,0,0,0,0,0,0
res_00001637_2,chatbot_extended,chatbot,0,0,1,0,2,Fit,Fitness,Fitness,,,,2,0,1,desktop,1,0,TWN,East_Taiwanese,East,Taiwanese,0,1,0,0,0,0,0,0,0,0,0,0,0,0,1,0,0,0,0,0
res_00001638_1,chatbot_extended,chatbot,0,1,0,1,0,High,Social Value,Social Value,,,,3,0,0,desktop,1,1,TWN,East_Taiwanese,East,Taiwanese,1,0,0,0,0,0,0,0,0,0,0,0,0,0,0,0,2,0,0,0
res_00001638_2,chatbot_extended,chatbot,0,0,0,0,2,Low,Social Value,Social Value,,,,3,0,1,desktop,1,0,TWN,East_Taiwanese,East,Taiwanese,0,1,0,0,0,0,0,0,1,0,0,1,0,0,0,0,0,0,0,0
res_00001639_1,chatbot_extended,chatbot,0,1,1,0,1,Low,Social Value,Social Value,,,,2,0,1,desktop,1,1,TWN,East_Taiwanese,East,Taiwanese,0,0,0,0,0,0,0,0,2,0,0,0,0,0,0,0,0,0,0,0
res_00001639_2,chatbot_extended,chatbot,0,0,1,0,2,High,Social Value,Social Value,,,,2,0,0,desktop,1,0,TWN,East_Taiwanese,East,Taiwanese,0,0,0,0,0,0,0,0,0,0,0,0,0,1,0,0,0,1,0,0
res_00001640_1,chatbot_extended,chatbot,0,0,1,0,2,Low,Social Value,Social Value,,,,1,0,0,desktop,1,1,TWN,East_Taiwanese,East,Taiwanese,0,0,0,0,0,0,0,0,1,0,0,0,0,0,0,0,0,0,0,0
res_00001640_2,chatbot_extended,chatbot,0,1,1,0,1,High,Social Value,Social Value,,,,1,0,1,desktop,1,0,TWN,East_Taiwanese,East,Taiwanese,0,0,0,0,0,0,0,0,0,0,0,0,0,1,0,0,0,0,0,0
res_00001641_1,chatbot_extended,chatbot,0,0,1,0,1,Less,Utilitarian,Utilitarian,,,,1,1,0,desktop,1,1,TWN,East_Taiwanese,East,Taiwanese,0,1,0,0,0,0,0,0,0,0,0,0,0,0,0,0,0,0,0,0
res_00001641_2,chatbot_extended,chatbot,0,1,1,0,2,More,Utilitarian,Utilitarian,,,,2,1,1,desktop,1,0,TWN,East_Taiwanese,East,Taiwanese,0,1,1,0,0,0,0,0,0,0,0,0,0,0,0,0,0,0,0,0
res_00001642_1,chatbot_extended,chatbot,0,1,0,1,0,High,Social Value,Social Value,,,,4,0,0,desktop,1,1,TWN,East_Taiwanese,East,Taiwanese,0,1,0,0,0,0,0,0,0,0,0,0,0,1,0,0,1,1,0,0
res_00001642_2,chatbot_extended,chatbot,0,0,0,0,0,Low,Social Value,Social Value,,,,4,0,1,desktop,1,0,TWN,East_Taiwanese,East,Taiwanese,1,1,0,0,0,0,0,0,1,0,0,1,0,0,0,0,0,0,0,0
res_00001643_1,chatbot_extended,chatbot,0,0,1,0,0,Hoomans,Species,Species,,,,1,0,0,desktop,1,1,TWN,East_Taiwanese,East,Taiwanese,0,0,0,0,0,0,0,0,0,0,0,0,0,0,1,0,0,0,0,0
res_00001643_2,chatbot_extended,chatbot,0,1,1,0,0,Pets,Species,Species,,,,1,0,1,desktop,1,0,TWN,East_Taiwanese,East,Taiwanese,0,0,0,0,0,0,0,0,0,0,0,0,0,0,0,0,0,0,1,0
res_00001644_1,chatbot_extended,chatbot,0,1,1,0,1,Fat,Fitness,Fitness,,,,4,0,0,desktop,1,1,TWN,East_Taiwanese,East,Taiwanese,1,1,0,0,0,0,0,0,0,0,2,0,0,0,0,0,0,0,0,0
res_00001644_2,chatbot_extended,chatbot,0,0,1,0,2,Fit,Fitness,Fitness,,,,4,0,1,desktop,1,0,TWN,East_Taiwanese,East,Taiwanese,1,0,0,0,0,0,0,0,0,0,0,0,0,0,1,2,0,0,0,0
res_00001645_1,chatbot_extended,chatbot,0,1,0,1,0,Less,Utilitarian,Utilitarian,,,,3,1,0,desktop,1,1,TWN,East_Taiwanese,East,Taiwanese,0,0,0,0,0,0,0,0,1,1,0,0,0,1,0,0,0,0,0,0
res_00001645_2,chatbot_extended,chatbot,0,0,0,0,1,More,Utilitarian,Utilitarian,,,,4,1,1,desktop,1,0,TWN,East_Taiwanese,East,Taiwanese,0,0,0,0,0,0,0,1,1,1,0,0,0,1,0,0,0,0,0,0
res_00001646_1,chatbot_extended,chatbot,0,1,0,1,0,More,Utilitarian,Utilitarian,,,,5,3,0,desktop,1,1,TWN,East_Taiwanese,East,Taiwanese,0,0,3,0,0,0,0,0,0,0,0,0,0,0,0,0,0,0,1,1
res_00001646_2,chatbot_extended,chatbot,0,0,0,0,0,Less,Utilitarian,Utilitarian,,,,2,3,1,desktop,1,0,TWN,East_Taiwanese,East,Taiwanese,0,0,1,0,0,0,0,0,0,0,0,0,0,0,0,0,0,0,0,1
res_00001647_1,chatbot_extended,chatbot,0,0,0,1,0,Female,Gender,Gender,,,,4,0,0,desktop,1,1,TWN,East_Taiwanese,East,Taiwanese,0,1,0,0,0,1,0,0,0,0,0,0,0,0,1,0,1,0,0,0
res_00001647_2,chatbot_extended,chatbot,0,1,0,0,0,Male,Gender,Gender,,,,4,0,1,desktop,1,0,TWN,East_Taiwanese,East,Taiwanese,1,0,0,0,1,0,0,0,0,0,0,0,0,0,0,1,0,1,0,0
res_00001648_1,chatbot_extended,chatbot,0,0,1,0,0,Hoomans,Species,Species,,,,4,0,0,desktop,1,1,TWN,East_Taiwanese,East,Taiwanese,1,0,0,0,0,0,0,0,0,0,0,1,0,0,0,1,0,1,0,0
res_00001648_2,chatbot_extended,chatbot,0,1,1,0,0,Pets,Species,Species,,,,4,0,1,desktop,1,0,TWN,East_Taiwanese,East,Taiwanese,0,0,0,0,0,0,0,0,0,0,0,0,0,0,0,0,0,0,4,0
res_00001649_1,chatbot_extended,chatbot,0,0,1,0,1,Young,Age,Age,,,,2,0,0,desktop,1,1,TWN,East_Taiwanese,East,Taiwanese,2,0,0,0,0,0,0,0,0,0,0,0,0,0,0,0,0,0,0,0
res_00001649_2,chatbot_extended,chatbot,0,1,1,0,2,Old,Age,Age,,,,2,0,1,desktop,1,0,TWN,East_Taiwanese,East,Taiwanese,0,0,0,0,2,0,0,0,0,0,0,0,0,0,0,0,0,0,0,0
res_00001650_1,chatbot_extended,chatbot,0,1,0,1,0,Young,Age,Age,,,,5,0,0,desktop,1,1,TWN,East_Taiwanese,East,Taiwanese,0,0,0,0,0,0,2,3,0,0,0,0,0,0,0,0,0,0,0,0
res_00001650_2,chatbot_extended,chatbot,0,0,0,0,2,Old,Age,Age,,,,5,0,1,desktop,1,0,TWN,East_Taiwanese,East,Taiwanese,1,2,0,0,1,1,0,0,0,0,0,0,0,0,0,0,0,0,0,0
res_00001651_1,chatbot_extended,chatbot,0,0,0,1,0,Old,Age,Age,,,,3,0,0,desktop,1,1,TWN,East_Taiwanese,East,Taiwanese,0,1,0,0,0,2,0,0,0,0,0,0,0,0,0,0,0,0,0,0
res_00001651_2,chatbot_extended,chatbot,0,1,0,0,2,Young,Age,Age,,,,3,0,1,desktop,1,0,TWN,East_Taiwanese,East,Taiwanese,0,2,0,0,0,0,0,1,0,0,0,0,0,0,0,0,0,0,0,0
res_00001652_1,chatbot_extended,chatbot,0,0,0,1,0,Low,Social Value,Social Value,,,,1,0,0,desktop,1,1,TWN,East_Taiwanese,East,Taiwanese,0,0,0,0,0,0,0,0,0,0,0,1,0,0,0,0,0,0,0,0
res_00001652_2,chatbot_extended,chatbot,0,1,0,0,0,High,Social Value,Social Value,,,,1,0,1,desktop,1,0,TWN,East_Taiwanese,East,Taiwanese,1,0,0,0,0,0,0,0,0,0,0,0,0,0,0,0,0,0,0,0
res_00001653_1,chatbot_extended,chatbot,0,1,0,1,0,Low,Social Value,Social Value,,,,1,0,0,desktop,1,1,TWN,East_Taiwanese,East,Taiwanese,0,0,0,0,0,0,0,0,0,0,0,1,0,0,0,0,0,0,0,0
res_00001653_2,chatbot_extended,chatbot,0,0,0,0,2,High,Social Value,Social Value,,,,1,0,1,desktop,1,0,TWN,East_Taiwanese,East,Taiwanese,1,0,0,0,0,0,0,0,0,0,0,0,0,0,0,0,0,0,0,0
res_00001654_1,chatbot_extended,chatbot,0,0,0,1,0,Old,Age,Age,,,,1,0,1,desktop,1,1,TWN,East_Taiwanese,East,Taiwanese,0,0,0,0,1,0,0,0,0,0,0,0,0,0,0,0,0,0,0,0
res_00001654_2,chatbot_extended,chatbot,0,1,0,0,1,Young,Age,Age,,,,1,0,0,desktop,1,0,TWN,East_Taiwanese,East,Taiwanese,1,0,0,0,0,0,0,0,0,0,0,0,0,0,0,0,0,0,0,0
res_00001655_1,chatbot_extended,chatbot,0,1,0,1,0,Hoomans,Species,Species,,,,4,0,0,desktop,1,1,TWN,East_Taiwanese,East,Taiwanese,0,0,0,0,0,0,1,0,0,0,0,1,0,0,1,1,0,0,0,0
res_00001655_2,chatbot_extended,chatbot,0,0,0,0,2,Pets,Species,Species,,,,4,0,1,desktop,1,0,TWN,East_Taiwanese,East,Taiwanese,0,0,0,0,0,0,0,0,0,0,0,0,0,0,0,0,0,0,3,1
res_00001656_1,chatbot_extended,chatbot,0,1,0,1,0,Less,Utilitarian,Utilitarian,,,,2,1,0,desktop,1,1,TWN,East_Taiwanese,East,Taiwanese,0,0,0,1,0,0,0,0,0,0,0,0,0,0,0,0,1,0,0,0
res_00001656_2,chatbot_extended,chatbot,0,0,0,0,1,More,Utilitarian,Utilitarian,,,,3,1,1,desktop,1,0,TWN,East_Taiwanese,East,Taiwanese,0,0,0,1,0,0,0,0,0,0,0,0,0,0,0,1,1,0,0,0
res_00001657_1,chatbot_extended,chatbot,0,0,1,0,0,Less,Utilitarian,Utilitarian,,,,2,3,0,desktop,1,1,TWN,East_Taiwanese,East,Taiwanese,0,0,0,0,0,0,0,0,0,0,1,0,0,0,0,0,1,0,0,0
res_00001657_2,chatbot_extended,chatbot,0,1,1,0,0,More,Utilitarian,Utilitarian,,,,5,3,1,desktop,1,0,TWN,East_Taiwanese,East,Taiwanese,1,1,0,0,0,0,0,0,0,0,1,0,0,0,0,0,1,1,0,0
res_00001658_1,chatbot_extended,chatbot,0,1,0,1,0,Fit,Fitness,Fitness,,,,2,0,1,desktop,1,1,TWN,East_Taiwanese,East,Taiwanese,0,0,0,0,0,0,0,0,0,0,0,0,0,0,1,1,0,0,0,0
res_00001658_2,chatbot_extended,chatbot,0,0,0,0,0,Fat,Fitness,Fitness,,,,2,0,0,desktop,1,0,TWN,East_Taiwanese,East,Taiwanese,0,1,0,0,0,0,0,0,0,0,1,0,0,0,0,0,0,0,0,0
res_00001659_1,chatbot_extended,chatbot,0,0,1,0,0,Female,Gender,Gender,,,,3,0,0,desktop,1,1,TWN,East_Taiwanese,East,Taiwanese,0,0,0,0,0,0,0,0,0,0,0,0,0,0,2,0,1,0,0,0
res_00001659_2,chatbot_extended,chatbot,0,1,1,0,0,Male,Gender,Gender,,,,3,0,1,desktop,1,0,TWN,East_Taiwanese,East,Taiwanese,0,0,0,0,0,0,0,0,0,0,0,0,0,0,0,2,0,1,0,0
res_00001660_1,chatbot_extended,chatbot,0,0,0,1,0,Less,Utilitarian,Utilitarian,,,,1,1,0,desktop,1,1,TWN,East_Taiwanese,East,Taiwanese,0,0,0,0,0,0,0,1,0,0,0,0,0,0,0,0,0,0,0,0
res_00001660_2,chatbot_extended,chatbot,0,1,0,0,1,More,Utilitarian,Utilitarian,,,,2,1,1,desktop,1,0,TWN,East_Taiwanese,East,Taiwanese,0,0,0,0,0,0,0,1,0,1,0,0,0,0,0,0,0,0,0,0
res_00001661_1,chatbot_extended,chatbot,0,1,0,1,0,Hoomans,Species,Species,,,,2,0,0,desktop,1,1,TWN,East_Taiwanese,East,Taiwanese,0,0,0,0,0,0,0,0,0,1,0,0,1,0,0,0,0,0,0,0
res_00001661_2,chatbot_extended,chatbot,0,0,0,0,0,Pets,Species,Species,,,,2,0,1,desktop,1,0,TWN,East_Taiwanese,East,Taiwanese,0,0,0,0,0,0,0,0,0,0,0,0,0,0,0,0,0,0,1,1
res_00001662_1,chatbot_extended,chatbot,0,1,1,0,0,Young,Age,Age,,,,3,0,0,desktop,1,1,TWN,East_Taiwanese,East,Taiwanese,1,1,0,0,0,0,0,1,0,0,0,0,0,0,0,0,0,0,0,0
res_00001662_2,chatbot_extended,chatbot,0,0,1,0,0,Old,Age,Age,,,,3,0,1,desktop,1,0,TWN,East_Taiwanese,East,Taiwanese,0,0,0,0,1,2,0,0,0,0,0,0,0,0,0,0,0,0,0,0
res_00001663_1,chatbot_extended,chatbot,0,0,1,0,0,Less,Utilitarian,Utilitarian,,,,2,1,0,desktop,1,1,TWN,East_Taiwanese,East,Taiwanese,0,0,0,0,1,0,0,0,0,0,0,0,0,0,1,0,0,0,0,0
res_00001663_2,chatbot_extended,chatbot,0,1,1,0,0,More,Utilitarian,Utilitarian,,,,3,1,1,desktop,1,0,TWN,East_Taiwanese,East,Taiwanese,0,0,0,0,1,0,0,0,0,0,0,0,0,1,1,0,0,0,0,0
res_00001664_1,chatbot_extended,chatbot,0,1,1,0,1,Less,Utilitarian,Utilitarian,,,,2,3,0,desktop,1,1,TWN,East_Taiwanese,East,Taiwanese,0,0,1,0,0,0,0,0,0,0,0,0,1,0,0,0,0,0,0,0
res_00001664_2,chatbot_extended,chatbot,0,0,1,0,2,More,Utilitarian,Utilitarian,,,,5,3,1,desktop,1,0,TWN,East_Taiwanese,East,Taiwanese,0,0,1,1,0,0,0,0,0,0,0,0,1,1,1,0,0,0,0,0
res_00001665_1,chatbot_extended,chatbot,0,1,1,0,1,Young,Age,Age,,,,3,0,0,desktop,1,1,TWN,East_Taiwanese,East,Taiwanese,1,1,0,0,0,0,1,0,0,0,0,0,0,0,0,0,0,0,0,0
res_00001665_2,chatbot_extended,chatbot,0,0,1,0,2,Old,Age,Age,,,,3,0,1,desktop,1,0,TWN,East_Taiwanese,East,Taiwanese,0,0,0,0,2,1,0,0,0,0,0,0,0,0,0,0,0,0,0,0
res_00001666_1,chatbot_extended,chatbot,0,0,1,0,0,Young,Age,Age,,,,1,0,0,desktop,1,1,TWN,East_Taiwanese,East,Taiwanese,0,1,0,0,0,0,0,0,0,0,0,0,0,0,0,0,0,0,0,0
res_00001666_2,chatbot_extended,chatbot,0,1,1,0,0,Old,Age,Age,,,,1,0,1,desktop,1,0,TWN,East_Taiwanese,East,Taiwanese,0,0,0,0,0,1,0,0,0,0,0,0,0,0,0,0,0,0,0,0
res_00001667_1,chatbot_extended,chatbot,0,1,1,0,0,Young,Age,Age,,,,4,0,0,desktop,1,1,TWN,East_Taiwanese,East,Taiwanese,1,0,0,0,0,0,2,1,0,0,0,0,0,0,0,0,0,0,0,0
res_00001667_2,chatbot_extended,chatbot,0,0,1,0,0,Old,Age,Age,,,,4,0,1,desktop,1,0,TWN,East_Taiwanese,East,Taiwanese,2,0,0,0,1,1,0,0,0,0,0,0,0,0,0,0,0,0,0,0
res_00001668_1,chatbot_extended,chatbot,0,0,1,0,2,Low,Social Value,Social Value,,,,1,0,0,desktop,1,1,TWN,East_Taiwanese,East,Taiwanese,0,0,0,0,0,0,0,0,1,0,0,0,0,0,0,0,0,0,0,0
res_00001668_2,chatbot_extended,chatbot,0,1,1,0,1,High,Social Value,Social Value,,,,1,0,1,desktop,1,0,TWN,East_Taiwanese,East,Taiwanese,0,0,0,0,0,0,0,0,0,0,0,0,1,0,0,0,0,0,0,0
res_00001669_1,chatbot_extended,chatbot,0,0,1,0,2,Less,Utilitarian,Utilitarian,,,,3,2,0,desktop,1,1,TWN,East_Taiwanese,East,Taiwanese,0,0,0,0,0,1,0,0,0,0,0,0,0,0,0,0,0,0,2,0
res_00001669_2,chatbot_extended,chatbot,0,1,1,0,1,More,Utilitarian,Utilitarian,,,,5,2,1,desktop,1,0,TWN,East_Taiwanese,East,Taiwanese,0,0,0,0,0,1,0,0,0,0,1,0,0,1,0,0,0,0,2,0
res_00001670_1,chatbot_extended,chatbot,0,1,0,1,0,Pets,Species,Species,,,,5,0,1,desktop,1,1,TWN,East_Taiwanese,East,Taiwanese,0,0,0,0,0,0,0,0,0,0,0,0,0,0,0,0,0,0,2,3
res_00001670_2,chatbot_extended,chatbot,0,0,0,0,1,Hoomans,Species,Species,,,,5,0,0,desktop,1,0,TWN,East_Taiwanese,East,Taiwanese,0,1,0,1,0,0,0,1,1,0,0,0,1,0,0,0,0,0,0,0
res_00001671_1,chatbot_extended,chatbot,0,0,0,1,0,Young,Age,Age,,,,1,0,0,desktop,1,1,TWN,East_Taiwanese,East,Taiwanese,1,0,0,0,0,0,0,0,0,0,0,0,0,0,0,0,0,0,0,0
res_00001671_2,chatbot_extended,chatbot,0,1,0,0,0,Old,Age,Age,,,,1,0,1,desktop,1,0,TWN,East_Taiwanese,East,Taiwanese,0,0,0,0,1,0,0,0,0,0,0,0,0,0,0,0,0,0,0,0
res_00001672_1,chatbot_extended,chatbot,0,1,1,0,1,Hoomans,Species,Species,,,,1,0,0,desktop,1,1,TWN,East_Taiwanese,East,Taiwanese,0,0,0,0,0,0,1,0,0,0,0,0,0,0,0,0,0,0,0,0
res_00001672_2,chatbot_extended,chatbot,0,0,1,0,2,Pets,Species,Species,,,,1,0,1,desktop,1,0,TWN,East_Taiwanese,East,Taiwanese,0,0,0,0,0,0,0,0,0,0,0,0,0,0,0,0,0,0,0,1
res_00001673_1,chatbot_extended,chatbot,0,0,1,0,0,Hoomans,Species,Species,,,,4,0,0,desktop,1,1,TWN,East_Taiwanese,East,Taiwanese,0,1,0,0,0,1,0,1,0,0,0,0,1,0,0,0,0,0,0,0
res_00001673_2,chatbot_extended,chatbot,0,1,1,0,0,Pets,Species,Species,,,,4,0,1,desktop,1,0,TWN,East_Taiwanese,East,Taiwanese,0,0,0,0,0,0,0,0,0,0,0,0,0,0,0,0,0,0,2,2
res_00001674_1,chatbot_extended,chatbot,0,0,1,0,0,Fat,Fitness,Fitness,,,,3,0,0,desktop,1,1,TWN,East_Taiwanese,East,Taiwanese,1,0,0,0,0,0,0,0,0,2,0,0,0,0,0,0,0,0,0,0
res_00001674_2,chatbot_extended,chatbot,0,1,1,0,0,Fit,Fitness,Fitness,,,,3,0,1,desktop,1,0,TWN,East_Taiwanese,East,Taiwanese,0,2,0,0,0,0,0,0,0,0,0,0,0,0,0,1,0,0,0,0
res_00001675_1,chatbot_extended,chatbot,0,0,1,0,0,Hoomans,Species,Species,,,,1,0,0,desktop,1,1,TWN,East_Taiwanese,East,Taiwanese,0,0,0,0,0,0,0,0,0,0,0,0,0,0,1,0,0,0,0,0
res_00001675_2,chatbot_extended,chatbot,0,1,1,0,0,Pets,Species,Species,,,,1,0,1,desktop,1,0,TWN,East_Taiwanese,East,Taiwanese,0,0,0,0,0,0,0,0,0,0,0,0,0,0,0,0,0,0,0,1
res_00001676_1,chatbot_extended,chatbot,0,0,1,0,1,Female,Gender,Gender,,,,3,0,0,desktop,1,1,TWN,East_Taiwanese,East,Taiwanese,0,0,0,0,0,0,0,1,0,1,0,0,0,1,0,0,0,0,0,0
res_00001676_2,chatbot_extended,chatbot,0,1,1,0,2,Male,Gender,Gender,,,,3,0,1,desktop,1,0,TWN,East_Taiwanese,East,Taiwanese,0,0,0,0,0,0,1,0,0,0,1,0,1,0,0,0,0,0,0,0
res_00001677_1,chatbot_extended,chatbot,0,1,1,0,2,Low,Social Value,Social Value,,,,4,0,0,desktop,1,1,TWN,East_Taiwanese,East,Taiwanese,0,2,0,0,0,0,0,0,1,0,0,1,0,0,0,0,0,0,0,0
res_00001677_2,chatbot_extended,chatbot,0,0,1,0,1,High,Social Value,Social Value,,,,4,0,1,desktop,1,0,TWN,East_Taiwanese,East,Taiwanese,0,2,1,0,0,0,0,0,0,0,0,0,0,0,0,0,1,0,0,0
res_00001678_1,chatbot_extended,chatbot,0,0,1,0,0,Female,Gender,Gender,,,,3,0,0,desktop,1,1,TWN,East_Taiwanese,East,Taiwanese,0,1,0,0,0,0,0,0,0,1,0,0,0,0,0,0,1,0,0,0
res_00001678_2,chatbot_extended,chatbot,0,1,1,0,0,Male,Gender,Gender,,,,3,0,1,desktop,1,0,TWN,East_Taiwanese,East,Taiwanese,1,0,0,0,0,0,0,0,0,0,1,0,0,0,0,0,0,1,0,0
res_00001679_1,chatbot_extended,chatbot,0,0,0,1,0,Old,Age,Age,,,,4,0,0,desktop,1,1,TWN,East_Taiwanese,East,Taiwanese,1,0,0,0,1,2,0,0,0,0,0,0,0,0,0,0,0,0,0,0
res_00001679_2,chatbot_extended,chatbot,0,1,0,0,0,Young,Age,Age,,,,4,0,1,desktop,1,0,TWN,East_Taiwanese,East,Taiwanese,0,2,0,0,0,0,2,0,0,0,0,0,0,0,0,0,0,0,0,0
res_00001680_1,chatbot_extended,chatbot,0,0,1,0,2,Young,Age,Age,,,,3,0,0,desktop,1,1,TWN,East_Taiwanese,East,Taiwanese,0,1,0,0,0,0,0,2,0,0,0,0,0,0,0,0,0,0,0,0
res_00001680_2,chatbot_extended,chatbot,0,1,1,0,1,Old,Age,Age,,,,3,0,1,desktop,1,0,TWN,East_Taiwanese,East,Taiwanese,0,1,0,0,0,2,0,0,0,0,0,0,0,0,0,0,0,0,0,0
res_00001681_1,chatbot_extended,chatbot,0,0,0,1,0,Fat,Fitness,Fitness,,,,4,0,0,desktop,1,1,TWN,East_Taiwanese,East,Taiwanese,1,0,0,0,0,0,0,0,0,2,1,0,0,0,0,0,0,0,0,0
res_00001681_2,chatbot_extended,chatbot,0,1,0,0,0,Fit,Fitness,Fitness,,,,4,0,1,desktop,1,0,TWN,East_Taiwanese,East,Taiwanese,0,0,0,0,0,0,0,0,0,0,0,0,0,0,2,2,0,0,0,0
res_00001682_1,chatbot_extended,chatbot,0,0,1,0,1,Low,Social Value,Social Value,,,,2,0,0,desktop,1,1,TWN,East_Taiwanese,East,Taiwanese,1,0,0,0,0,0,0,0,0,0,0,1,0,0,0,0,0,0,0,0
res_00001682_2,chatbot_extended,chatbot,0,1,1,0,2,High,Social Value,Social Value,,,,2,0,1,desktop,1,0,TWN,East_Taiwanese,East,Taiwanese,1,0,0,0,0,0,0,0,0,0,0,0,0,0,0,0,0,1,0,0
res_00001683_1,chatbot_extended,chatbot,0,1,1,0,2,Low,Social Value,Social Value,,,,5,0,0,desktop,1,1,TWN,East_Taiwanese,East,Taiwanese,1,1,0,0,0,0,0,0,2,0,0,1,0,0,0,0,0,0,0,0
res_00001683_2,chatbot_extended,chatbot,0,0,1,0,1,High,Social Value,Social Value,,,,5,0,1,desktop,1,0,TWN,East_Taiwanese,East,Taiwanese,2,0,0,0,0,0,0,0,0,0,0,0,1,1,0,0,0,1,0,0
res_00001684_1,chatbot_extended,chatbot,0,1,0,1,0,Pets,Species,Species,,,,2,0,1,desktop,1,1,TWN,East_Taiwanese,East,Taiwanese,0,0,0,0,0,0,0,0,0,0,0,0,0,0,0,0,0,0,1,1
res_00001684_2,chatbot_extended,chatbot,0,0,0,0,0,Hoomans,Species,Species,,,,2,0,0,desktop,1,0,TWN,East_Taiwanese,East,Taiwanese,0,1,0,0,0,0,0,0,0,0,0,0,0,0,0,0,1,0,0,0
res_00001685_1,chatbot_extended,chatbot,0,1,0,1,0,Hoomans,Species,Species,,,,4,0,0,desktop,1,1,TWN,East_Taiwanese,East,Taiwanese,0,0,0,0,1,1,0,0,1,0,0,0,0,0,0,0,1,0,0,0
res_00001685_2,chatbot_extended,chatbot,0,0,0,0,2,Pets,Species,Species,,,,4,0,1,desktop,1,0,TWN,East_Taiwanese,East,Taiwanese,0,0,0,0,0,0,0,0,0,0,0,0,0,0,0,0,0,0,3,1
res_00001686_1,chatbot_extended,chatbot,0,0,1,0,0,Hoomans,Species,Species,,,,4,0,0,desktop,1,1,TWN,East_Taiwanese,East,Taiwanese,0,0,1,1,0,0,0,0,0,0,1,0,0,1,0,0,0,0,0,0
res_00001686_2,chatbot_extended,chatbot,0,1,1,0,0,Pets,Species,Species,,,,4,0,1,desktop,1,0,TWN,East_Taiwanese,East,Taiwanese,0,0,0,0,0,0,0,0,0,0,0,0,0,0,0,0,0,0,3,1
res_00001687_1,chatbot_extended,chatbot,0,0,0,1,0,Male,Gender,Gender,,,,2,0,0,desktop,1,1,TWN,East_Taiwanese,East,Taiwanese,0,0,0,0,1,0,0,0,0,0,1,0,0,0,0,0,0,0,0,0
res_00001687_2,chatbot_extended,chatbot,0,1,0,0,2,Female,Gender,Gender,,,,2,0,1,desktop,1,0,TWN,East_Taiwanese,East,Taiwanese,0,0,0,0,0,1,0,0,0,1,0,0,0,0,0,0,0,0,0,0
res_00001688_1,chatbot_extended,chatbot,0,1,1,0,0,Low,Social Value,Social Value,,,,2,0,0,desktop,1,1,TWN,East_Taiwanese,East,Taiwanese,0,1,0,0,0,0,0,0,0,0,0,1,0,0,0,0,0,0,0,0
res_00001688_2,chatbot_extended,chatbot,0,0,1,0,0,High,Social Value,Social Value,,,,2,0,1,desktop,1,0,TWN,East_Taiwanese,East,Taiwanese,0,1,0,0,0,0,0,0,0,0,0,0,0,1,0,0,0,0,0,0
res_00001689_1,chatbot_extended,chatbot,0,0,0,1,0,Fat,Fitness,Fitness,,,,3,0,0,desktop,1,1,TWN,East_Taiwanese,East,Taiwanese,0,1,0,0,0,0,0,0,0,2,0,0,0,0,0,0,0,0,0,0
res_00001689_2,chatbot_extended,chatbot,0,1,0,0,0,Fit,Fitness,Fitness,,,,3,0,1,desktop,1,0,TWN,East_Taiwanese,East,Taiwanese,0,1,0,0,0,0,0,0,0,0,0,0,0,0,2,0,0,0,0,0
res_00001690_1,chatbot_extended,chatbot,0,1,0,1,0,Low,Social Value,Social Value,,,,5,0,0,desktop,1,1,TWN,East_Taiwanese,East,Taiwanese,2,0,0,0,0,0,0,0,1,0,0,2,0,0,0,0,0,0,0,0
res_00001690_2,chatbot_extended,chatbot,0,0,0,0,0,High,Social Value,Social Value,,,,5,0,1,desktop,1,0,TWN,East_Taiwanese,East,Taiwanese,0,0,1,0,0,0,0,0,0,0,0,0,2,2,0,0,0,0,0,0
res_00001691_1,chatbot_extended,chatbot,0,0,0,1,0,Pets,Species,Species,,,,3,0,0,desktop,1,1,TWN,East_Taiwanese,East,Taiwanese,0,0,0,0,0,0,0,0,0,0,0,0,0,0,0,0,0,0,2,1
res_00001691_2,chatbot_extended,chatbot,0,1,0,0,1,Hoomans,Species,Species,,,,3,0,1,desktop,1,0,TWN,East_Taiwanese,East,Taiwanese,0,0,0,0,0,0,1,1,0,0,0,0,0,1,0,0,0,0,0,0
res_00001692_1,chatbot_extended,chatbot,0,0,1,0,0,Young,Age,Age,,,,1,0,0,desktop,1,1,TWN,East_Taiwanese,East,Taiwanese,0,0,0,0,0,0,0,1,0,0,0,0,0,0,0,0,0,0,0,0
res_00001692_2,chatbot_extended,chatbot,0,1,1,0,0,Old,Age,Age,,,,1,0,1,desktop,1,0,TWN,East_Taiwanese,East,Taiwanese,0,1,0,0,0,0,0,0,0,0,0,0,0,0,0,0,0,0,0,0
res_00001693_1,chatbot_extended,chatbot,0,0,1,0,2,Female,Gender,Gender,,,,1,0,0,desktop,1,1,TWN,East_Taiwanese,East,Taiwanese,0,1,0,0,0,0,0,0,0,0,0,0,0,0,0,0,0,0,0,0
res_00001693_2,chatbot_extended,chatbot,0,1,1,0,1,Male,Gender,Gender,,,,1,0,1,desktop,1,0,TWN,East_Taiwanese,East,Taiwanese,1,0,0,0,0,0,0,0,0,0,0,0,0,0,0,0,0,0,0,0
res_00001694_1,chatbot_extended,chatbot,0,0,1,0,2,Young,Age,Age,,,,2,0,0,desktop,1,1,TWN,East_Taiwanese,East,Taiwanese,0,1,0,0,0,0,0,1,0,0,0,0,0,0,0,0,0,0,0,0
res_00001694_2,chatbot_extended,chatbot,0,1,1,0,1,Old,Age,Age,,,,2,0,1,desktop,1,0,TWN,East_Taiwanese,East,Taiwanese,0,1,0,0,0,1,0,0,0,0,0,0,0,0,0,0,0,0,0,0
res_00001695_1,chatbot_extended,chatbot,0,0,0,1,0,Less,Utilitarian,Utilitarian,,,,4,1,0,desktop,1,1,TWN,East_Taiwanese,East,Taiwanese,0,0,0,1,0,0,0,2,0,0,0,0,0,0,0,0,0,0,0,1
res_00001695_2,chatbot_extended,chatbot,0,1,0,0,1,More,Utilitarian,Utilitarian,,,,5,1,1,desktop,1,0,TWN,East_Taiwanese,East,Taiwanese,0,0,0,1,0,0,0,2,0,0,1,0,0,0,0,0,0,0,0,1
res_00001696_1,chatbot_extended,chatbot,0,0,0,1,0,Low,Social Value,Social Value,,,,2,0,0,desktop,1,1,TWN,East_Taiwanese,East,Taiwanese,1,0,0,0,0,0,0,0,1,0,0,0,0,0,0,0,0,0,0,0
res_00001696_2,chatbot_extended,chatbot,0,1,0,0,1,High,Social Value,Social Value,,,,2,0,1,desktop,1,0,TWN,East_Taiwanese,East,Taiwanese,0,0,0,0,0,0,0,0,0,0,0,0,0,1,0,0,0,1,0,0
res_00001697_1,chatbot_extended,chatbot,0,0,0,1,0,Male,Gender,Gender,,,,1,0,1,desktop,1,1,TWN,East_Taiwanese,East,Taiwanese,0,0,0,0,1,0,0,0,0,0,0,0,0,0,0,0,0,0,0,0
res_00001697_2,chatbot_extended,chatbot,0,1,0,0,1,Female,Gender,Gender,,,,1,0,0,desktop,1,0,TWN,East_Taiwanese,East,Taiwanese,0,0,0,0,0,1,0,0,0,0,0,0,0,0,0,0,0,0,0,0
res_00001698_1,chatbot_extended,chatbot,0,1,0,1,0,More,Utilitarian,Utilitarian,,,,5,3,0,desktop,1,1,TWN,East_Taiwanese,East,Taiwanese,0,0,0,0,0,0,0,1,1,1,0,0,1,0,0,1,0,0,0,0
res_00001698_2,chatbot_extended,chatbot,0,0,0,0,1,Less,Utilitarian,Utilitarian,,,,2,3,1,desktop,1,0,TWN,East_Taiwanese,East,Taiwanese,0,0,0,0,0,0,0,0,0,0,0,0,1,0,0,1,0,0,0,0
res_00001699_1,chatbot_extended,chatbot,0,0,1,0,1,Less,Utilitarian,Utilitarian,,,,3,2,1,desktop,1,1,TWN,East_Taiwanese,East,Taiwanese,0,0,0,1,0,0,0,0,1,0,0,0,0,0,0,0,0,0,1,0
res_00001699_2,chatbot_extended,chatbot,0,1,1,0,2,More,Utilitarian,Utilitarian,,,,5,2,0,desktop,1,0,TWN,East_Taiwanese,East,Taiwanese,0,0,0,1,0,0,0,0,1,1,1,0,0,0,0,0,0,0,1,0
res_00001700_1,chatbot_extended,chatbot,0,0,0,1,0,Hoomans,Species,Species,,,,3,0,0,desktop,1,1,IDN,East_Indonesian,East,Indonesian,1,1,0,0,0,0,0,0,0,0,0,0,0,0,0,0,1,0,0,0
res_00001700_2,chatbot_extended,chatbot,0,1,0,0,0,Pets,Species,Species,,,,3,0,1,desktop,1,0,IDN,East_Indonesian,East,Indonesian,0,0,0,0,0,0,0,0,0,0,0,0,0,0,0,0,0,0,1,2
res_00001701_1,chatbot_extended,chatbot,0,0,0,1,0,Male,Gender,Gender,,,,2,0,0,desktop,1,1,IDN,East_Indonesian,East,Indonesian,0,0,0,0,0,0,2,0,0,0,0,0,0,0,0,0,0,0,0,0
res_00001701_2,chatbot_extended,chatbot,0,1,0,0,2,Female,Gender,Gender,,,,2,0,1,desktop,1,0,IDN,East_Indonesian,East,Indonesian,0,0,0,0,0,0,0,2,0,0,0,0,0,0,0,0,0,0,0,0
res_00001702_1,chatbot_extended,chatbot,0,1,1,0,2,Young,Age,Age,,,,1,0,0,desktop,1,1,IDN,East_Indonesian,East,Indonesian,0,0,0,0,0,0,0,1,0,0,0,0,0,0,0,0,0,0,0,0
res_00001702_2,chatbot_extended,chatbot,0,0,1,0,1,Old,Age,Age,,,,1,0,1,desktop,1,0,IDN,East_Indonesian,East,Indonesian,0,1,0,0,0,0,0,0,0,0,0,0,0,0,0,0,0,0,0,0
res_00001703_1,chatbot_extended,chatbot,0,1,0,1,0,Pets,Species,Species,,,,1,0,1,desktop,1,1,IDN,East_Indonesian,East,Indonesian,0,0,0,0,0,0,0,0,0,0,0,0,0,0,0,0,0,0,1,0
res_00001703_2,chatbot_extended,chatbot,0,0,0,0,1,Hoomans,Species,Species,,,,1,0,0,desktop,1,0,IDN,East_Indonesian,East,Indonesian,0,0,0,0,0,1,0,0,0,0,0,0,0,0,0,0,0,0,0,0
res_00001704_1,chatbot_extended,chatbot,0,0,1,0,0,Hoomans,Species,Species,,,,2,0,0,desktop,1,1,IDN,East_Indonesian,East,Indonesian,0,0,0,0,0,0,0,0,0,0,0,1,0,0,1,0,0,0,0,0
res_00001704_2,chatbot_extended,chatbot,0,1,1,0,0,Pets,Species,Species,,,,2,0,1,desktop,1,0,IDN,East_Indonesian,East,Indonesian,0,0,0,0,0,0,0,0,0,0,0,0,0,0,0,0,0,0,1,1
res_00001705_1,chatbot_extended,chatbot,0,0,0,1,0,Fat,Fitness,Fitness,,,,5,0,0,desktop,1,1,IDN,East_Indonesian,East,Indonesian,1,2,0,0,0,0,0,0,0,1,1,0,0,0,0,0,0,0,0,0
res_00001705_2,chatbot_extended,chatbot,0,1,0,0,0,Fit,Fitness,Fitness,,,,5,0,1,desktop,1,0,IDN,East_Indonesian,East,Indonesian,0,0,0,0,0,0,0,0,0,0,0,0,0,0,3,2,0,0,0,0
res_00001706_1,chatbot_extended,chatbot,0,0,0,1,0,Old,Age,Age,,,,1,0,1,desktop,1,1,IDN,East_Indonesian,East,Indonesian,0,0,0,0,0,1,0,0,0,0,0,0,0,0,0,0,0,0,0,0
res_00001706_2,chatbot_extended,chatbot,0,1,0,0,1,Young,Age,Age,,,,1,0,0,desktop,1,0,IDN,East_Indonesian,East,Indonesian,0,0,0,0,0,0,0,1,0,0,0,0,0,0,0,0,0,0,0,0
res_00001707_1,chatbot_extended,chatbot,0,0,0,1,0,Fat,Fitness,Fitness,,,,4,0,0,desktop,1,1,IDN,East_Indonesian,East,Indonesian,1,1,0,0,0,0,0,0,0,1,1,0,0,0,0,0,0,0,0,0
res_00001707_2,chatbot_extended,chatbot,0,1,0,0,0,Fit,Fitness,Fitness,,,,4,0,1,desktop,1,0,IDN,East_Indonesian,East,Indonesian,1,1,0,0,0,0,0,0,0,0,0,0,0,0,1,1,0,0,0,0
res_00001708_1,chatbot_extended,chatbot,0,0,0,1,0,Hoomans,Species,Species,,,,5,0,0,desktop,1,1,IDN,East_Indonesian,East,Indonesian,0,1,0,0,0,1,0,0,1,1,0,0,0,0,1,0,0,0,0,0
res_00001708_2,chatbot_extended,chatbot,0,1,0,0,0,Pets,Species,Species,,,,5,0,1,desktop,1,0,IDN,East_Indonesian,East,Indonesian,0,0,0,0,0,0,0,0,0,0,0,0,0,0,0,0,0,0,3,2
res_00001709_1,chatbot_extended,chatbot,0,1,1,0,1,Less,Utilitarian,Utilitarian,,,,2,2,0,desktop,1,1,IDN,East_Indonesian,East,Indonesian,0,0,0,0,0,0,0,0,1,0,0,0,0,0,0,0,0,0,0,1
res_00001709_2,chatbot_extended,chatbot,0,0,1,0,2,More,Utilitarian,Utilitarian,,,,4,2,1,desktop,1,0,IDN,East_Indonesian,East,Indonesian,1,0,1,0,0,0,0,0,1,0,0,0,0,0,0,0,0,0,0,1
res_00001710_1,chatbot_extended,chatbot,0,0,1,0,0,Female,Gender,Gender,,,,4,0,0,desktop,1,1,IDN,East_Indonesian,East,Indonesian,0,1,0,0,0,0,0,0,0,1,0,0,0,2,0,0,0,0,0,0
res_00001710_2,chatbot_extended,chatbot,0,1,1,0,0,Male,Gender,Gender,,,,4,0,1,desktop,1,0,IDN,East_Indonesian,East,Indonesian,1,0,0,0,0,0,0,0,0,0,1,0,2,0,0,0,0,0,0,0
res_00001711_1,chatbot_extended,chatbot,0,0,0,1,0,Hoomans,Species,Species,,,,1,0,0,desktop,1,1,IDN,East_Indonesian,East,Indonesian,0,0,0,0,0,0,0,0,0,1,0,0,0,0,0,0,0,0,0,0
res_00001711_2,chatbot_extended,chatbot,0,1,0,0,0,Pets,Species,Species,,,,1,0,1,desktop,1,0,IDN,East_Indonesian,East,Indonesian,0,0,0,0,0,0,0,0,0,0,0,0,0,0,0,0,0,0,0,1
res_00001712_1,chatbot_extended,chatbot,0,0,1,0,0,Hoomans,Species,Species,,,,1,0,0,desktop,1,1,IDN,East_Indonesian,East,Indonesian,0,0,0,0,0,0,0,0,0,0,0,0,0,1,0,0,0,0,0,0
res_00001712_2,chatbot_extended,chatbot,0,1,1,0,0,Pets,Species,Species,,,,1,0,1,desktop,1,0,IDN,East_Indonesian,East,Indonesian,0,0,0,0,0,0,0,0,0,0,0,0,0,0,0,0,0,0,0,1
res_00001713_1,chatbot_extended,chatbot,0,0,1,0,1,Female,Gender,Gender,,,,2,0,0,desktop,1,1,IDN,East_Indonesian,East,Indonesian,0,0,0,0,0,0,0,1,0,0,0,0,0,0,0,0,1,0,0,0
res_00001713_2,chatbot_extended,chatbot,0,1,1,0,2,Male,Gender,Gender,,,,2,0,1,desktop,1,0,IDN,East_Indonesian,East,Indonesian,0,0,0,0,0,0,1,0,0,0,0,0,0,0,0,0,0,1,0,0
res_00001714_1,chatbot_extended,chatbot,0,1,0,1,0,Less,Utilitarian,Utilitarian,,,,4,1,0,desktop,1,1,IDN,East_Indonesian,East,Indonesian,0,0,1,0,0,0,0,0,0,0,1,0,0,1,0,0,0,0,1,0
res_00001714_2,chatbot_extended,chatbot,0,0,0,0,1,More,Utilitarian,Utilitarian,,,,5,1,1,desktop,1,0,IDN,East_Indonesian,East,Indonesian,0,0,1,0,0,0,0,1,0,0,1,0,0,1,0,0,0,0,1,0
res_00001715_1,chatbot_extended,chatbot,0,0,1,0,2,Fat,Fitness,Fitness,,,,2,0,0,desktop,1,1,IDN,East_Indonesian,East,Indonesian,1,0,0,0,0,0,0,0,0,0,1,0,0,0,0,0,0,0,0,0
res_00001715_2,chatbot_extended,chatbot,0,1,1,0,1,Fit,Fitness,Fitness,,,,2,0,1,desktop,1,0,IDN,East_Indonesian,East,Indonesian,1,0,0,0,0,0,0,0,0,0,0,0,0,0,0,1,0,0,0,0
res_00001716_1,chatbot_extended,chatbot,0,0,0,1,0,Female,Gender,Gender,,,,5,0,1,desktop,1,1,IDN,East_Indonesian,East,Indonesian,0,1,0,0,0,0,0,2,0,2,0,0,0,0,0,0,0,0,0,0
res_00001716_2,chatbot_extended,chatbot,0,1,0,0,1,Male,Gender,Gender,,,,5,0,0,desktop,1,0,IDN,East_Indonesian,East,Indonesian,1,0,0,0,0,0,2,0,0,0,2,0,0,0,0,0,0,0,0,0
res_00001717_1,chatbot_extended,chatbot,0,1,1,0,1,Female,Gender,Gender,,,,2,0,0,desktop,1,1,IDN,East_Indonesian,East,Indonesian,0,0,0,0,0,1,0,0,0,0,0,0,0,0,0,0,1,0,0,0
res_00001717_2,chatbot_extended,chatbot,0,0,1,0,2,Male,Gender,Gender,,,,2,0,1,desktop,1,0,IDN,East_Indonesian,East,Indonesian,0,0,0,0,1,0,0,0,0,0,0,0,0,0,0,0,0,1,0,0
res_00001718_1,chatbot_extended,chatbot,0,1,0,1,0,Low,Social Value,Social Value,,,,3,0,0,desktop,1,1,IDN,East_Indonesian,East,Indonesian,0,0,0,0,0,0,0,0,0,0,0,3,0,0,0,0,0,0,0,0
res_00001718_2,chatbot_extended,chatbot,0,0,0,0,1,High,Social Value,Social Value,,,,3,0,1,desktop,1,0,IDN,East_Indonesian,East,Indonesian,0,1,0,0,0,0,0,0,0,0,0,0,0,1,0,0,0,1,0,0
res_00001719_1,chatbot_extended,chatbot,0,1,1,0,0,Fat,Fitness,Fitness,,,,4,0,0,desktop,1,1,IDN,East_Indonesian,East,Indonesian,0,1,0,0,0,0,0,0,0,1,2,0,0,0,0,0,0,0,0,0
res_00001719_2,chatbot_extended,chatbot,0,0,1,0,0,Fit,Fitness,Fitness,,,,4,0,1,desktop,1,0,IDN,East_Indonesian,East,Indonesian,0,1,0,0,0,0,0,0,0,0,0,0,0,0,1,2,0,0,0,0
res_00001720_1,chatbot_extended,chatbot,0,0,1,0,2,Young,Age,Age,,,,5,0,0,desktop,1,1,IDN,East_Indonesian,East,Indonesian,0,2,0,0,0,0,2,1,0,0,0,0,0,0,0,0,0,0,0,0
res_00001720_2,chatbot_extended,chatbot,0,1,1,0,1,Old,Age,Age,,,,5,0,1,desktop,1,0,IDN,East_Indonesian,East,Indonesian,1,0,0,0,1,3,0,0,0,0,0,0,0,0,0,0,0,0,0,0
res_00001721_1,chatbot_extended,chatbot,0,1,0,1,0,Less,Utilitarian,Utilitarian,,,,4,1,0,desktop,1,1,IDN,East_Indonesian,East,Indonesian,0,0,0,0,0,0,0,2,1,0,0,0,0,1,0,0,0,0,0,0
res_00001721_2,chatbot_extended,chatbot,0,0,0,0,0,More,Utilitarian,Utilitarian,,,,5,1,1,desktop,1,0,IDN,East_Indonesian,East,Indonesian,0,0,0,0,0,0,1,2,1,0,0,0,0,1,0,0,0,0,0,0
res_00001722_1,chatbot_extended,chatbot,0,0,0,1,0,High,Social Value,Social Value,,,,4,0,0,desktop,1,1,IDN,East_Indonesian,East,Indonesian,0,1,0,0,0,0,0,0,0,0,0,0,1,1,0,0,0,1,0,0
res_00001722_2,chatbot_extended,chatbot,0,1,0,0,0,Low,Social Value,Social Value,,,,4,0,1,desktop,1,0,IDN,East_Indonesian,East,Indonesian,0,2,0,0,0,0,0,0,1,0,0,1,0,0,0,0,0,0,0,0
res_00001723_1,chatbot_extended,chatbot,0,1,1,0,0,Female,Gender,Gender,,,,1,0,0,desktop,1,1,IDN,East_Indonesian,East,Indonesian,0,0,0,0,0,0,0,0,0,0,0,0,0,0,0,0,1,0,0,0
res_00001723_2,chatbot_extended,chatbot,0,0,1,0,0,Male,Gender,Gender,,,,1,0,1,desktop,1,0,IDN,East_Indonesian,East,Indonesian,0,0,0,0,0,0,0,0,0,0,0,0,0,0,0,0,0,1,0,0
res_00001724_1,chatbot_extended,chatbot,0,0,1,0,2,Hoomans,Species,Species,,,,4,0,0,desktop,1,1,IDN,East_Indonesian,East,Indonesian,0,0,0,0,0,1,0,0,0,0,1,1,0,0,0,0,0,1,0,0
res_00001724_2,chatbot_extended,chatbot,0,1,1,0,1,Pets,Species,Species,,,,4,0,1,desktop,1,0,IDN,East_Indonesian,East,Indonesian,0,0,0,0,0,0,0,0,0,0,0,0,0,0,0,0,0,0,2,2
res_00001725_1,chatbot_extended,chatbot,0,0,0,1,0,Fit,Fitness,Fitness,,,,5,0,0,desktop,1,1,IDN,East_Indonesian,East,Indonesian,2,0,0,0,0,0,0,0,0,0,0,0,0,0,2,1,0,0,0,0
res_00001725_2,chatbot_extended,chatbot,0,1,0,0,0,Fat,Fitness,Fitness,,,,5,0,1,desktop,1,0,IDN,East_Indonesian,East,Indonesian,1,1,0,0,0,0,0,0,0,1,2,0,0,0,0,0,0,0,0,0
res_00001726_1,chatbot_extended,chatbot,0,1,1,0,1,Young,Age,Age,,,,4,0,0,desktop,1,1,IDN,East_Indonesian,East,Indonesian,0,0,0,0,0,0,1,3,0,0,0,0,0,0,0,0,0,0,0,0
res_00001726_2,chatbot_extended,chatbot,0,0,1,0,2,Old,Age,Age,,,,4,0,1,desktop,1,0,IDN,East_Indonesian,East,Indonesian,1,0,0,0,0,3,0,0,0,0,0,0,0,0,0,0,0,0,0,0
res_00001727_1,chatbot_extended,chatbot,0,0,0,1,0,Young,Age,Age,,,,4,0,1,desktop,1,1,IDN,East_Indonesian,East,Indonesian,0,0,0,0,0,0,0,4,0,0,0,0,0,0,0,0,0,0,0,0
res_00001727_2,chatbot_extended,chatbot,0,1,0,0,0,Old,Age,Age,,,,4,0,0,desktop,1,0,IDN,East_Indonesian,East,Indonesian,0,2,0,0,0,2,0,0,0,0,0,0,0,0,0,0,0,0,0,0
res_00001728_1,chatbot_extended,chatbot,0,0,0,1,0,Male,Gender,Gender,,,,4,0,0,desktop,1,1,IDN,East_Indonesian,East,Indonesian,0,0,0,0,3,0,0,0,0,0,0,0,1,0,0,0,0,0,0,0
res_00001728_2,chatbot_extended,chatbot,0,1,0,0,2,Female,Gender,Gender,,,,4,0,1,desktop,1,0,IDN,East_Indonesian,East,Indonesian,0,0,0,0,0,3,0,0,0,0,0,0,0,1,0,0,0,0,0,0
res_00001729_1,chatbot_extended,chatbot,0,1,1,0,2,Young,Age,Age,,,,1,0,0,desktop,1,1,IDN,East_Indonesian,East,Indonesian,1,0,0,0,0,0,0,0,0,0,0,0,0,0,0,0,0,0,0,0
res_00001729_2,chatbot_extended,chatbot,0,0,1,0,1,Old,Age,Age,,,,1,0,1,desktop,1,0,IDN,East_Indonesian,East,Indonesian,0,0,0,0,1,0,0,0,0,0,0,0,0,0,0,0,0,0,0,0
res_00001730_1,chatbot_extended,chatbot,0,1,1,0,0,Fat,Fitness,Fitness,,,,4,0,0,desktop,1,1,IDN,East_Indonesian,East,Indonesian,1,1,0,0,0,0,0,0,0,0,2,0,0,0,0,0,0,0,0,0
res_00001730_2,chatbot_extended,chatbot,0,0,1,0,0,Fit,Fitness,Fitness,,,,4,0,1,desktop,1,0,IDN,East_Indonesian,East,Indonesian,1,0,0,0,0,0,0,0,0,0,0,0,0,0,1,2,0,0,0,0
res_00001731_1,chatbot_extended,chatbot,0,1,1,0,1,Female,Gender,Gender,,,,2,0,0,desktop,1,1,IDN,East_Indonesian,East,Indonesian,0,0,0,0,0,0,0,0,0,0,0,0,0,0,0,0,2,0,0,0
res_00001731_2,chatbot_extended,chatbot,0,0,1,0,2,Male,Gender,Gender,,,,2,0,1,desktop,1,0,IDN,East_Indonesian,East,Indonesian,0,0,0,0,0,0,0,0,0,0,0,0,0,0,0,0,0,2,0,0
res_00001732_1,chatbot_extended,chatbot,0,1,1,0,2,Low,Social Value,Social Value,,,,1,0,0,desktop,1,1,IDN,East_Indonesian,East,Indonesian,0,0,0,0,0,0,0,0,0,0,0,1,0,0,0,0,0,0,0,0
res_00001732_2,chatbot_extended,chatbot,0,0,1,0,1,High,Social Value,Social Value,,,,1,0,1,desktop,1,0,IDN,East_Indonesian,East,Indonesian,0,0,1,0,0,0,0,0,0,0,0,0,0,0,0,0,0,0,0,0
res_00001733_1,chatbot_extended,chatbot,0,1,1,0,0,Hoomans,Species,Species,,,,2,0,0,desktop,1,1,IDN,East_Indonesian,East,Indonesian,0,0,0,0,0,2,0,0,0,0,0,0,0,0,0,0,0,0,0,0
res_00001733_2,chatbot_extended,chatbot,0,0,1,0,0,Pets,Species,Species,,,,2,0,1,desktop,1,0,IDN,East_Indonesian,East,Indonesian,0,0,0,0,0,0,0,0,0,0,0,0,0,0,0,0,0,0,2,0
res_00001734_1,chatbot_extended,chatbot,0,0,0,1,0,Less,Utilitarian,Utilitarian,,,,3,2,0,desktop,1,1,IDN,East_Indonesian,East,Indonesian,0,0,0,0,0,0,0,0,1,1,0,0,0,0,0,1,0,0,0,0
res_00001734_2,chatbot_extended,chatbot,0,1,0,0,2,More,Utilitarian,Utilitarian,,,,5,2,1,desktop,1,0,IDN,East_Indonesian,East,Indonesian,0,0,0,1,0,0,0,1,1,1,0,0,0,0,0,1,0,0,0,0
res_00001735_1,chatbot_extended,chatbot,0,1,1,0,2,Female,Gender,Gender,,,,2,0,0,desktop,1,1,IDN,East_Indonesian,East,Indonesian,0,1,0,0,0,0,0,0,0,0,0,0,0,0,0,0,1,0,0,0
res_00001735_2,chatbot_extended,chatbot,0,0,1,0,1,Male,Gender,Gender,,,,2,0,1,desktop,1,0,IDN,East_Indonesian,East,Indonesian,1,0,0,0,0,0,0,0,0,0,0,0,0,0,0,0,0,1,0,0
res_00001736_1,chatbot_extended,chatbot,0,0,1,0,0,Young,Age,Age,,,,2,0,0,desktop,1,1,IDN,East_Indonesian,East,Indonesian,1,0,0,0,0,0,1,0,0,0,0,0,0,0,0,0,0,0,0,0
res_00001736_2,chatbot_extended,chatbot,0,1,1,0,0,Old,Age,Age,,,,2,0,1,desktop,1,0,IDN,East_Indonesian,East,Indonesian,1,0,0,0,1,0,0,0,0,0,0,0,0,0,0,0,0,0,0,0
res_00001737_1,chatbot_extended,chatbot,0,1,1,0,1,Fat,Fitness,Fitness,,,,2,0,0,desktop,1,1,IDN,East_Indonesian,East,Indonesian,0,0,0,0,0,0,0,0,0,2,0,0,0,0,0,0,0,0,0,0
res_00001737_2,chatbot_extended,chatbot,0,0,1,0,2,Fit,Fitness,Fitness,,,,2,0,1,desktop,1,0,IDN,East_Indonesian,East,Indonesian,0,1,0,0,0,0,0,0,0,0,0,0,0,0,1,0,0,0,0,0
res_00001738_1,chatbot_extended,chatbot,0,1,0,1,0,High,Social Value,Social Value,,,,3,0,0,desktop,1,1,IDN,East_Indonesian,East,Indonesian,1,0,0,0,0,0,0,0,0,0,0,0,0,0,0,0,2,0,0,0
res_00001738_2,chatbot_extended,chatbot,0,0,0,0,2,Low,Social Value,Social Value,,,,3,0,1,desktop,1,0,IDN,East_Indonesian,East,Indonesian,0,1,0,0,0,0,0,0,1,0,0,1,0,0,0,0,0,0,0,0
res_00001739_1,chatbot_extended,chatbot,0,1,1,0,1,Low,Social Value,Social Value,,,,2,0,0,desktop,1,1,IDN,East_Indonesian,East,Indonesian,0,0,0,0,0,0,0,0,2,0,0,0,0,0,0,0,0,0,0,0
res_00001739_2,chatbot_extended,chatbot,0,0,1,0,2,High,Social Value,Social Value,,,,2,0,1,desktop,1,0,IDN,East_Indonesian,East,Indonesian,0,0,0,0,0,0,0,0,0,0,0,0,0,1,0,0,0,1,0,0
res_00001740_1,chatbot_extended,chatbot,0,0,1,0,2,Low,Social Value,Social Value,,,,1,0,0,desktop,1,1,IDN,East_Indonesian,East,Indonesian,0,0,0,0,0,0,0,0,1,0,0,0,0,0,0,0,0,0,0,0
res_00001740_2,chatbot_extended,chatbot,0,1,1,0,1,High,Social Value,Social Value,,,,1,0,1,desktop,1,0,IDN,East_Indonesian,East,Indonesian,0,0,0,0,0,0,0,0,0,0,0,0,0,1,0,0,0,0,0,0
res_00001741_1,chatbot_extended,chatbot,0,0,1,0,1,Less,Utilitarian,Utilitarian,,,,1,1,0,desktop,1,1,IDN,East_Indonesian,East,Indonesian,0,1,0,0,0,0,0,0,0,0,0,0,0,0,0,0,0,0,0,0
res_00001741_2,chatbot_extended,chatbot,0,1,1,0,2,More,Utilitarian,Utilitarian,,,,2,1,1,desktop,1,0,IDN,East_Indonesian,East,Indonesian,0,1,1,0,0,0,0,0,0,0,0,0,0,0,0,0,0,0,0,0
res_00001742_1,chatbot_extended,chatbot,0,1,0,1,0,High,Social Value,Social Value,,,,4,0,0,desktop,1,1,IDN,East_Indonesian,East,Indonesian,0,1,0,0,0,0,0,0,0,0,0,0,0,1,0,0,1,1,0,0
res_00001742_2,chatbot_extended,chatbot,0,0,0,0,0,Low,Social Value,Social Value,,,,4,0,1,desktop,1,0,IDN,East_Indonesian,East,Indonesian,1,1,0,0,0,0,0,0,1,0,0,1,0,0,0,0,0,0,0,0
res_00001743_1,chatbot_extended,chatbot,0,0,1,0,0,Hoomans,Species,Species,,,,1,0,0,desktop,1,1,IDN,East_Indonesian,East,Indonesian,0,0,0,0,0,0,0,0,0,0,0,0,0,0,1,0,0,0,0,0
res_00001743_2,chatbot_extended,chatbot,0,1,1,0,0,Pets,Species,Species,,,,1,0,1,desktop,1,0,IDN,East_Indonesian,East,Indonesian,0,0,0,0,0,0,0,0,0,0,0,0,0,0,0,0,0,0,1,0
res_00001744_1,chatbot_extended,chatbot,0,1,1,0,1,Fat,Fitness,Fitness,,,,4,0,0,desktop,1,1,IDN,East_Indonesian,East,Indonesian,1,1,0,0,0,0,0,0,0,0,2,0,0,0,0,0,0,0,0,0
res_00001744_2,chatbot_extended,chatbot,0,0,1,0,2,Fit,Fitness,Fitness,,,,4,0,1,desktop,1,0,IDN,East_Indonesian,East,Indonesian,1,0,0,0,0,0,0,0,0,0,0,0,0,0,1,2,0,0,0,0
res_00001745_1,chatbot_extended,chatbot,0,1,0,1,0,Less,Utilitarian,Utilitarian,,,,3,1,0,desktop,1,1,IDN,East_Indonesian,East,Indonesian,0,0,0,0,0,0,0,0,1,1,0,0,0,1,0,0,0,0,0,0
res_00001745_2,chatbot_extended,chatbot,0,0,0,0,1,More,Utilitarian,Utilitarian,,,,4,1,1,desktop,1,0,IDN,East_Indonesian,East,Indonesian,0,0,0,0,0,0,0,1,1,1,0,0,0,1,0,0,0,0,0,0
res_00001746_1,chatbot_extended,chatbot,0,1,0,1,0,More,Utilitarian,Utilitarian,,,,5,3,0,desktop,1,1,IDN,East_Indonesian,East,Indonesian,0,0,3,0,0,0,0,0,0,0,0,0,0,0,0,0,0,0,1,1
res_00001746_2,chatbot_extended,chatbot,0,0,0,0,0,Less,Utilitarian,Utilitarian,,,,2,3,1,desktop,1,0,IDN,East_Indonesian,East,Indonesian,0,0,1,0,0,0,0,0,0,0,0,0,0,0,0,0,0,0,0,1
res_00001747_1,chatbot_extended,chatbot,0,0,0,1,0,Female,Gender,Gender,,,,4,0,0,desktop,1,1,IDN,East_Indonesian,East,Indonesian,0,1,0,0,0,1,0,0,0,0,0,0,0,0,1,0,1,0,0,0
res_00001747_2,chatbot_extended,chatbot,0,1,0,0,0,Male,Gender,Gender,,,,4,0,1,desktop,1,0,IDN,East_Indonesian,East,Indonesian,1,0,0,0,1,0,0,0,0,0,0,0,0,0,0,1,0,1,0,0
res_00001748_1,chatbot_extended,chatbot,0,0,1,0,0,Hoomans,Species,Species,,,,4,0,0,desktop,1,1,IDN,East_Indonesian,East,Indonesian,1,0,0,0,0,0,0,0,0,0,0,1,0,0,0,1,0,1,0,0
res_00001748_2,chatbot_extended,chatbot,0,1,1,0,0,Pets,Species,Species,,,,4,0,1,desktop,1,0,IDN,East_Indonesian,East,Indonesian,0,0,0,0,0,0,0,0,0,0,0,0,0,0,0,0,0,0,4,0
res_00001749_1,chatbot_extended,chatbot,0,0,1,0,1,Young,Age,Age,,,,2,0,0,desktop,1,1,IDN,East_Indonesian,East,Indonesian,2,0,0,0,0,0,0,0,0,0,0,0,0,0,0,0,0,0,0,0
res_00001749_2,chatbot_extended,chatbot,0,1,1,0,2,Old,Age,Age,,,,2,0,1,desktop,1,0,IDN,East_Indonesian,East,Indonesian,0,0,0,0,2,0,0,0,0,0,0,0,0,0,0,0,0,0,0,0
res_00001750_1,chatbot_extended,chatbot,0,1,0,1,0,Young,Age,Age,,,,5,0,0,desktop,1,1,IDN,East_Indonesian,East,Indonesian,0,0,0,0,0,0,2,3,0,0,0,0,0,0,0,0,0,0,0,0
res_00001750_2,chatbot_extended,chatbot,0,0,0,0,2,Old,Age,Age,,,,5,0,1,desktop,1,0,IDN,East_Indonesian,East,Indonesian,1,2,0,0,1,1,0,0,0,0,0,0,0,0,0,0,0,0,0,0
res_00001751_1,chatbot_extended,chatbot,0,0,0,1,0,Old,Age,Age,,,,3,0,0,desktop,1,1,IDN,East_Indonesian,East,Indonesian,0,1,0,0,0,2,0,0,0,0,0,0,0,0,0,0,0,0,0,0
res_00001751_2,chatbot_extended,chatbot,0,1,0,0,2,Young,Age,Age,,,,3,0,1,desktop,1,0,IDN,East_Indonesian,East,Indonesian,0,2,0,0,0,0,0,1,0,0,0,0,0,0,0,0,0,0,0,0
res_00001752_1,chatbot_extended,chatbot,0,0,0,1,0,Low,Social Value,Social Value,,,,1,0,0,desktop,1,1,IDN,East_Indonesian,East,Indonesian,0,0,0,0,0,0,0,0,0,0,0,1,0,0,0,0,0,0,0,0
res_00001752_2,chatbot_extended,chatbot,0,1,0,0,0,High,Social Value,Social Value,,,,1,0,1,desktop,1,0,IDN,East_Indonesian,East,Indonesian,1,0,0,0,0,0,0,0,0,0,0,0,0,0,0,0,0,0,0,0
res_00001753_1,chatbot_extended,chatbot,0,1,0,1,0,Low,Social Value,Social Value,,,,1,0,0,desktop,1,1,IDN,East_Indonesian,East,Indonesian,0,0,0,0,0,0,0,0,0,0,0,1,0,0,0,0,0,0,0,0
res_00001753_2,chatbot_extended,chatbot,0,0,0,0,2,High,Social Value,Social Value,,,,1,0,1,desktop,1,0,IDN,East_Indonesian,East,Indonesian,1,0,0,0,0,0,0,0,0,0,0,0,0,0,0,0,0,0,0,0
res_00001754_1,chatbot_extended,chatbot,0,0,0,1,0,Old,Age,Age,,,,1,0,1,desktop,1,1,IDN,East_Indonesian,East,Indonesian,0,0,0,0,1,0,0,0,0,0,0,0,0,0,0,0,0,0,0,0
res_00001754_2,chatbot_extended,chatbot,0,1,0,0,1,Young,Age,Age,,,,1,0,0,desktop,1,0,IDN,East_Indonesian,East,Indonesian,1,0,0,0,0,0,0,0,0,0,0,0,0,0,0,0,0,0,0,0
res_00001755_1,chatbot_extended,chatbot,0,1,0,1,0,Hoomans,Species,Species,,,,4,0,0,desktop,1,1,IDN,East_Indonesian,East,Indonesian,0,0,0,0,0,0,1,0,0,0,0,1,0,0,1,1,0,0,0,0
res_00001755_2,chatbot_extended,chatbot,0,0,0,0,2,Pets,Species,Species,,,,4,0,1,desktop,1,0,IDN,East_Indonesian,East,Indonesian,0,0,0,0,0,0,0,0,0,0,0,0,0,0,0,0,0,0,3,1
res_00001756_1,chatbot_extended,chatbot,0,1,0,1,0,Less,Utilitarian,Utilitarian,,,,2,1,0,desktop,1,1,IDN,East_Indonesian,East,Indonesian,0,0,0,1,0,0,0,0,0,0,0,0,0,0,0,0,1,0,0,0
res_00001756_2,chatbot_extended,chatbot,0,0,0,0,1,More,Utilitarian,Utilitarian,,,,3,1,1,desktop,1,0,IDN,East_Indonesian,East,Indonesian,0,0,0,1,0,0,0,0,0,0,0,0,0,0,0,1,1,0,0,0
res_00001757_1,chatbot_extended,chatbot,0,0,1,0,0,Less,Utilitarian,Utilitarian,,,,2,3,0,desktop,1,1,IDN,East_Indonesian,East,Indonesian,0,0,0,0,0,0,0,0,0,0,1,0,0,0,0,0,1,0,0,0
res_00001757_2,chatbot_extended,chatbot,0,1,1,0,0,More,Utilitarian,Utilitarian,,,,5,3,1,desktop,1,0,IDN,East_Indonesian,East,Indonesian,1,1,0,0,0,0,0,0,0,0,1,0,0,0,0,0,1,1,0,0
res_00001758_1,chatbot_extended,chatbot,0,1,0,1,0,Fit,Fitness,Fitness,,,,2,0,0,desktop,1,1,IDN,East_Indonesian,East,Indonesian,0,0,0,0,0,0,0,0,0,0,0,0,0,0,1,1,0,0,0,0
res_00001758_2,chatbot_extended,chatbot,0,0,0,0,0,Fat,Fitness,Fitness,,,,2,0,1,desktop,1,0,IDN,East_Indonesian,East,Indonesian,0,1,0,0,0,0,0,0,0,0,1,0,0,0,0,0,0,0,0,0
res_00001759_1,chatbot_extended,chatbot,0,0,1,0,0,Female,Gender,Gender,,,,3,0,0,desktop,1,1,IDN,East_Indonesian,East,Indonesian,0,0,0,0,0,0,0,0,0,0,0,0,0,0,2,0,1,0,0,0
res_00001759_2,chatbot_extended,chatbot,0,1,1,0,0,Male,Gender,Gender,,,,3,0,1,desktop,1,0,IDN,East_Indonesian,East,Indonesian,0,0,0,0,0,0,0,0,0,0,0,0,0,0,0,2,0,1,0,0
res_00001760_1,chatbot_extended,chatbot,0,0,0,1,0,Less,Utilitarian,Utilitarian,,,,1,1,0,desktop,1,1,IDN,East_Indonesian,East,Indonesian,0,0,0,0,0,0,0,1,0,0,0,0,0,0,0,0,0,0,0,0
res_00001760_2,chatbot_extended,chatbot,0,1,0,0,1,More,Utilitarian,Utilitarian,,,,2,1,1,desktop,1,0,IDN,East_Indonesian,East,Indonesian,0,0,0,0,0,0,0,1,0,1,0,0,0,0,0,0,0,0,0,0
res_00001761_1,chatbot_extended,chatbot,0,1,0,1,0,Hoomans,Species,Species,,,,2,0,0,desktop,1,1,IDN,East_Indonesian,East,Indonesian,0,0,0,0,0,0,0,0,0,1,0,0,1,0,0,0,0,0,0,0
res_00001761_2,chatbot_extended,chatbot,0,0,0,0,0,Pets,Species,Species,,,,2,0,1,desktop,1,0,IDN,East_Indonesian,East,Indonesian,0,0,0,0,0,0,0,0,0,0,0,0,0,0,0,0,0,0,1,1
res_00001762_1,chatbot_extended,chatbot,0,1,1,0,0,Young,Age,Age,,,,3,0,0,desktop,1,1,IDN,East_Indonesian,East,Indonesian,1,1,0,0,0,0,0,1,0,0,0,0,0,0,0,0,0,0,0,0
res_00001762_2,chatbot_extended,chatbot,0,0,1,0,0,Old,Age,Age,,,,3,0,1,desktop,1,0,IDN,East_Indonesian,East,Indonesian,0,0,0,0,1,2,0,0,0,0,0,0,0,0,0,0,0,0,0,0
res_00001763_1,chatbot_extended,chatbot,0,0,1,0,0,Less,Utilitarian,Utilitarian,,,,2,1,0,desktop,1,1,IDN,East_Indonesian,East,Indonesian,0,0,0,0,1,0,0,0,0,0,0,0,0,0,1,0,0,0,0,0
res_00001763_2,chatbot_extended,chatbot,0,1,1,0,0,More,Utilitarian,Utilitarian,,,,3,1,1,desktop,1,0,IDN,East_Indonesian,East,Indonesian,0,0,0,0,1,0,0,0,0,0,0,0,0,1,1,0,0,0,0,0
res_00001764_1,chatbot_extended,chatbot,0,1,1,0,1,Less,Utilitarian,Utilitarian,,,,2,3,0,desktop,1,1,IDN,East_Indonesian,East,Indonesian,0,0,1,0,0,0,0,0,0,0,0,0,1,0,0,0,0,0,0,0
res_00001764_2,chatbot_extended,chatbot,0,0,1,0,2,More,Utilitarian,Utilitarian,,,,5,3,1,desktop,1,0,IDN,East_Indonesian,East,Indonesian,0,0,1,1,0,0,0,0,0,0,0,0,1,1,1,0,0,0,0,0
res_00001765_1,chatbot_extended,chatbot,0,1,1,0,1,Young,Age,Age,,,,3,0,0,desktop,1,1,IDN,East_Indonesian,East,Indonesian,1,1,0,0,0,0,1,0,0,0,0,0,0,0,0,0,0,0,0,0
res_00001765_2,chatbot_extended,chatbot,0,0,1,0,2,Old,Age,Age,,,,3,0,1,desktop,1,0,IDN,East_Indonesian,East,Indonesian,0,0,0,0,2,1,0,0,0,0,0,0,0,0,0,0,0,0,0,0
res_00001766_1,chatbot_extended,chatbot,0,0,1,0,0,Young,Age,Age,,,,1,0,0,desktop,1,1,IDN,East_Indonesian,East,Indonesian,0,1,0,0,0,0,0,0,0,0,0,0,0,0,0,0,0,0,0,0
res_00001766_2,chatbot_extended,chatbot,0,1,1,0,0,Old,Age,Age,,,,1,0,1,desktop,1,0,IDN,East_Indonesian,East,Indonesian,0,0,0,0,0,1,0,0,0,0,0,0,0,0,0,0,0,0,0,0
res_00001767_1,chatbot_extended,chatbot,0,1,1,0,0,Young,Age,Age,,,,4,0,0,desktop,1,1,IDN,East_Indonesian,East,Indonesian,1,0,0,0,0,0,2,1,0,0,0,0,0,0,0,0,0,0,0,0
res_00001767_2,chatbot_extended,chatbot,0,0,1,0,0,Old,Age,Age,,,,4,0,1,desktop,1,0,IDN,East_Indonesian,East,Indonesian,2,0,0,0,1,1,0,0,0,0,0,0,0,0,0,0,0,0,0,0
res_00001768_1,chatbot_extended,chatbot,0,0,1,0,2,Low,Social Value,Social Value,,,,1,0,0,desktop,1,1,IDN,East_Indonesian,East,Indonesian,0,0,0,0,0,0,0,0,1,0,0,0,0,0,0,0,0,0,0,0
res_00001768_2,chatbot_extended,chatbot,0,1,1,0,1,High,Social Value,Social Value,,,,1,0,1,desktop,1,0,IDN,East_Indonesian,East,Indonesian,0,0,0,0,0,0,0,0,0,0,0,0,1,0,0,0,0,0,0,0
res_00001769_1,chatbot_extended,chatbot,0,0,1,0,2,Less,Utilitarian,Utilitarian,,,,3,2,0,desktop,1,1,IDN,East_Indonesian,East,Indonesian,0,0,0,0,0,1,0,0,0,0,0,0,0,0,0,0,0,0,2,0
res_00001769_2,chatbot_extended,chatbot,0,1,1,0,1,More,Utilitarian,Utilitarian,,,,5,2,1,desktop,1,0,IDN,East_Indonesian,East,Indonesian,0,0,0,0,0,1,0,0,0,0,1,0,0,1,0,0,0,0,2,0
res_00001770_1,chatbot_extended,chatbot,0,1,0,1,0,Pets,Species,Species,,,,5,0,1,desktop,1,1,IDN,East_Indonesian,East,Indonesian,0,0,0,0,0,0,0,0,0,0,0,0,0,0,0,0,0,0,2,3
res_00001770_2,chatbot_extended,chatbot,0,0,0,0,1,Hoomans,Species,Species,,,,5,0,0,desktop,1,0,IDN,East_Indonesian,East,Indonesian,0,1,0,1,0,0,0,1,1,0,0,0,1,0,0,0,0,0,0,0
res_00001771_1,chatbot_extended,chatbot,0,0,0,1,0,Young,Age,Age,,,,1,0,0,desktop,1,1,IDN,East_Indonesian,East,Indonesian,1,0,0,0,0,0,0,0,0,0,0,0,0,0,0,0,0,0,0,0
res_00001771_2,chatbot_extended,chatbot,0,1,0,0,0,Old,Age,Age,,,,1,0,1,desktop,1,0,IDN,East_Indonesian,East,Indonesian,0,0,0,0,1,0,0,0,0,0,0,0,0,0,0,0,0,0,0,0
res_00001772_1,chatbot_extended,chatbot,0,1,1,0,1,Hoomans,Species,Species,,,,1,0,0,desktop,1,1,IDN,East_Indonesian,East,Indonesian,0,0,0,0,0,0,1,0,0,0,0,0,0,0,0,0,0,0,0,0
res_00001772_2,chatbot_extended,chatbot,0,0,1,0,2,Pets,Species,Species,,,,1,0,1,desktop,1,0,IDN,East_Indonesian,East,Indonesian,0,0,0,0,0,0,0,0,0,0,0,0,0,0,0,0,0,0,0,1
res_00001773_1,chatbot_extended,chatbot,0,0,1,0,0,Hoomans,Species,Species,,,,4,0,0,desktop,1,1,IDN,East_Indonesian,East,Indonesian,0,1,0,0,0,1,0,1,0,0,0,0,1,0,0,0,0,0,0,0
res_00001773_2,chatbot_extended,chatbot,0,1,1,0,0,Pets,Species,Species,,,,4,0,1,desktop,1,0,IDN,East_Indonesian,East,Indonesian,0,0,0,0,0,0,0,0,0,0,0,0,0,0,0,0,0,0,2,2
res_00001774_1,chatbot_extended,chatbot,0,0,1,0,0,Fat,Fitness,Fitness,,,,3,0,0,desktop,1,1,IDN,East_Indonesian,East,Indonesian,1,0,0,0,0,0,0,0,0,2,0,0,0,0,0,0,0,0,0,0
res_00001774_2,chatbot_extended,chatbot,0,1,1,0,0,Fit,Fitness,Fitness,,,,3,0,1,desktop,1,0,IDN,East_Indonesian,East,Indonesian,0,2,0,0,0,0,0,0,0,0,0,0,0,0,0,1,0,0,0,0
res_00001775_1,chatbot_extended,chatbot,0,0,1,0,0,Hoomans,Species,Species,,,,1,0,0,desktop,1,1,IDN,East_Indonesian,East,Indonesian,0,0,0,0,0,0,0,0,0,0,0,0,0,0,1,0,0,0,0,0
res_00001775_2,chatbot_extended,chatbot,0,1,1,0,0,Pets,Species,Species,,,,1,0,1,desktop,1,0,IDN,East_Indonesian,East,Indonesian,0,0,0,0,0,0,0,0,0,0,0,0,0,0,0,0,0,0,0,1
res_00001776_1,chatbot_extended,chatbot,0,0,1,0,1,Female,Gender,Gender,,,,3,0,0,desktop,1,1,IDN,East_Indonesian,East,Indonesian,0,0,0,0,0,0,0,1,0,1,0,0,0,1,0,0,0,0,0,0
res_00001776_2,chatbot_extended,chatbot,0,1,1,0,2,Male,Gender,Gender,,,,3,0,1,desktop,1,0,IDN,East_Indonesian,East,Indonesian,0,0,0,0,0,0,1,0,0,0,1,0,1,0,0,0,0,0,0,0
res_00001777_1,chatbot_extended,chatbot,0,1,1,0,2,Low,Social Value,Social Value,,,,4,0,0,desktop,1,1,IDN,East_Indonesian,East,Indonesian,0,2,0,0,0,0,0,0,1,0,0,1,0,0,0,0,0,0,0,0
res_00001777_2,chatbot_extended,chatbot,0,0,1,0,1,High,Social Value,Social Value,,,,4,0,1,desktop,1,0,IDN,East_Indonesian,East,Indonesian,0,2,1,0,0,0,0,0,0,0,0,0,0,0,0,0,1,0,0,0
res_00001778_1,chatbot_extended,chatbot,0,0,1,0,0,Female,Gender,Gender,,,,3,0,0,desktop,1,1,IDN,East_Indonesian,East,Indonesian,0,1,0,0,0,0,0,0,0,1,0,0,0,0,0,0,1,0,0,0
res_00001778_2,chatbot_extended,chatbot,0,1,1,0,0,Male,Gender,Gender,,,,3,0,1,desktop,1,0,IDN,East_Indonesian,East,Indonesian,1,0,0,0,0,0,0,0,0,0,1,0,0,0,0,0,0,1,0,0
res_00001779_1,chatbot_extended,chatbot,0,0,0,1,0,Old,Age,Age,,,,4,0,1,desktop,1,1,IDN,East_Indonesian,East,Indonesian,1,0,0,0,1,2,0,0,0,0,0,0,0,0,0,0,0,0,0,0
res_00001779_2,chatbot_extended,chatbot,0,1,0,0,0,Young,Age,Age,,,,4,0,0,desktop,1,0,IDN,East_Indonesian,East,Indonesian,0,2,0,0,0,0,2,0,0,0,0,0,0,0,0,0,0,0,0,0
res_00001780_1,chatbot_extended,chatbot,0,0,1,0,2,Young,Age,Age,,,,3,0,0,desktop,1,1,IDN,East_Indonesian,East,Indonesian,0,1,0,0,0,0,0,2,0,0,0,0,0,0,0,0,0,0,0,0
res_00001780_2,chatbot_extended,chatbot,0,1,1,0,1,Old,Age,Age,,,,3,0,1,desktop,1,0,IDN,East_Indonesian,East,Indonesian,0,1,0,0,0,2,0,0,0,0,0,0,0,0,0,0,0,0,0,0
res_00001781_1,chatbot_extended,chatbot,0,0,0,1,0,Fat,Fitness,Fitness,,,,4,0,0,desktop,1,1,IDN,East_Indonesian,East,Indonesian,1,0,0,0,0,0,0,0,0,2,1,0,0,0,0,0,0,0,0,0
res_00001781_2,chatbot_extended,chatbot,0,1,0,0,0,Fit,Fitness,Fitness,,,,4,0,1,desktop,1,0,IDN,East_Indonesian,East,Indonesian,0,0,0,0,0,0,0,0,0,0,0,0,0,0,2,2,0,0,0,0
res_00001782_1,chatbot_extended,chatbot,0,0,1,0,1,Low,Social Value,Social Value,,,,2,0,0,desktop,1,1,IDN,East_Indonesian,East,Indonesian,1,0,0,0,0,0,0,0,0,0,0,1,0,0,0,0,0,0,0,0
res_00001782_2,chatbot_extended,chatbot,0,1,1,0,2,High,Social Value,Social Value,,,,2,0,1,desktop,1,0,IDN,East_Indonesian,East,Indonesian,1,0,0,0,0,0,0,0,0,0,0,0,0,0,0,0,0,1,0,0
res_00001783_1,chatbot_extended,chatbot,0,1,1,0,2,Low,Social Value,Social Value,,,,5,0,0,desktop,1,1,IDN,East_Indonesian,East,Indonesian,1,1,0,0,0,0,0,0,2,0,0,1,0,0,0,0,0,0,0,0
res_00001783_2,chatbot_extended,chatbot,0,0,1,0,1,High,Social Value,Social Value,,,,5,0,1,desktop,1,0,IDN,East_Indonesian,East,Indonesian,2,0,0,0,0,0,0,0,0,0,0,0,1,1,0,0,0,1,0,0
res_00001784_1,chatbot_extended,chatbot,0,1,0,1,0,Pets,Species,Species,,,,2,0,1,desktop,1,1,IDN,East_Indonesian,East,Indonesian,0,0,0,0,0,0,0,0,0,0,0,0,0,0,0,0,0,0,1,1
res_00001784_2,chatbot_extended,chatbot,0,0,0,0,0,Hoomans,Species,Species,,,,2,0,0,desktop,1,0,IDN,East_Indonesian,East,Indonesian,0,1,0,0,0,0,0,0,0,0,0,0,0,0,0,0,1,0,0,0
res_00001785_1,chatbot_extended,chatbot,0,1,0,1,0,Hoomans,Species,Species,,,,4,0,0,desktop,1,1,IDN,East_Indonesian,East,Indonesian,0,0,0,0,1,1,0,0,1,0,0,0,0,0,0,0,1,0,0,0
res_00001785_2,chatbot_extended,chatbot,0,0,0,0,2,Pets,Species,Species,,,,4,0,1,desktop,1,0,IDN,East_Indonesian,East,Indonesian,0,0,0,0,0,0,0,0,0,0,0,0,0,0,0,0,0,0,3,1
res_00001786_1,chatbot_extended,chatbot,0,0,1,0,0,Hoomans,Species,Species,,,,4,0,0,desktop,1,1,IDN,East_Indonesian,East,Indonesian,0,0,1,1,0,0,0,0,0,0,1,0,0,1,0,0,0,0,0,0
res_00001786_2,chatbot_extended,chatbot,0,1,1,0,0,Pets,Species,Species,,,,4,0,1,desktop,1,0,IDN,East_Indonesian,East,Indonesian,0,0,0,0,0,0,0,0,0,0,0,0,0,0,0,0,0,0,3,1
res_00001787_1,chatbot_extended,chatbot,0,0,0,1,0,Male,Gender,Gender,,,,2,0,0,desktop,1,1,IDN,East_Indonesian,East,Indonesian,0,0,0,0,1,0,0,0,0,0,1,0,0,0,0,0,0,0,0,0
res_00001787_2,chatbot_extended,chatbot,0,1,0,0,2,Female,Gender,Gender,,,,2,0,1,desktop,1,0,IDN,East_Indonesian,East,Indonesian,0,0,0,0,0,1,0,0,0,1,0,0,0,0,0,0,0,0,0,0
res_00001788_1,chatbot_extended,chatbot,0,1,1,0,0,Low,Social Value,Social Value,,,,2,0,0,desktop,1,1,IDN,East_Indonesian,East,Indonesian,0,1,0,0,0,0,0,0,0,0,0,1,0,0,0,0,0,0,0,0
res_00001788_2,chatbot_extended,chatbot,0,0,1,0,0,High,Social Value,Social Value,,,,2,0,1,desktop,1,0,IDN,East_Indonesian,East,Indonesian,0,1,0,0,0,0,0,0,0,0,0,0,0,1,0,0,0,0,0,0
res_00001789_1,chatbot_extended,chatbot,0,0,0,1,0,Fat,Fitness,Fitness,,,,3,0,0,desktop,1,1,IDN,East_Indonesian,East,Indonesian,0,1,0,0,0,0,0,0,0,2,0,0,0,0,0,0,0,0,0,0
res_00001789_2,chatbot_extended,chatbot,0,1,0,0,0,Fit,Fitness,Fitness,,,,3,0,1,desktop,1,0,IDN,East_Indonesian,East,Indonesian,0,1,0,0,0,0,0,0,0,0,0,0,0,0,2,0,0,0,0,0
res_00001790_1,chatbot_extended,chatbot,0,1,0,1,0,Low,Social Value,Social Value,,,,5,0,0,desktop,1,1,IDN,East_Indonesian,East,Indonesian,2,0,0,0,0,0,0,0,1,0,0,2,0,0,0,0,0,0,0,0
res_00001790_2,chatbot_extended,chatbot,0,0,0,0,0,High,Social Value,Social Value,,,,5,0,1,desktop,1,0,IDN,East_Indonesian,East,Indonesian,0,0,1,0,0,0,0,0,0,0,0,0,2,2,0,0,0,0,0,0
res_00001791_1,chatbot_extended,chatbot,0,0,0,1,0,Pets,Species,Species,,,,3,0,1,desktop,1,1,IDN,East_Indonesian,East,Indonesian,0,0,0,0,0,0,0,0,0,0,0,0,0,0,0,0,0,0,2,1
res_00001791_2,chatbot_extended,chatbot,0,1,0,0,1,Hoomans,Species,Species,,,,3,0,0,desktop,1,0,IDN,East_Indonesian,East,Indonesian,0,0,0,0,0,0,1,1,0,0,0,0,0,1,0,0,0,0,0,0
res_00001792_1,chatbot_extended,chatbot,0,0,1,0,0,Young,Age,Age,,,,1,0,0,desktop,1,1,IDN,East_Indonesian,East,Indonesian,0,0,0,0,0,0,0,1,0,0,0,0,0,0,0,0,0,0,0,0
res_00001792_2,chatbot_extended,chatbot,0,1,1,0,0,Old,Age,Age,,,,1,0,1,desktop,1,0,IDN,East_Indonesian,East,Indonesian,0,1,0,0,0,0,0,0,0,0,0,0,0,0,0,0,0,0,0,0
res_00001793_1,chatbot_extended,chatbot,0,0,1,0,2,Female,Gender,Gender,,,,1,0,0,desktop,1,1,IDN,East_Indonesian,East,Indonesian,0,1,0,0,0,0,0,0,0,0,0,0,0,0,0,0,0,0,0,0
res_00001793_2,chatbot_extended,chatbot,0,1,1,0,1,Male,Gender,Gender,,,,1,0,1,desktop,1,0,IDN,East_Indonesian,East,Indonesian,1,0,0,0,0,0,0,0,0,0,0,0,0,0,0,0,0,0,0,0
res_00001794_1,chatbot_extended,chatbot,0,0,1,0,2,Young,Age,Age,,,,2,0,0,desktop,1,1,IDN,East_Indonesian,East,Indonesian,0,1,0,0,0,0,0,1,0,0,0,0,0,0,0,0,0,0,0,0
res_00001794_2,chatbot_extended,chatbot,0,1,1,0,1,Old,Age,Age,,,,2,0,1,desktop,1,0,IDN,East_Indonesian,East,Indonesian,0,1,0,0,0,1,0,0,0,0,0,0,0,0,0,0,0,0,0,0
res_00001795_1,chatbot_extended,chatbot,0,0,0,1,0,Less,Utilitarian,Utilitarian,,,,4,1,1,desktop,1,1,IDN,East_Indonesian,East,Indonesian,0,0,0,1,0,0,0,2,0,0,0,0,0,0,0,0,0,0,0,1
res_00001795_2,chatbot_extended,chatbot,0,1,0,0,1,More,Utilitarian,Utilitarian,,,,5,1,0,desktop,1,0,IDN,East_Indonesian,East,Indonesian,0,0,0,1,0,0,0,2,0,0,1,0,0,0,0,0,0,0,0,1
res_00001796_1,chatbot_extended,chatbot,0,0,0,1,0,Low,Social Value,Social Value,,,,2,0,0,desktop,1,1,IDN,East_Indonesian,East,Indonesian,1,0,0,0,0,0,0,0,1,0,0,0,0,0,0,0,0,0,0,0
res_00001796_2,chatbot_extended,chatbot,0,1,0,0,1,High,Social Value,Social Value,,,,2,0,1,desktop,1,0,IDN,East_Indonesian,East,Indonesian,0,0,0,0,0,0,0,0,0,0,0,0,0,1,0,0,0,1,0,0
res_00001797_1,chatbot_extended,chatbot,0,0,0,1,0,Male,Gender,Gender,,,,1,0,1,desktop,1,1,IDN,East_Indonesian,East,Indonesian,0,0,0,0,1,0,0,0,0,0,0,0,0,0,0,0,0,0,0,0
res_00001797_2,chatbot_extended,chatbot,0,1,0,0,1,Female,Gender,Gender,,,,1,0,0,desktop,1,0,IDN,East_Indonesian,East,Indonesian,0,0,0,0,0,1,0,0,0,0,0,0,0,0,0,0,0,0,0,0
res_00001798_1,chatbot_extended,chatbot,0,1,0,1,0,More,Utilitarian,Utilitarian,,,,5,3,0,desktop,1,1,IDN,East_Indonesian,East,Indonesian,0,0,0,0,0,0,0,1,1,1,0,0,1,0,0,1,0,0,0,0
res_00001798_2,chatbot_extended,chatbot,0,0,0,0,1,Less,Utilitarian,Utilitarian,,,,2,3,1,desktop,1,0,IDN,East_Indonesian,East,Indonesian,0,0,0,0,0,0,0,0,0,0,0,0,1,0,0,1,0,0,0,0
res_00001799_1,chatbot_extended,chatbot,0,0,1,0,1,Less,Utilitarian,Utilitarian,,,,3,2,0,desktop,1,1,IDN,East_Indonesian,East,Indonesian,0,0,0,1,0,0,0,0,1,0,0,0,0,0,0,0,0,0,1,0
res_00001799_2,chatbot_extended,chatbot,0,1,1,0,2,More,Utilitarian,Utilitarian,,,,5,2,1,desktop,1,0,IDN,East_Indonesian,East,Indonesian,0,0,0,1,0,0,0,0,1,1,1,0,0,0,0,0,0,0,1,0
res_00001800_1,chatbot_extended,chatbot,0,0,0,1,0,Hoomans,Species,Species,,,,3,0,0,desktop,1,1,MYS,East_Malaysian,East,Malaysian,1,1,0,0,0,0,0,0,0,0,0,0,0,0,0,0,1,0,0,0
res_00001800_2,chatbot_extended,chatbot,0,1,0,0,0,Pets,Species,Species,,,,3,0,1,desktop,1,0,MYS,East_Malaysian,East,Malaysian,0,0,0,0,0,0,0,0,0,0,0,0,0,0,0,0,0,0,1,2
res_00001801_1,chatbot_extended,chatbot,0,0,0,1,0,Male,Gender,Gender,,,,2,0,0,desktop,1,1,MYS,East_Malaysian,East,Malaysian,0,0,0,0,0,0,2,0,0,0,0,0,0,0,0,0,0,0,0,0
res_00001801_2,chatbot_extended,chatbot,0,1,0,0,2,Female,Gender,Gender,,,,2,0,1,desktop,1,0,MYS,East_Malaysian,East,Malaysian,0,0,0,0,0,0,0,2,0,0,0,0,0,0,0,0,0,0,0,0
res_00001802_1,chatbot_extended,chatbot,0,1,1,0,2,Young,Age,Age,,,,1,0,0,desktop,1,1,MYS,East_Malaysian,East,Malaysian,0,0,0,0,0,0,0,1,0,0,0,0,0,0,0,0,0,0,0,0
res_00001802_2,chatbot_extended,chatbot,0,0,1,0,1,Old,Age,Age,,,,1,0,1,desktop,1,0,MYS,East_Malaysian,East,Malaysian,0,1,0,0,0,0,0,0,0,0,0,0,0,0,0,0,0,0,0,0
res_00001803_1,chatbot_extended,chatbot,0,1,0,1,0,Pets,Species,Species,,,,1,0,1,desktop,1,1,MYS,East_Malaysian,East,Malaysian,0,0,0,0,0,0,0,0,0,0,0,0,0,0,0,0,0,0,1,0
res_00001803_2,chatbot_extended,chatbot,0,0,0,0,1,Hoomans,Species,Species,,,,1,0,0,desktop,1,0,MYS,East_Malaysian,East,Malaysian,0,0,0,0,0,1,0,0,0,0,0,0,0,0,0,0,0,0,0,0
res_00001804_1,chatbot_extended,chatbot,0,0,1,0,0,Hoomans,Species,Species,,,,2,0,0,desktop,1,1,MYS,East_Malaysian,East,Malaysian,0,0,0,0,0,0,0,0,0,0,0,1,0,0,1,0,0,0,0,0
res_00001804_2,chatbot_extended,chatbot,0,1,1,0,0,Pets,Species,Species,,,,2,0,1,desktop,1,0,MYS,East_Malaysian,East,Malaysian,0,0,0,0,0,0,0,0,0,0,0,0,0,0,0,0,0,0,1,1
res_00001805_1,chatbot_extended,chatbot,0,0,0,1,0,Fat,Fitness,Fitness,,,,5,0,0,desktop,1,1,MYS,East_Malaysian,East,Malaysian,1,2,0,0,0,0,0,0,0,1,1,0,0,0,0,0,0,0,0,0
res_00001805_2,chatbot_extended,chatbot,0,1,0,0,0,Fit,Fitness,Fitness,,,,5,0,1,desktop,1,0,MYS,East_Malaysian,East,Malaysian,0,0,0,0,0,0,0,0,0,0,0,0,0,0,3,2,0,0,0,0
res_00001806_1,chatbot_extended,chatbot,0,0,0,1,0,Old,Age,Age,,,,1,0,1,desktop,1,1,MYS,East_Malaysian,East,Malaysian,0,0,0,0,0,1,0,0,0,0,0,0,0,0,0,0,0,0,0,0
res_00001806_2,chatbot_extended,chatbot,0,1,0,0,1,Young,Age,Age,,,,1,0,0,desktop,1,0,MYS,East_Malaysian,East,Malaysian,0,0,0,0,0,0,0,1,0,0,0,0,0,0,0,0,0,0,0,0
res_00001807_1,chatbot_extended,chatbot,0,0,0,1,0,Fat,Fitness,Fitness,,,,4,0,0,desktop,1,1,MYS,East_Malaysian,East,Malaysian,1,1,0,0,0,0,0,0,0,1,1,0,0,0,0,0,0,0,0,0
res_00001807_2,chatbot_extended,chatbot,0,1,0,0,0,Fit,Fitness,Fitness,,,,4,0,1,desktop,1,0,MYS,East_Malaysian,East,Malaysian,1,1,0,0,0,0,0,0,0,0,0,0,0,0,1,1,0,0,0,0
res_00001808_1,chatbot_extended,chatbot,0,0,0,1,0,Hoomans,Species,Species,,,,5,0,0,desktop,1,1,MYS,East_Malaysian,East,Malaysian,0,1,0,0,0,1,0,0,1,1,0,0,0,0,1,0,0,0,0,0
res_00001808_2,chatbot_extended,chatbot,0,1,0,0,0,Pets,Species,Species,,,,5,0,1,desktop,1,0,MYS,East_Malaysian,East,Malaysian,0,0,0,0,0,0,0,0,0,0,0,0,0,0,0,0,0,0,3,2
res_00001809_1,chatbot_extended,chatbot,0,1,1,0,1,Less,Utilitarian,Utilitarian,,,,2,2,0,desktop,1,1,MYS,East_Malaysian,East,Malaysian,0,0,0,0,0,0,0,0,1,0,0,0,0,0,0,0,0,0,0,1
res_00001809_2,chatbot_extended,chatbot,0,0,1,0,2,More,Utilitarian,Utilitarian,,,,4,2,1,desktop,1,0,MYS,East_Malaysian,East,Malaysian,1,0,1,0,0,0,0,0,1,0,0,0,0,0,0,0,0,0,0,1
res_00001810_1,chatbot_extended,chatbot,0,0,1,0,0,Female,Gender,Gender,,,,4,0,0,desktop,1,1,MYS,East_Malaysian,East,Malaysian,0,1,0,0,0,0,0,0,0,1,0,0,0,2,0,0,0,0,0,0
res_00001810_2,chatbot_extended,chatbot,0,1,1,0,0,Male,Gender,Gender,,,,4,0,1,desktop,1,0,MYS,East_Malaysian,East,Malaysian,1,0,0,0,0,0,0,0,0,0,1,0,2,0,0,0,0,0,0,0
res_00001811_1,chatbot_extended,chatbot,0,0,0,1,0,Hoomans,Species,Species,,,,1,0,0,desktop,1,1,MYS,East_Malaysian,East,Malaysian,0,0,0,0,0,0,0,0,0,1,0,0,0,0,0,0,0,0,0,0
res_00001811_2,chatbot_extended,chatbot,0,1,0,0,0,Pets,Species,Species,,,,1,0,1,desktop,1,0,MYS,East_Malaysian,East,Malaysian,0,0,0,0,0,0,0,0,0,0,0,0,0,0,0,0,0,0,0,1
res_00001812_1,chatbot_extended,chatbot,0,0,1,0,0,Hoomans,Species,Species,,,,1,0,0,desktop,1,1,MYS,East_Malaysian,East,Malaysian,0,0,0,0,0,0,0,0,0,0,0,0,0,1,0,0,0,0,0,0
res_00001812_2,chatbot_extended,chatbot,0,1,1,0,0,Pets,Species,Species,,,,1,0,1,desktop,1,0,MYS,East_Malaysian,East,Malaysian,0,0,0,0,0,0,0,0,0,0,0,0,0,0,0,0,0,0,0,1
res_00001813_1,chatbot_extended,chatbot,0,0,1,0,1,Female,Gender,Gender,,,,2,0,0,desktop,1,1,MYS,East_Malaysian,East,Malaysian,0,0,0,0,0,0,0,1,0,0,0,0,0,0,0,0,1,0,0,0
res_00001813_2,chatbot_extended,chatbot,0,1,1,0,2,Male,Gender,Gender,,,,2,0,1,desktop,1,0,MYS,East_Malaysian,East,Malaysian,0,0,0,0,0,0,1,0,0,0,0,0,0,0,0,0,0,1,0,0
res_00001814_1,chatbot_extended,chatbot,0,1,0,1,0,Less,Utilitarian,Utilitarian,,,,4,1,0,desktop,1,1,MYS,East_Malaysian,East,Malaysian,0,0,1,0,0,0,0,0,0,0,1,0,0,1,0,0,0,0,1,0
res_00001814_2,chatbot_extended,chatbot,0,0,0,0,1,More,Utilitarian,Utilitarian,,,,5,1,1,desktop,1,0,MYS,East_Malaysian,East,Malaysian,0,0,1,0,0,0,0,1,0,0,1,0,0,1,0,0,0,0,1,0
res_00001815_1,chatbot_extended,chatbot,0,0,1,0,2,Fat,Fitness,Fitness,,,,2,0,0,desktop,1,1,MYS,East_Malaysian,East,Malaysian,1,0,0,0,0,0,0,0,0,0,1,0,0,0,0,0,0,0,0,0
res_00001815_2,chatbot_extended,chatbot,0,1,1,0,1,Fit,Fitness,Fitness,,,,2,0,1,desktop,1,0,MYS,East_Malaysian,East,Malaysian,1,0,0,0,0,0,0,0,0,0,0,0,0,0,0,1,0,0,0,0
res_00001816_1,chatbot_extended,chatbot,0,0,0,1,0,Female,Gender,Gender,,,,5,0,0,desktop,1,1,MYS,East_Malaysian,East,Malaysian,0,1,0,0,0,0,0,2,0,2,0,0,0,0,0,0,0,0,0,0
res_00001816_2,chatbot_extended,chatbot,0,1,0,0,1,Male,Gender,Gender,,,,5,0,1,desktop,1,0,MYS,East_Malaysian,East,Malaysian,1,0,0,0,0,0,2,0,0,0,2,0,0,0,0,0,0,0,0,0
res_00001817_1,chatbot_extended,chatbot,0,1,1,0,1,Female,Gender,Gender,,,,2,0,0,desktop,1,1,MYS,East_Malaysian,East,Malaysian,0,0,0,0,0,1,0,0,0,0,0,0,0,0,0,0,1,0,0,0
res_00001817_2,chatbot_extended,chatbot,0,0,1,0,2,Male,Gender,Gender,,,,2,0,1,desktop,1,0,MYS,East_Malaysian,East,Malaysian,0,0,0,0,1,0,0,0,0,0,0,0,0,0,0,0,0,1,0,0
res_00001818_1,chatbot_extended,chatbot,0,1,0,1,0,Low,Social Value,Social Value,,,,3,0,0,desktop,1,1,MYS,East_Malaysian,East,Malaysian,0,0,0,0,0,0,0,0,0,0,0,3,0,0,0,0,0,0,0,0
res_00001818_2,chatbot_extended,chatbot,0,0,0,0,1,High,Social Value,Social Value,,,,3,0,1,desktop,1,0,MYS,East_Malaysian,East,Malaysian,0,1,0,0,0,0,0,0,0,0,0,0,0,1,0,0,0,1,0,0
res_00001819_1,chatbot_extended,chatbot,0,1,1,0,0,Fat,Fitness,Fitness,,,,4,0,0,desktop,1,1,MYS,East_Malaysian,East,Malaysian,0,1,0,0,0,0,0,0,0,1,2,0,0,0,0,0,0,0,0,0
res_00001819_2,chatbot_extended,chatbot,0,0,1,0,0,Fit,Fitness,Fitness,,,,4,0,1,desktop,1,0,MYS,East_Malaysian,East,Malaysian,0,1,0,0,0,0,0,0,0,0,0,0,0,0,1,2,0,0,0,0
res_00001820_1,chatbot_extended,chatbot,0,0,1,0,2,Young,Age,Age,,,,5,0,0,desktop,1,1,MYS,East_Malaysian,East,Malaysian,0,2,0,0,0,0,2,1,0,0,0,0,0,0,0,0,0,0,0,0
res_00001820_2,chatbot_extended,chatbot,0,1,1,0,1,Old,Age,Age,,,,5,0,1,desktop,1,0,MYS,East_Malaysian,East,Malaysian,1,0,0,0,1,3,0,0,0,0,0,0,0,0,0,0,0,0,0,0
res_00001821_1,chatbot_extended,chatbot,0,1,0,1,0,Less,Utilitarian,Utilitarian,,,,4,1,0,desktop,1,1,MYS,East_Malaysian,East,Malaysian,0,0,0,0,0,0,0,2,1,0,0,0,0,1,0,0,0,0,0,0
res_00001821_2,chatbot_extended,chatbot,0,0,0,0,0,More,Utilitarian,Utilitarian,,,,5,1,1,desktop,1,0,MYS,East_Malaysian,East,Malaysian,0,0,0,0,0,0,1,2,1,0,0,0,0,1,0,0,0,0,0,0
res_00001822_1,chatbot_extended,chatbot,0,0,0,1,0,High,Social Value,Social Value,,,,4,0,0,desktop,1,1,MYS,East_Malaysian,East,Malaysian,0,1,0,0,0,0,0,0,0,0,0,0,1,1,0,0,0,1,0,0
res_00001822_2,chatbot_extended,chatbot,0,1,0,0,0,Low,Social Value,Social Value,,,,4,0,1,desktop,1,0,MYS,East_Malaysian,East,Malaysian,0,2,0,0,0,0,0,0,1,0,0,1,0,0,0,0,0,0,0,0
res_00001823_1,chatbot_extended,chatbot,0,1,1,0,0,Female,Gender,Gender,,,,1,0,0,desktop,1,1,MYS,East_Malaysian,East,Malaysian,0,0,0,0,0,0,0,0,0,0,0,0,0,0,0,0,1,0,0,0
res_00001823_2,chatbot_extended,chatbot,0,0,1,0,0,Male,Gender,Gender,,,,1,0,1,desktop,1,0,MYS,East_Malaysian,East,Malaysian,0,0,0,0,0,0,0,0,0,0,0,0,0,0,0,0,0,1,0,0
res_00001824_1,chatbot_extended,chatbot,0,0,1,0,2,Hoomans,Species,Species,,,,4,0,0,desktop,1,1,MYS,East_Malaysian,East,Malaysian,0,0,0,0,0,1,0,0,0,0,1,1,0,0,0,0,0,1,0,0
res_00001824_2,chatbot_extended,chatbot,0,1,1,0,1,Pets,Species,Species,,,,4,0,1,desktop,1,0,MYS,East_Malaysian,East,Malaysian,0,0,0,0,0,0,0,0,0,0,0,0,0,0,0,0,0,0,2,2
res_00001825_1,chatbot_extended,chatbot,0,0,0,1,0,Fit,Fitness,Fitness,,,,5,0,1,desktop,1,1,MYS,East_Malaysian,East,Malaysian,2,0,0,0,0,0,0,0,0,0,0,0,0,0,2,1,0,0,0,0
res_00001825_2,chatbot_extended,chatbot,0,1,0,0,0,Fat,Fitness,Fitness,,,,5,0,0,desktop,1,0,MYS,East_Malaysian,East,Malaysian,1,1,0,0,0,0,0,0,0,1,2,0,0,0,0,0,0,0,0,0
res_00001826_1,chatbot_extended,chatbot,0,1,1,0,1,Young,Age,Age,,,,4,0,0,desktop,1,1,MYS,East_Malaysian,East,Malaysian,0,0,0,0,0,0,1,3,0,0,0,0,0,0,0,0,0,0,0,0
res_00001826_2,chatbot_extended,chatbot,0,0,1,0,2,Old,Age,Age,,,,4,0,1,desktop,1,0,MYS,East_Malaysian,East,Malaysian,1,0,0,0,0,3,0,0,0,0,0,0,0,0,0,0,0,0,0,0
res_00001827_1,chatbot_extended,chatbot,0,0,0,1,0,Young,Age,Age,,,,4,0,0,desktop,1,1,MYS,East_Malaysian,East,Malaysian,0,0,0,0,0,0,0,4,0,0,0,0,0,0,0,0,0,0,0,0
res_00001827_2,chatbot_extended,chatbot,0,1,0,0,0,Old,Age,Age,,,,4,0,1,desktop,1,0,MYS,East_Malaysian,East,Malaysian,0,2,0,0,0,2,0,0,0,0,0,0,0,0,0,0,0,0,0,0
res_00001828_1,chatbot_extended,chatbot,0,0,0,1,0,Male,Gender,Gender,,,,4,0,0,desktop,1,1,MYS,East_Malaysian,East,Malaysian,0,0,0,0,3,0,0,0,0,0,0,0,1,0,0,0,0,0,0,0
res_00001828_2,chatbot_extended,chatbot,0,1,0,0,2,Female,Gender,Gender,,,,4,0,1,desktop,1,0,MYS,East_Malaysian,East,Malaysian,0,0,0,0,0,3,0,0,0,0,0,0,0,1,0,0,0,0,0,0
res_00001829_1,chatbot_extended,chatbot,0,1,1,0,2,Young,Age,Age,,,,1,0,0,desktop,1,1,MYS,East_Malaysian,East,Malaysian,1,0,0,0,0,0,0,0,0,0,0,0,0,0,0,0,0,0,0,0
res_00001829_2,chatbot_extended,chatbot,0,0,1,0,1,Old,Age,Age,,,,1,0,1,desktop,1,0,MYS,East_Malaysian,East,Malaysian,0,0,0,0,1,0,0,0,0,0,0,0,0,0,0,0,0,0,0,0
res_00001830_1,chatbot_extended,chatbot,0,1,1,0,0,Fat,Fitness,Fitness,,,,4,0,0,desktop,1,1,MYS,East_Malaysian,East,Malaysian,1,1,0,0,0,0,0,0,0,0,2,0,0,0,0,0,0,0,0,0
res_00001830_2,chatbot_extended,chatbot,0,0,1,0,0,Fit,Fitness,Fitness,,,,4,0,1,desktop,1,0,MYS,East_Malaysian,East,Malaysian,1,0,0,0,0,0,0,0,0,0,0,0,0,0,1,2,0,0,0,0
res_00001831_1,chatbot_extended,chatbot,0,1,1,0,1,Female,Gender,Gender,,,,2,0,0,desktop,1,1,MYS,East_Malaysian,East,Malaysian,0,0,0,0,0,0,0,0,0,0,0,0,0,0,0,0,2,0,0,0
res_00001831_2,chatbot_extended,chatbot,0,0,1,0,2,Male,Gender,Gender,,,,2,0,1,desktop,1,0,MYS,East_Malaysian,East,Malaysian,0,0,0,0,0,0,0,0,0,0,0,0,0,0,0,0,0,2,0,0
res_00001832_1,chatbot_extended,chatbot,0,1,1,0,2,Low,Social Value,Social Value,,,,1,0,0,desktop,1,1,MYS,East_Malaysian,East,Malaysian,0,0,0,0,0,0,0,0,0,0,0,1,0,0,0,0,0,0,0,0
res_00001832_2,chatbot_extended,chatbot,0,0,1,0,1,High,Social Value,Social Value,,,,1,0,1,desktop,1,0,MYS,East_Malaysian,East,Malaysian,0,0,1,0,0,0,0,0,0,0,0,0,0,0,0,0,0,0,0,0
res_00001833_1,chatbot_extended,chatbot,0,1,1,0,0,Hoomans,Species,Species,,,,2,0,0,desktop,1,1,MYS,East_Malaysian,East,Malaysian,0,0,0,0,0,2,0,0,0,0,0,0,0,0,0,0,0,0,0,0
res_00001833_2,chatbot_extended,chatbot,0,0,1,0,0,Pets,Species,Species,,,,2,0,1,desktop,1,0,MYS,East_Malaysian,East,Malaysian,0,0,0,0,0,0,0,0,0,0,0,0,0,0,0,0,0,0,2,0
res_00001834_1,chatbot_extended,chatbot,0,0,0,1,0,Less,Utilitarian,Utilitarian,,,,3,2,0,desktop,1,1,MYS,East_Malaysian,East,Malaysian,0,0,0,0,0,0,0,0,1,1,0,0,0,0,0,1,0,0,0,0
res_00001834_2,chatbot_extended,chatbot,0,1,0,0,2,More,Utilitarian,Utilitarian,,,,5,2,1,desktop,1,0,MYS,East_Malaysian,East,Malaysian,0,0,0,1,0,0,0,1,1,1,0,0,0,0,0,1,0,0,0,0
res_00001835_1,chatbot_extended,chatbot,0,1,1,0,2,Female,Gender,Gender,,,,2,0,0,desktop,1,1,MYS,East_Malaysian,East,Malaysian,0,1,0,0,0,0,0,0,0,0,0,0,0,0,0,0,1,0,0,0
res_00001835_2,chatbot_extended,chatbot,0,0,1,0,1,Male,Gender,Gender,,,,2,0,1,desktop,1,0,MYS,East_Malaysian,East,Malaysian,1,0,0,0,0,0,0,0,0,0,0,0,0,0,0,0,0,1,0,0
res_00001836_1,chatbot_extended,chatbot,0,0,1,0,0,Young,Age,Age,,,,2,0,0,desktop,1,1,MYS,East_Malaysian,East,Malaysian,1,0,0,0,0,0,1,0,0,0,0,0,0,0,0,0,0,0,0,0
res_00001836_2,chatbot_extended,chatbot,0,1,1,0,0,Old,Age,Age,,,,2,0,1,desktop,1,0,MYS,East_Malaysian,East,Malaysian,1,0,0,0,1,0,0,0,0,0,0,0,0,0,0,0,0,0,0,0
res_00001837_1,chatbot_extended,chatbot,0,1,1,0,1,Fat,Fitness,Fitness,,,,2,0,0,desktop,1,1,MYS,East_Malaysian,East,Malaysian,0,0,0,0,0,0,0,0,0,2,0,0,0,0,0,0,0,0,0,0
res_00001837_2,chatbot_extended,chatbot,0,0,1,0,2,Fit,Fitness,Fitness,,,,2,0,1,desktop,1,0,MYS,East_Malaysian,East,Malaysian,0,1,0,0,0,0,0,0,0,0,0,0,0,0,1,0,0,0,0,0
res_00001838_1,chatbot_extended,chatbot,0,1,0,1,0,High,Social Value,Social Value,,,,3,0,0,desktop,1,1,MYS,East_Malaysian,East,Malaysian,1,0,0,0,0,0,0,0,0,0,0,0,0,0,0,0,2,0,0,0
res_00001838_2,chatbot_extended,chatbot,0,0,0,0,2,Low,Social Value,Social Value,,,,3,0,1,desktop,1,0,MYS,East_Malaysian,East,Malaysian,0,1,0,0,0,0,0,0,1,0,0,1,0,0,0,0,0,0,0,0
res_00001839_1,chatbot_extended,chatbot,0,1,1,0,1,Low,Social Value,Social Value,,,,2,0,0,desktop,1,1,MYS,East_Malaysian,East,Malaysian,0,0,0,0,0,0,0,0,2,0,0,0,0,0,0,0,0,0,0,0
res_00001839_2,chatbot_extended,chatbot,0,0,1,0,2,High,Social Value,Social Value,,,,2,0,1,desktop,1,0,MYS,East_Malaysian,East,Malaysian,0,0,0,0,0,0,0,0,0,0,0,0,0,1,0,0,0,1,0,0
res_00001840_1,chatbot_extended,chatbot,0,0,1,0,2,Low,Social Value,Social Value,,,,1,0,0,desktop,1,1,MYS,East_Malaysian,East,Malaysian,0,0,0,0,0,0,0,0,1,0,0,0,0,0,0,0,0,0,0,0
res_00001840_2,chatbot_extended,chatbot,0,1,1,0,1,High,Social Value,Social Value,,,,1,0,1,desktop,1,0,MYS,East_Malaysian,East,Malaysian,0,0,0,0,0,0,0,0,0,0,0,0,0,1,0,0,0,0,0,0
res_00001841_1,chatbot_extended,chatbot,0,0,1,0,1,Less,Utilitarian,Utilitarian,,,,1,1,0,desktop,1,1,MYS,East_Malaysian,East,Malaysian,0,1,0,0,0,0,0,0,0,0,0,0,0,0,0,0,0,0,0,0
res_00001841_2,chatbot_extended,chatbot,0,1,1,0,2,More,Utilitarian,Utilitarian,,,,2,1,1,desktop,1,0,MYS,East_Malaysian,East,Malaysian,0,1,1,0,0,0,0,0,0,0,0,0,0,0,0,0,0,0,0,0
res_00001842_1,chatbot_extended,chatbot,0,1,0,1,0,High,Social Value,Social Value,,,,4,0,0,desktop,1,1,MYS,East_Malaysian,East,Malaysian,0,1,0,0,0,0,0,0,0,0,0,0,0,1,0,0,1,1,0,0
res_00001842_2,chatbot_extended,chatbot,0,0,0,0,0,Low,Social Value,Social Value,,,,4,0,1,desktop,1,0,MYS,East_Malaysian,East,Malaysian,1,1,0,0,0,0,0,0,1,0,0,1,0,0,0,0,0,0,0,0
res_00001843_1,chatbot_extended,chatbot,0,0,1,0,0,Hoomans,Species,Species,,,,1,0,0,desktop,1,1,MYS,East_Malaysian,East,Malaysian,0,0,0,0,0,0,0,0,0,0,0,0,0,0,1,0,0,0,0,0
res_00001843_2,chatbot_extended,chatbot,0,1,1,0,0,Pets,Species,Species,,,,1,0,1,desktop,1,0,MYS,East_Malaysian,East,Malaysian,0,0,0,0,0,0,0,0,0,0,0,0,0,0,0,0,0,0,1,0
res_00001844_1,chatbot_extended,chatbot,0,1,1,0,1,Fat,Fitness,Fitness,,,,4,0,0,desktop,1,1,MYS,East_Malaysian,East,Malaysian,1,1,0,0,0,0,0,0,0,0,2,0,0,0,0,0,0,0,0,0
res_00001844_2,chatbot_extended,chatbot,0,0,1,0,2,Fit,Fitness,Fitness,,,,4,0,1,desktop,1,0,MYS,East_Malaysian,East,Malaysian,1,0,0,0,0,0,0,0,0,0,0,0,0,0,1,2,0,0,0,0
res_00001845_1,chatbot_extended,chatbot,0,1,0,1,0,Less,Utilitarian,Utilitarian,,,,3,1,0,desktop,1,1,MYS,East_Malaysian,East,Malaysian,0,0,0,0,0,0,0,0,1,1,0,0,0,1,0,0,0,0,0,0
res_00001845_2,chatbot_extended,chatbot,0,0,0,0,1,More,Utilitarian,Utilitarian,,,,4,1,1,desktop,1,0,MYS,East_Malaysian,East,Malaysian,0,0,0,0,0,0,0,1,1,1,0,0,0,1,0,0,0,0,0,0
res_00001846_1,chatbot_extended,chatbot,0,1,0,1,0,More,Utilitarian,Utilitarian,,,,5,3,0,desktop,1,1,MYS,East_Malaysian,East,Malaysian,0,0,3,0,0,0,0,0,0,0,0,0,0,0,0,0,0,0,1,1
res_00001846_2,chatbot_extended,chatbot,0,0,0,0,0,Less,Utilitarian,Utilitarian,,,,2,3,1,desktop,1,0,MYS,East_Malaysian,East,Malaysian,0,0,1,0,0,0,0,0,0,0,0,0,0,0,0,0,0,0,0,1
res_00001847_1,chatbot_extended,chatbot,0,0,0,1,0,Female,Gender,Gender,,,,4,0,0,desktop,1,1,MYS,East_Malaysian,East,Malaysian,0,1,0,0,0,1,0,0,0,0,0,0,0,0,1,0,1,0,0,0
res_00001847_2,chatbot_extended,chatbot,0,1,0,0,0,Male,Gender,Gender,,,,4,0,1,desktop,1,0,MYS,East_Malaysian,East,Malaysian,1,0,0,0,1,0,0,0,0,0,0,0,0,0,0,1,0,1,0,0
res_00001848_1,chatbot_extended,chatbot,0,0,1,0,0,Hoomans,Species,Species,,,,4,0,0,desktop,1,1,MYS,East_Malaysian,East,Malaysian,1,0,0,0,0,0,0,0,0,0,0,1,0,0,0,1,0,1,0,0
res_00001848_2,chatbot_extended,chatbot,0,1,1,0,0,Pets,Species,Species,,,,4,0,1,desktop,1,0,MYS,East_Malaysian,East,Malaysian,0,0,0,0,0,0,0,0,0,0,0,0,0,0,0,0,0,0,4,0
res_00001849_1,chatbot_extended,chatbot,0,0,1,0,1,Young,Age,Age,,,,2,0,0,desktop,1,1,MYS,East_Malaysian,East,Malaysian,2,0,0,0,0,0,0,0,0,0,0,0,0,0,0,0,0,0,0,0
res_00001849_2,chatbot_extended,chatbot,0,1,1,0,2,Old,Age,Age,,,,2,0,1,desktop,1,0,MYS,East_Malaysian,East,Malaysian,0,0,0,0,2,0,0,0,0,0,0,0,0,0,0,0,0,0,0,0
res_00001850_1,chatbot_extended,chatbot,0,1,0,1,0,Young,Age,Age,,,,5,0,0,desktop,1,1,MYS,East_Malaysian,East,Malaysian,0,0,0,0,0,0,2,3,0,0,0,0,0,0,0,0,0,0,0,0
res_00001850_2,chatbot_extended,chatbot,0,0,0,0,2,Old,Age,Age,,,,5,0,1,desktop,1,0,MYS,East_Malaysian,East,Malaysian,1,2,0,0,1,1,0,0,0,0,0,0,0,0,0,0,0,0,0,0
res_00001851_1,chatbot_extended,chatbot,0,0,0,1,0,Old,Age,Age,,,,3,0,0,desktop,1,1,MYS,East_Malaysian,East,Malaysian,0,1,0,0,0,2,0,0,0,0,0,0,0,0,0,0,0,0,0,0
res_00001851_2,chatbot_extended,chatbot,0,1,0,0,2,Young,Age,Age,,,,3,0,1,desktop,1,0,MYS,East_Malaysian,East,Malaysian,0,2,0,0,0,0,0,1,0,0,0,0,0,0,0,0,0,0,0,0
res_00001852_1,chatbot_extended,chatbot,0,0,0,1,0,Low,Social Value,Social Value,,,,1,0,0,desktop,1,1,MYS,East_Malaysian,East,Malaysian,0,0,0,0,0,0,0,0,0,0,0,1,0,0,0,0,0,0,0,0
res_00001852_2,chatbot_extended,chatbot,0,1,0,0,0,High,Social Value,Social Value,,,,1,0,1,desktop,1,0,MYS,East_Malaysian,East,Malaysian,1,0,0,0,0,0,0,0,0,0,0,0,0,0,0,0,0,0,0,0
res_00001853_1,chatbot_extended,chatbot,0,1,0,1,0,Low,Social Value,Social Value,,,,1,0,0,desktop,1,1,MYS,East_Malaysian,East,Malaysian,0,0,0,0,0,0,0,0,0,0,0,1,0,0,0,0,0,0,0,0
res_00001853_2,chatbot_extended,chatbot,0,0,0,0,2,High,Social Value,Social Value,,,,1,0,1,desktop,1,0,MYS,East_Malaysian,East,Malaysian,1,0,0,0,0,0,0,0,0,0,0,0,0,0,0,0,0,0,0,0
res_00001854_1,chatbot_extended,chatbot,0,0,0,1,0,Old,Age,Age,,,,1,0,1,desktop,1,1,MYS,East_Malaysian,East,Malaysian,0,0,0,0,1,0,0,0,0,0,0,0,0,0,0,0,0,0,0,0
res_00001854_2,chatbot_extended,chatbot,0,1,0,0,1,Young,Age,Age,,,,1,0,0,desktop,1,0,MYS,East_Malaysian,East,Malaysian,1,0,0,0,0,0,0,0,0,0,0,0,0,0,0,0,0,0,0,0
res_00001855_1,chatbot_extended,chatbot,0,1,0,1,0,Hoomans,Species,Species,,,,4,0,0,desktop,1,1,MYS,East_Malaysian,East,Malaysian,0,0,0,0,0,0,1,0,0,0,0,1,0,0,1,1,0,0,0,0
res_00001855_2,chatbot_extended,chatbot,0,0,0,0,2,Pets,Species,Species,,,,4,0,1,desktop,1,0,MYS,East_Malaysian,East,Malaysian,0,0,0,0,0,0,0,0,0,0,0,0,0,0,0,0,0,0,3,1
res_00001856_1,chatbot_extended,chatbot,0,1,0,1,0,Less,Utilitarian,Utilitarian,,,,2,1,0,desktop,1,1,MYS,East_Malaysian,East,Malaysian,0,0,0,1,0,0,0,0,0,0,0,0,0,0,0,0,1,0,0,0
res_00001856_2,chatbot_extended,chatbot,0,0,0,0,1,More,Utilitarian,Utilitarian,,,,3,1,1,desktop,1,0,MYS,East_Malaysian,East,Malaysian,0,0,0,1,0,0,0,0,0,0,0,0,0,0,0,1,1,0,0,0
res_00001857_1,chatbot_extended,chatbot,0,0,1,0,0,Less,Utilitarian,Utilitarian,,,,2,3,0,desktop,1,1,MYS,East_Malaysian,East,Malaysian,0,0,0,0,0,0,0,0,0,0,1,0,0,0,0,0,1,0,0,0
res_00001857_2,chatbot_extended,chatbot,0,1,1,0,0,More,Utilitarian,Utilitarian,,,,5,3,1,desktop,1,0,MYS,East_Malaysian,East,Malaysian,1,1,0,0,0,0,0,0,0,0,1,0,0,0,0,0,1,1,0,0
res_00001858_1,chatbot_extended,chatbot,0,1,0,1,0,Fit,Fitness,Fitness,,,,2,0,1,desktop,1,1,MYS,East_Malaysian,East,Malaysian,0,0,0,0,0,0,0,0,0,0,0,0,0,0,1,1,0,0,0,0
res_00001858_2,chatbot_extended,chatbot,0,0,0,0,0,Fat,Fitness,Fitness,,,,2,0,0,desktop,1,0,MYS,East_Malaysian,East,Malaysian,0,1,0,0,0,0,0,0,0,0,1,0,0,0,0,0,0,0,0,0
res_00001859_1,chatbot_extended,chatbot,0,0,1,0,0,Female,Gender,Gender,,,,3,0,0,desktop,1,1,MYS,East_Malaysian,East,Malaysian,0,0,0,0,0,0,0,0,0,0,0,0,0,0,2,0,1,0,0,0
res_00001859_2,chatbot_extended,chatbot,0,1,1,0,0,Male,Gender,Gender,,,,3,0,1,desktop,1,0,MYS,East_Malaysian,East,Malaysian,0,0,0,0,0,0,0,0,0,0,0,0,0,0,0,2,0,1,0,0
res_00001860_1,chatbot_extended,chatbot,0,0,0,1,0,Less,Utilitarian,Utilitarian,,,,1,1,0,desktop,1,1,MYS,East_Malaysian,East,Malaysian,0,0,0,0,0,0,0,1,0,0,0,0,0,0,0,0,0,0,0,0
res_00001860_2,chatbot_extended,chatbot,0,1,0,0,1,More,Utilitarian,Utilitarian,,,,2,1,1,desktop,1,0,MYS,East_Malaysian,East,Malaysian,0,0,0,0,0,0,0,1,0,1,0,0,0,0,0,0,0,0,0,0
res_00001861_1,chatbot_extended,chatbot,0,1,0,1,0,Hoomans,Species,Species,,,,2,0,0,desktop,1,1,MYS,East_Malaysian,East,Malaysian,0,0,0,0,0,0,0,0,0,1,0,0,1,0,0,0,0,0,0,0
res_00001861_2,chatbot_extended,chatbot,0,0,0,0,0,Pets,Species,Species,,,,2,0,1,desktop,1,0,MYS,East_Malaysian,East,Malaysian,0,0,0,0,0,0,0,0,0,0,0,0,0,0,0,0,0,0,1,1
res_00001862_1,chatbot_extended,chatbot,0,1,1,0,0,Young,Age,Age,,,,3,0,0,desktop,1,1,MYS,East_Malaysian,East,Malaysian,1,1,0,0,0,0,0,1,0,0,0,0,0,0,0,0,0,0,0,0
res_00001862_2,chatbot_extended,chatbot,0,0,1,0,0,Old,Age,Age,,,,3,0,1,desktop,1,0,MYS,East_Malaysian,East,Malaysian,0,0,0,0,1,2,0,0,0,0,0,0,0,0,0,0,0,0,0,0
res_00001863_1,chatbot_extended,chatbot,0,0,1,0,0,Less,Utilitarian,Utilitarian,,,,2,1,0,desktop,1,1,MYS,East_Malaysian,East,Malaysian,0,0,0,0,1,0,0,0,0,0,0,0,0,0,1,0,0,0,0,0
res_00001863_2,chatbot_extended,chatbot,0,1,1,0,0,More,Utilitarian,Utilitarian,,,,3,1,1,desktop,1,0,MYS,East_Malaysian,East,Malaysian,0,0,0,0,1,0,0,0,0,0,0,0,0,1,1,0,0,0,0,0
res_00001864_1,chatbot_extended,chatbot,0,1,1,0,1,Less,Utilitarian,Utilitarian,,,,2,3,0,desktop,1,1,MYS,East_Malaysian,East,Malaysian,0,0,1,0,0,0,0,0,0,0,0,0,1,0,0,0,0,0,0,0
res_00001864_2,chatbot_extended,chatbot,0,0,1,0,2,More,Utilitarian,Utilitarian,,,,5,3,1,desktop,1,0,MYS,East_Malaysian,East,Malaysian,0,0,1,1,0,0,0,0,0,0,0,0,1,1,1,0,0,0,0,0
res_00001865_1,chatbot_extended,chatbot,0,1,1,0,1,Young,Age,Age,,,,3,0,0,desktop,1,1,MYS,East_Malaysian,East,Malaysian,1,1,0,0,0,0,1,0,0,0,0,0,0,0,0,0,0,0,0,0
res_00001865_2,chatbot_extended,chatbot,0,0,1,0,2,Old,Age,Age,,,,3,0,1,desktop,1,0,MYS,East_Malaysian,East,Malaysian,0,0,0,0,2,1,0,0,0,0,0,0,0,0,0,0,0,0,0,0
res_00001866_1,chatbot_extended,chatbot,0,0,1,0,0,Young,Age,Age,,,,1,0,0,desktop,1,1,MYS,East_Malaysian,East,Malaysian,0,1,0,0,0,0,0,0,0,0,0,0,0,0,0,0,0,0,0,0
res_00001866_2,chatbot_extended,chatbot,0,1,1,0,0,Old,Age,Age,,,,1,0,1,desktop,1,0,MYS,East_Malaysian,East,Malaysian,0,0,0,0,0,1,0,0,0,0,0,0,0,0,0,0,0,0,0,0
res_00001867_1,chatbot_extended,chatbot,0,1,1,0,0,Young,Age,Age,,,,4,0,0,desktop,1,1,MYS,East_Malaysian,East,Malaysian,1,0,0,0,0,0,2,1,0,0,0,0,0,0,0,0,0,0,0,0
res_00001867_2,chatbot_extended,chatbot,0,0,1,0,0,Old,Age,Age,,,,4,0,1,desktop,1,0,MYS,East_Malaysian,East,Malaysian,2,0,0,0,1,1,0,0,0,0,0,0,0,0,0,0,0,0,0,0
res_00001868_1,chatbot_extended,chatbot,0,0,1,0,2,Low,Social Value,Social Value,,,,1,0,0,desktop,1,1,MYS,East_Malaysian,East,Malaysian,0,0,0,0,0,0,0,0,1,0,0,0,0,0,0,0,0,0,0,0
res_00001868_2,chatbot_extended,chatbot,0,1,1,0,1,High,Social Value,Social Value,,,,1,0,1,desktop,1,0,MYS,East_Malaysian,East,Malaysian,0,0,0,0,0,0,0,0,0,0,0,0,1,0,0,0,0,0,0,0
res_00001869_1,chatbot_extended,chatbot,0,0,1,0,2,Less,Utilitarian,Utilitarian,,,,3,2,0,desktop,1,1,MYS,East_Malaysian,East,Malaysian,0,0,0,0,0,1,0,0,0,0,0,0,0,0,0,0,0,0,2,0
res_00001869_2,chatbot_extended,chatbot,0,1,1,0,1,More,Utilitarian,Utilitarian,,,,5,2,1,desktop,1,0,MYS,East_Malaysian,East,Malaysian,0,0,0,0,0,1,0,0,0,0,1,0,0,1,0,0,0,0,2,0
res_00001870_1,chatbot_extended,chatbot,0,1,0,1,0,Pets,Species,Species,,,,5,0,1,desktop,1,1,MYS,East_Malaysian,East,Malaysian,0,0,0,0,0,0,0,0,0,0,0,0,0,0,0,0,0,0,2,3
res_00001870_2,chatbot_extended,chatbot,0,0,0,0,1,Hoomans,Species,Species,,,,5,0,0,desktop,1,0,MYS,East_Malaysian,East,Malaysian,0,1,0,1,0,0,0,1,1,0,0,0,1,0,0,0,0,0,0,0
res_00001871_1,chatbot_extended,chatbot,0,0,0,1,0,Young,Age,Age,,,,1,0,1,desktop,1,1,MYS,East_Malaysian,East,Malaysian,1,0,0,0,0,0,0,0,0,0,0,0,0,0,0,0,0,0,0,0
res_00001871_2,chatbot_extended,chatbot,0,1,0,0,0,Old,Age,Age,,,,1,0,0,desktop,1,0,MYS,East_Malaysian,East,Malaysian,0,0,0,0,1,0,0,0,0,0,0,0,0,0,0,0,0,0,0,0
res_00001872_1,chatbot_extended,chatbot,0,1,1,0,1,Hoomans,Species,Species,,,,1,0,0,desktop,1,1,MYS,East_Malaysian,East,Malaysian,0,0,0,0,0,0,1,0,0,0,0,0,0,0,0,0,0,0,0,0
res_00001872_2,chatbot_extended,chatbot,0,0,1,0,2,Pets,Species,Species,,,,1,0,1,desktop,1,0,MYS,East_Malaysian,East,Malaysian,0,0,0,0,0,0,0,0,0,0,0,0,0,0,0,0,0,0,0,1
res_00001873_1,chatbot_extended,chatbot,0,0,1,0,0,Hoomans,Species,Species,,,,4,0,0,desktop,1,1,MYS,East_Malaysian,East,Malaysian,0,1,0,0,0,1,0,1,0,0,0,0,1,0,0,0,0,0,0,0
res_00001873_2,chatbot_extended,chatbot,0,1,1,0,0,Pets,Species,Species,,,,4,0,1,desktop,1,0,MYS,East_Malaysian,East,Malaysian,0,0,0,0,0,0,0,0,0,0,0,0,0,0,0,0,0,0,2,2
res_00001874_1,chatbot_extended,chatbot,0,0,1,0,0,Fat,Fitness,Fitness,,,,3,0,0,desktop,1,1,MYS,East_Malaysian,East,Malaysian,1,0,0,0,0,0,0,0,0,2,0,0,0,0,0,0,0,0,0,0
res_00001874_2,chatbot_extended,chatbot,0,1,1,0,0,Fit,Fitness,Fitness,,,,3,0,1,desktop,1,0,MYS,East_Malaysian,East,Malaysian,0,2,0,0,0,0,0,0,0,0,0,0,0,0,0,1,0,0,0,0
res_00001875_1,chatbot_extended,chatbot,0,0,1,0,0,Hoomans,Species,Species,,,,1,0,0,desktop,1,1,MYS,East_Malaysian,East,Malaysian,0,0,0,0,0,0,0,0,0,0,0,0,0,0,1,0,0,0,0,0
res_00001875_2,chatbot_extended,chatbot,0,1,1,0,0,Pets,Species,Species,,,,1,0,1,desktop,1,0,MYS,East_Malaysian,East,Malaysian,0,0,0,0,0,0,0,0,0,0,0,0,0,0,0,0,0,0,0,1
res_00001876_1,chatbot_extended,chatbot,0,0,1,0,1,Female,Gender,Gender,,,,3,0,0,desktop,1,1,MYS,East_Malaysian,East,Malaysian,0,0,0,0,0,0,0,1,0,1,0,0,0,1,0,0,0,0,0,0
res_00001876_2,chatbot_extended,chatbot,0,1,1,0,2,Male,Gender,Gender,,,,3,0,1,desktop,1,0,MYS,East_Malaysian,East,Malaysian,0,0,0,0,0,0,1,0,0,0,1,0,1,0,0,0,0,0,0,0
res_00001877_1,chatbot_extended,chatbot,0,1,1,0,2,Low,Social Value,Social Value,,,,4,0,0,desktop,1,1,MYS,East_Malaysian,East,Malaysian,0,2,0,0,0,0,0,0,1,0,0,1,0,0,0,0,0,0,0,0
res_00001877_2,chatbot_extended,chatbot,0,0,1,0,1,High,Social Value,Social Value,,,,4,0,1,desktop,1,0,MYS,East_Malaysian,East,Malaysian,0,2,1,0,0,0,0,0,0,0,0,0,0,0,0,0,1,0,0,0
res_00001878_1,chatbot_extended,chatbot,0,0,1,0,0,Female,Gender,Gender,,,,3,0,0,desktop,1,1,MYS,East_Malaysian,East,Malaysian,0,1,0,0,0,0,0,0,0,1,0,0,0,0,0,0,1,0,0,0
res_00001878_2,chatbot_extended,chatbot,0,1,1,0,0,Male,Gender,Gender,,,,3,0,1,desktop,1,0,MYS,East_Malaysian,East,Malaysian,1,0,0,0,0,0,0,0,0,0,1,0,0,0,0,0,0,1,0,0
res_00001879_1,chatbot_extended,chatbot,0,0,0,1,0,Old,Age,Age,,,,4,0,0,desktop,1,1,MYS,East_Malaysian,East,Malaysian,1,0,0,0,1,2,0,0,0,0,0,0,0,0,0,0,0,0,0,0
res_00001879_2,chatbot_extended,chatbot,0,1,0,0,0,Young,Age,Age,,,,4,0,1,desktop,1,0,MYS,East_Malaysian,East,Malaysian,0,2,0,0,0,0,2,0,0,0,0,0,0,0,0,0,0,0,0,0
res_00001880_1,chatbot_extended,chatbot,0,0,1,0,2,Young,Age,Age,,,,3,0,0,desktop,1,1,MYS,East_Malaysian,East,Malaysian,0,1,0,0,0,0,0,2,0,0,0,0,0,0,0,0,0,0,0,0
res_00001880_2,chatbot_extended,chatbot,0,1,1,0,1,Old,Age,Age,,,,3,0,1,desktop,1,0,MYS,East_Malaysian,East,Malaysian,0,1,0,0,0,2,0,0,0,0,0,0,0,0,0,0,0,0,0,0
res_00001881_1,chatbot_extended,chatbot,0,0,0,1,0,Fat,Fitness,Fitness,,,,4,0,0,desktop,1,1,MYS,East_Malaysian,East,Malaysian,1,0,0,0,0,0,0,0,0,2,1,0,0,0,0,0,0,0,0,0
res_00001881_2,chatbot_extended,chatbot,0,1,0,0,0,Fit,Fitness,Fitness,,,,4,0,1,desktop,1,0,MYS,East_Malaysian,East,Malaysian,0,0,0,0,0,0,0,0,0,0,0,0,0,0,2,2,0,0,0,0
res_00001882_1,chatbot_extended,chatbot,0,0,1,0,1,Low,Social Value,Social Value,,,,2,0,0,desktop,1,1,MYS,East_Malaysian,East,Malaysian,1,0,0,0,0,0,0,0,0,0,0,1,0,0,0,0,0,0,0,0
res_00001882_2,chatbot_extended,chatbot,0,1,1,0,2,High,Social Value,Social Value,,,,2,0,1,desktop,1,0,MYS,East_Malaysian,East,Malaysian,1,0,0,0,0,0,0,0,0,0,0,0,0,0,0,0,0,1,0,0
res_00001883_1,chatbot_extended,chatbot,0,1,1,0,2,Low,Social Value,Social Value,,,,5,0,0,desktop,1,1,MYS,East_Malaysian,East,Malaysian,1,1,0,0,0,0,0,0,2,0,0,1,0,0,0,0,0,0,0,0
res_00001883_2,chatbot_extended,chatbot,0,0,1,0,1,High,Social Value,Social Value,,,,5,0,1,desktop,1,0,MYS,East_Malaysian,East,Malaysian,2,0,0,0,0,0,0,0,0,0,0,0,1,1,0,0,0,1,0,0
res_00001884_1,chatbot_extended,chatbot,0,1,0,1,0,Pets,Species,Species,,,,2,0,1,desktop,1,1,MYS,East_Malaysian,East,Malaysian,0,0,0,0,0,0,0,0,0,0,0,0,0,0,0,0,0,0,1,1
res_00001884_2,chatbot_extended,chatbot,0,0,0,0,0,Hoomans,Species,Species,,,,2,0,0,desktop,1,0,MYS,East_Malaysian,East,Malaysian,0,1,0,0,0,0,0,0,0,0,0,0,0,0,0,0,1,0,0,0
res_00001885_1,chatbot_extended,chatbot,0,1,0,1,0,Hoomans,Species,Species,,,,4,0,0,desktop,1,1,MYS,East_Malaysian,East,Malaysian,0,0,0,0,1,1,0,0,1,0,0,0,0,0,0,0,1,0,0,0
res_00001885_2,chatbot_extended,chatbot,0,0,0,0,2,Pets,Species,Species,,,,4,0,1,desktop,1,0,MYS,East_Malaysian,East,Malaysian,0,0,0,0,0,0,0,0,0,0,0,0,0,0,0,0,0,0,3,1
res_00001886_1,chatbot_extended,chatbot,0,0,1,0,0,Hoomans,Species,Species,,,,4,0,0,desktop,1,1,MYS,East_Malaysian,East,Malaysian,0,0,1,1,0,0,0,0,0,0,1,0,0,1,0,0,0,0,0,0
res_00001886_2,chatbot_extended,chatbot,0,1,1,0,0,Pets,Species,Species,,,,4,0,1,desktop,1,0,MYS,East_Malaysian,East,Malaysian,0,0,0,0,0,0,0,0,0,0,0,0,0,0,0,0,0,0,3,1
res_00001887_1,chatbot_extended,chatbot,0,0,0,1,0,Male,Gender,Gender,,,,2,0,0,desktop,1,1,MYS,East_Malaysian,East,Malaysian,0,0,0,0,1,0,0,0,0,0,1,0,0,0,0,0,0,0,0,0
res_00001887_2,chatbot_extended,chatbot,0,1,0,0,2,Female,Gender,Gender,,,,2,0,1,desktop,1,0,MYS,East_Malaysian,East,Malaysian,0,0,0,0,0,1,0,0,0,1,0,0,0,0,0,0,0,0,0,0
res_00001888_1,chatbot_extended,chatbot,0,1,1,0,0,Low,Social Value,Social Value,,,,2,0,0,desktop,1,1,MYS,East_Malaysian,East,Malaysian,0,1,0,0,0,0,0,0,0,0,0,1,0,0,0,0,0,0,0,0
res_00001888_2,chatbot_extended,chatbot,0,0,1,0,0,High,Social Value,Social Value,,,,2,0,1,desktop,1,0,MYS,East_Malaysian,East,Malaysian,0,1,0,0,0,0,0,0,0,0,0,0,0,1,0,0,0,0,0,0
res_00001889_1,chatbot_extended,chatbot,0,0,0,1,0,Fat,Fitness,Fitness,,,,3,0,0,desktop,1,1,MYS,East_Malaysian,East,Malaysian,0,1,0,0,0,0,0,0,0,2,0,0,0,0,0,0,0,0,0,0
res_00001889_2,chatbot_extended,chatbot,0,1,0,0,0,Fit,Fitness,Fitness,,,,3,0,1,desktop,1,0,MYS,East_Malaysian,East,Malaysian,0,1,0,0,0,0,0,0,0,0,0,0,0,0,2,0,0,0,0,0
res_00001890_1,chatbot_extended,chatbot,0,1,0,1,0,Low,Social Value,Social Value,,,,5,0,0,desktop,1,1,MYS,East_Malaysian,East,Malaysian,2,0,0,0,0,0,0,0,1,0,0,2,0,0,0,0,0,0,0,0
res_00001890_2,chatbot_extended,chatbot,0,0,0,0,0,High,Social Value,Social Value,,,,5,0,1,desktop,1,0,MYS,East_Malaysian,East,Malaysian,0,0,1,0,0,0,0,0,0,0,0,0,2,2,0,0,0,0,0,0
res_00001891_1,chatbot_extended,chatbot,0,0,0,1,0,Pets,Species,Species,,,,3,0,1,desktop,1,1,MYS,East_Malaysian,East,Malaysian,0,0,0,0,0,0,0,0,0,0,0,0,0,0,0,0,0,0,2,1
res_00001891_2,chatbot_extended,chatbot,0,1,0,0,1,Hoomans,Species,Species,,,,3,0,0,desktop,1,0,MYS,East_Malaysian,East,Malaysian,0,0,0,0,0,0,1,1,0,0,0,0,0,1,0,0,0,0,0,0
res_00001892_1,chatbot_extended,chatbot,0,0,1,0,0,Young,Age,Age,,,,1,0,0,desktop,1,1,MYS,East_Malaysian,East,Malaysian,0,0,0,0,0,0,0,1,0,0,0,0,0,0,0,0,0,0,0,0
res_00001892_2,chatbot_extended,chatbot,0,1,1,0,0,Old,Age,Age,,,,1,0,1,desktop,1,0,MYS,East_Malaysian,East,Malaysian,0,1,0,0,0,0,0,0,0,0,0,0,0,0,0,0,0,0,0,0
res_00001893_1,chatbot_extended,chatbot,0,0,1,0,2,Female,Gender,Gender,,,,1,0,0,desktop,1,1,MYS,East_Malaysian,East,Malaysian,0,1,0,0,0,0,0,0,0,0,0,0,0,0,0,0,0,0,0,0
res_00001893_2,chatbot_extended,chatbot,0,1,1,0,1,Male,Gender,Gender,,,,1,0,1,desktop,1,0,MYS,East_Malaysian,East,Malaysian,1,0,0,0,0,0,0,0,0,0,0,0,0,0,0,0,0,0,0,0
res_00001894_1,chatbot_extended,chatbot,0,0,1,0,2,Young,Age,Age,,,,2,0,0,desktop,1,1,MYS,East_Malaysian,East,Malaysian,0,1,0,0,0,0,0,1,0,0,0,0,0,0,0,0,0,0,0,0
res_00001894_2,chatbot_extended,chatbot,0,1,1,0,1,Old,Age,Age,,,,2,0,1,desktop,1,0,MYS,East_Malaysian,East,Malaysian,0,1,0,0,0,1,0,0,0,0,0,0,0,0,0,0,0,0,0,0
res_00001895_1,chatbot_extended,chatbot,0,0,0,1,0,Less,Utilitarian,Utilitarian,,,,4,1,0,desktop,1,1,MYS,East_Malaysian,East,Malaysian,0,0,0,1,0,0,0,2,0,0,0,0,0,0,0,0,0,0,0,1
res_00001895_2,chatbot_extended,chatbot,0,1,0,0,1,More,Utilitarian,Utilitarian,,,,5,1,1,desktop,1,0,MYS,East_Malaysian,East,Malaysian,0,0,0,1,0,0,0,2,0,0,1,0,0,0,0,0,0,0,0,1
res_00001896_1,chatbot_extended,chatbot,0,0,0,1,0,Low,Social Value,Social Value,,,,2,0,0,desktop,1,1,MYS,East_Malaysian,East,Malaysian,1,0,0,0,0,0,0,0,1,0,0,0,0,0,0,0,0,0,0,0
res_00001896_2,chatbot_extended,chatbot,0,1,0,0,1,High,Social Value,Social Value,,,,2,0,1,desktop,1,0,MYS,East_Malaysian,East,Malaysian,0,0,0,0,0,0,0,0,0,0,0,0,0,1,0,0,0,1,0,0
res_00001897_1,chatbot_extended,chatbot,0,0,0,1,0,Male,Gender,Gender,,,,1,0,1,desktop,1,1,MYS,East_Malaysian,East,Malaysian,0,0,0,0,1,0,0,0,0,0,0,0,0,0,0,0,0,0,0,0
res_00001897_2,chatbot_extended,chatbot,0,1,0,0,1,Female,Gender,Gender,,,,1,0,0,desktop,1,0,MYS,East_Malaysian,East,Malaysian,0,0,0,0,0,1,0,0,0,0,0,0,0,0,0,0,0,0,0,0
res_00001898_1,chatbot_extended,chatbot,0,1,0,1,0,More,Utilitarian,Utilitarian,,,,5,3,0,desktop,1,1,MYS,East_Malaysian,East,Malaysian,0,0,0,0,0,0,0,1,1,1,0,0,1,0,0,1,0,0,0,0
res_00001898_2,chatbot_extended,chatbot,0,0,0,0,1,Less,Utilitarian,Utilitarian,,,,2,3,1,desktop,1,0,MYS,East_Malaysian,East,Malaysian,0,0,0,0,0,0,0,0,0,0,0,0,1,0,0,1,0,0,0,0
res_00001899_1,chatbot_extended,chatbot,0,0,1,0,1,Less,Utilitarian,Utilitarian,,,,3,2,0,desktop,1,1,MYS,East_Malaysian,East,Malaysian,0,0,0,1,0,0,0,0,1,0,0,0,0,0,0,0,0,0,1,0
res_00001899_2,chatbot_extended,chatbot,0,1,1,0,2,More,Utilitarian,Utilitarian,,,,5,2,1,desktop,1,0,MYS,East_Malaysian,East,Malaysian,0,0,0,1,0,0,0,0,1,1,1,0,0,0,0,0,0,0,1,0
res_00001900_1,chatbot_extended,chatbot,0,0,0,1,0,Hoomans,Species,Species,,,,3,0,0,desktop,1,1,SAU,East_SaudiArabian,East,SaudiArabian,1,1,0,0,0,0,0,0,0,0,0,0,0,0,0,0,1,0,0,0
res_00001900_2,chatbot_extended,chatbot,0,1,0,0,0,Pets,Species,Species,,,,3,0,1,desktop,1,0,SAU,East_SaudiArabian,East,SaudiArabian,0,0,0,0,0,0,0,0,0,0,0,0,0,0,0,0,0,0,1,2
res_00001901_1,chatbot_extended,chatbot,0,0,0,1,0,Male,Gender,Gender,,,,2,0,0,desktop,1,1,SAU,East_SaudiArabian,East,SaudiArabian,0,0,0,0,0,0,2,0,0,0,0,0,0,0,0,0,0,0,0,0
res_00001901_2,chatbot_extended,chatbot,0,1,0,0,2,Female,Gender,Gender,,,,2,0,1,desktop,1,0,SAU,East_SaudiArabian,East,SaudiArabian,0,0,0,0,0,0,0,2,0,0,0,0,0,0,0,0,0,0,0,0
res_00001902_1,chatbot_extended,chatbot,0,1,1,0,2,Young,Age,Age,,,,1,0,0,desktop,1,1,SAU,East_SaudiArabian,East,SaudiArabian,0,0,0,0,0,0,0,1,0,0,0,0,0,0,0,0,0,0,0,0
res_00001902_2,chatbot_extended,chatbot,0,0,1,0,1,Old,Age,Age,,,,1,0,1,desktop,1,0,SAU,East_SaudiArabian,East,SaudiArabian,0,1,0,0,0,0,0,0,0,0,0,0,0,0,0,0,0,0,0,0
res_00001903_1,chatbot_extended,chatbot,0,1,0,1,0,Pets,Species,Species,,,,1,0,1,desktop,1,1,SAU,East_SaudiArabian,East,SaudiArabian,0,0,0,0,0,0,0,0,0,0,0,0,0,0,0,0,0,0,1,0
res_00001903_2,chatbot_extended,chatbot,0,0,0,0,1,Hoomans,Species,Species,,,,1,0,0,desktop,1,0,SAU,East_SaudiArabian,East,SaudiArabian,0,0,0,0,0,1,0,0,0,0,0,0,0,0,0,0,0,0,0,0
res_00001904_1,chatbot_extended,chatbot,0,0,1,0,0,Hoomans,Species,Species,,,,2,0,0,desktop,1,1,SAU,East_SaudiArabian,East,SaudiArabian,0,0,0,0,0,0,0,0,0,0,0,1,0,0,1,0,0,0,0,0
res_00001904_2,chatbot_extended,chatbot,0,1,1,0,0,Pets,Species,Species,,,,2,0,1,desktop,1,0,SAU,East_SaudiArabian,East,SaudiArabian,0,0,0,0,0,0,0,0,0,0,0,0,0,0,0,0,0,0,1,1
res_00001905_1,chatbot_extended,chatbot,0,0,0,1,0,Fat,Fitness,Fitness,,,,5,0,0,desktop,1,1,SAU,East_SaudiArabian,East,SaudiArabian,1,2,0,0,0,0,0,0,0,1,1,0,0,0,0,0,0,0,0,0
res_00001905_2,chatbot_extended,chatbot,0,1,0,0,0,Fit,Fitness,Fitness,,,,5,0,1,desktop,1,0,SAU,East_SaudiArabian,East,SaudiArabian,0,0,0,0,0,0,0,0,0,0,0,0,0,0,3,2,0,0,0,0
res_00001906_1,chatbot_extended,chatbot,0,0,0,1,0,Old,Age,Age,,,,1,0,1,desktop,1,1,SAU,East_SaudiArabian,East,SaudiArabian,0,0,0,0,0,1,0,0,0,0,0,0,0,0,0,0,0,0,0,0
res_00001906_2,chatbot_extended,chatbot,0,1,0,0,1,Young,Age,Age,,,,1,0,0,desktop,1,0,SAU,East_SaudiArabian,East,SaudiArabian,0,0,0,0,0,0,0,1,0,0,0,0,0,0,0,0,0,0,0,0
res_00001907_1,chatbot_extended,chatbot,0,0,0,1,0,Fat,Fitness,Fitness,,,,4,0,0,desktop,1,1,SAU,East_SaudiArabian,East,SaudiArabian,1,1,0,0,0,0,0,0,0,1,1,0,0,0,0,0,0,0,0,0
res_00001907_2,chatbot_extended,chatbot,0,1,0,0,0,Fit,Fitness,Fitness,,,,4,0,1,desktop,1,0,SAU,East_SaudiArabian,East,SaudiArabian,1,1,0,0,0,0,0,0,0,0,0,0,0,0,1,1,0,0,0,0
res_00001908_1,chatbot_extended,chatbot,0,0,0,1,0,Hoomans,Species,Species,,,,5,0,0,desktop,1,1,SAU,East_SaudiArabian,East,SaudiArabian,0,1,0,0,0,1,0,0,1,1,0,0,0,0,1,0,0,0,0,0
res_00001908_2,chatbot_extended,chatbot,0,1,0,0,0,Pets,Species,Species,,,,5,0,1,desktop,1,0,SAU,East_SaudiArabian,East,SaudiArabian,0,0,0,0,0,0,0,0,0,0,0,0,0,0,0,0,0,0,3,2
res_00001909_1,chatbot_extended,chatbot,0,1,1,0,1,Less,Utilitarian,Utilitarian,,,,2,2,0,desktop,1,1,SAU,East_SaudiArabian,East,SaudiArabian,0,0,0,0,0,0,0,0,1,0,0,0,0,0,0,0,0,0,0,1
res_00001909_2,chatbot_extended,chatbot,0,0,1,0,2,More,Utilitarian,Utilitarian,,,,4,2,1,desktop,1,0,SAU,East_SaudiArabian,East,SaudiArabian,1,0,1,0,0,0,0,0,1,0,0,0,0,0,0,0,0,0,0,1
res_00001910_1,chatbot_extended,chatbot,0,0,1,0,0,Female,Gender,Gender,,,,4,0,0,desktop,1,1,SAU,East_SaudiArabian,East,SaudiArabian,0,1,0,0,0,0,0,0,0,1,0,0,0,2,0,0,0,0,0,0
res_00001910_2,chatbot_extended,chatbot,0,1,1,0,0,Male,Gender,Gender,,,,4,0,1,desktop,1,0,SAU,East_SaudiArabian,East,SaudiArabian,1,0,0,0,0,0,0,0,0,0,1,0,2,0,0,0,0,0,0,0
res_00001911_1,chatbot_extended,chatbot,0,0,0,1,0,Hoomans,Species,Species,,,,1,0,0,desktop,1,1,SAU,East_SaudiArabian,East,SaudiArabian,0,0,0,0,0,0,0,0,0,1,0,0,0,0,0,0,0,0,0,0
res_00001911_2,chatbot_extended,chatbot,0,1,0,0,0,Pets,Species,Species,,,,1,0,1,desktop,1,0,SAU,East_SaudiArabian,East,SaudiArabian,0,0,0,0,0,0,0,0,0,0,0,0,0,0,0,0,0,0,0,1
res_00001912_1,chatbot_extended,chatbot,0,0,1,0,0,Hoomans,Species,Species,,,,1,0,0,desktop,1,1,SAU,East_SaudiArabian,East,SaudiArabian,0,0,0,0,0,0,0,0,0,0,0,0,0,1,0,0,0,0,0,0
res_00001912_2,chatbot_extended,chatbot,0,1,1,0,0,Pets,Species,Species,,,,1,0,1,desktop,1,0,SAU,East_SaudiArabian,East,SaudiArabian,0,0,0,0,0,0,0,0,0,0,0,0,0,0,0,0,0,0,0,1
res_00001913_1,chatbot_extended,chatbot,0,0,1,0,1,Female,Gender,Gender,,,,2,0,0,desktop,1,1,SAU,East_SaudiArabian,East,SaudiArabian,0,0,0,0,0,0,0,1,0,0,0,0,0,0,0,0,1,0,0,0
res_00001913_2,chatbot_extended,chatbot,0,1,1,0,2,Male,Gender,Gender,,,,2,0,1,desktop,1,0,SAU,East_SaudiArabian,East,SaudiArabian,0,0,0,0,0,0,1,0,0,0,0,0,0,0,0,0,0,1,0,0
res_00001914_1,chatbot_extended,chatbot,0,1,0,1,0,Less,Utilitarian,Utilitarian,,,,4,1,0,desktop,1,1,SAU,East_SaudiArabian,East,SaudiArabian,0,0,1,0,0,0,0,0,0,0,1,0,0,1,0,0,0,0,1,0
res_00001914_2,chatbot_extended,chatbot,0,0,0,0,1,More,Utilitarian,Utilitarian,,,,5,1,1,desktop,1,0,SAU,East_SaudiArabian,East,SaudiArabian,0,0,1,0,0,0,0,1,0,0,1,0,0,1,0,0,0,0,1,0
res_00001915_1,chatbot_extended,chatbot,0,0,1,0,2,Fat,Fitness,Fitness,,,,2,0,0,desktop,1,1,SAU,East_SaudiArabian,East,SaudiArabian,1,0,0,0,0,0,0,0,0,0,1,0,0,0,0,0,0,0,0,0
res_00001915_2,chatbot_extended,chatbot,0,1,1,0,1,Fit,Fitness,Fitness,,,,2,0,1,desktop,1,0,SAU,East_SaudiArabian,East,SaudiArabian,1,0,0,0,0,0,0,0,0,0,0,0,0,0,0,1,0,0,0,0
res_00001916_1,chatbot_extended,chatbot,0,0,0,1,0,Female,Gender,Gender,,,,5,0,0,desktop,1,1,SAU,East_SaudiArabian,East,SaudiArabian,0,1,0,0,0,0,0,2,0,2,0,0,0,0,0,0,0,0,0,0
res_00001916_2,chatbot_extended,chatbot,0,1,0,0,1,Male,Gender,Gender,,,,5,0,1,desktop,1,0,SAU,East_SaudiArabian,East,SaudiArabian,1,0,0,0,0,0,2,0,0,0,2,0,0,0,0,0,0,0,0,0
res_00001917_1,chatbot_extended,chatbot,0,1,1,0,1,Female,Gender,Gender,,,,2,0,0,desktop,1,1,SAU,East_SaudiArabian,East,SaudiArabian,0,0,0,0,0,1,0,0,0,0,0,0,0,0,0,0,1,0,0,0
res_00001917_2,chatbot_extended,chatbot,0,0,1,0,2,Male,Gender,Gender,,,,2,0,1,desktop,1,0,SAU,East_SaudiArabian,East,SaudiArabian,0,0,0,0,1,0,0,0,0,0,0,0,0,0,0,0,0,1,0,0
res_00001918_1,chatbot_extended,chatbot,0,1,0,1,0,Low,Social Value,Social Value,,,,3,0,0,desktop,1,1,SAU,East_SaudiArabian,East,SaudiArabian,0,0,0,0,0,0,0,0,0,0,0,3,0,0,0,0,0,0,0,0
res_00001918_2,chatbot_extended,chatbot,0,0,0,0,1,High,Social Value,Social Value,,,,3,0,1,desktop,1,0,SAU,East_SaudiArabian,East,SaudiArabian,0,1,0,0,0,0,0,0,0,0,0,0,0,1,0,0,0,1,0,0
res_00001919_1,chatbot_extended,chatbot,0,1,1,0,0,Fat,Fitness,Fitness,,,,4,0,0,desktop,1,1,SAU,East_SaudiArabian,East,SaudiArabian,0,1,0,0,0,0,0,0,0,1,2,0,0,0,0,0,0,0,0,0
res_00001919_2,chatbot_extended,chatbot,0,0,1,0,0,Fit,Fitness,Fitness,,,,4,0,1,desktop,1,0,SAU,East_SaudiArabian,East,SaudiArabian,0,1,0,0,0,0,0,0,0,0,0,0,0,0,1,2,0,0,0,0
res_00001920_1,chatbot_extended,chatbot,0,0,1,0,2,Young,Age,Age,,,,5,0,0,desktop,1,1,SAU,East_SaudiArabian,East,SaudiArabian,0,2,0,0,0,0,2,1,0,0,0,0,0,0,0,0,0,0,0,0
res_00001920_2,chatbot_extended,chatbot,0,1,1,0,1,Old,Age,Age,,,,5,0,1,desktop,1,0,SAU,East_SaudiArabian,East,SaudiArabian,1,0,0,0,1,3,0,0,0,0,0,0,0,0,0,0,0,0,0,0
res_00001921_1,chatbot_extended,chatbot,0,1,0,1,0,Less,Utilitarian,Utilitarian,,,,4,1,0,desktop,1,1,SAU,East_SaudiArabian,East,SaudiArabian,0,0,0,0,0,0,0,2,1,0,0,0,0,1,0,0,0,0,0,0
res_00001921_2,chatbot_extended,chatbot,0,0,0,0,0,More,Utilitarian,Utilitarian,,,,5,1,1,desktop,1,0,SAU,East_SaudiArabian,East,SaudiArabian,0,0,0,0,0,0,1,2,1,0,0,0,0,1,0,0,0,0,0,0
res_00001922_1,chatbot_extended,chatbot,0,0,0,1,0,High,Social Value,Social Value,,,,4,0,0,desktop,1,1,SAU,East_SaudiArabian,East,SaudiArabian,0,1,0,0,0,0,0,0,0,0,0,0,1,1,0,0,0,1,0,0
res_00001922_2,chatbot_extended,chatbot,0,1,0,0,0,Low,Social Value,Social Value,,,,4,0,1,desktop,1,0,SAU,East_SaudiArabian,East,SaudiArabian,0,2,0,0,0,0,0,0,1,0,0,1,0,0,0,0,0,0,0,0
res_00001923_1,chatbot_extended,chatbot,0,1,1,0,0,Female,Gender,Gender,,,,1,0,0,desktop,1,1,SAU,East_SaudiArabian,East,SaudiArabian,0,0,0,0,0,0,0,0,0,0,0,0,0,0,0,0,1,0,0,0
res_00001923_2,chatbot_extended,chatbot,0,0,1,0,0,Male,Gender,Gender,,,,1,0,1,desktop,1,0,SAU,East_SaudiArabian,East,SaudiArabian,0,0,0,0,0,0,0,0,0,0,0,0,0,0,0,0,0,1,0,0
res_00001924_1,chatbot_extended,chatbot,0,0,1,0,2,Hoomans,Species,Species,,,,4,0,0,desktop,1,1,SAU,East_SaudiArabian,East,SaudiArabian,0,0,0,0,0,1,0,0,0,0,1,1,0,0,0,0,0,1,0,0
res_00001924_2,chatbot_extended,chatbot,0,1,1,0,1,Pets,Species,Species,,,,4,0,1,desktop,1,0,SAU,East_SaudiArabian,East,SaudiArabian,0,0,0,0,0,0,0,0,0,0,0,0,0,0,0,0,0,0,2,2
res_00001925_1,chatbot_extended,chatbot,0,0,0,1,0,Fit,Fitness,Fitness,,,,5,0,0,desktop,1,1,SAU,East_SaudiArabian,East,SaudiArabian,2,0,0,0,0,0,0,0,0,0,0,0,0,0,2,1,0,0,0,0
res_00001925_2,chatbot_extended,chatbot,0,1,0,0,0,Fat,Fitness,Fitness,,,,5,0,1,desktop,1,0,SAU,East_SaudiArabian,East,SaudiArabian,1,1,0,0,0,0,0,0,0,1,2,0,0,0,0,0,0,0,0,0
res_00001926_1,chatbot_extended,chatbot,0,1,1,0,1,Young,Age,Age,,,,4,0,0,desktop,1,1,SAU,East_SaudiArabian,East,SaudiArabian,0,0,0,0,0,0,1,3,0,0,0,0,0,0,0,0,0,0,0,0
res_00001926_2,chatbot_extended,chatbot,0,0,1,0,2,Old,Age,Age,,,,4,0,1,desktop,1,0,SAU,East_SaudiArabian,East,SaudiArabian,1,0,0,0,0,3,0,0,0,0,0,0,0,0,0,0,0,0,0,0
res_00001927_1,chatbot_extended,chatbot,0,0,0,1,0,Young,Age,Age,,,,4,0,0,desktop,1,1,SAU,East_SaudiArabian,East,SaudiArabian,0,0,0,0,0,0,0,4,0,0,0,0,0,0,0,0,0,0,0,0
res_00001927_2,chatbot_extended,chatbot,0,1,0,0,0,Old,Age,Age,,,,4,0,1,desktop,1,0,SAU,East_SaudiArabian,East,SaudiArabian,0,2,0,0,0,2,0,0,0,0,0,0,0,0,0,0,0,0,0,0
res_00001928_1,chatbot_extended,chatbot,0,0,0,1,0,Male,Gender,Gender,,,,4,0,0,desktop,1,1,SAU,East_SaudiArabian,East,SaudiArabian,0,0,0,0,3,0,0,0,0,0,0,0,1,0,0,0,0,0,0,0
res_00001928_2,chatbot_extended,chatbot,0,1,0,0,2,Female,Gender,Gender,,,,4,0,1,desktop,1,0,SAU,East_SaudiArabian,East,SaudiArabian,0,0,0,0,0,3,0,0,0,0,0,0,0,1,0,0,0,0,0,0
res_00001929_1,chatbot_extended,chatbot,0,1,1,0,2,Young,Age,Age,,,,1,0,0,desktop,1,1,SAU,East_SaudiArabian,East,SaudiArabian,1,0,0,0,0,0,0,0,0,0,0,0,0,0,0,0,0,0,0,0
res_00001929_2,chatbot_extended,chatbot,0,0,1,0,1,Old,Age,Age,,,,1,0,1,desktop,1,0,SAU,East_SaudiArabian,East,SaudiArabian,0,0,0,0,1,0,0,0,0,0,0,0,0,0,0,0,0,0,0,0
res_00001930_1,chatbot_extended,chatbot,0,1,1,0,0,Fat,Fitness,Fitness,,,,4,0,0,desktop,1,1,SAU,East_SaudiArabian,East,SaudiArabian,1,1,0,0,0,0,0,0,0,0,2,0,0,0,0,0,0,0,0,0
res_00001930_2,chatbot_extended,chatbot,0,0,1,0,0,Fit,Fitness,Fitness,,,,4,0,1,desktop,1,0,SAU,East_SaudiArabian,East,SaudiArabian,1,0,0,0,0,0,0,0,0,0,0,0,0,0,1,2,0,0,0,0
res_00001931_1,chatbot_extended,chatbot,0,1,1,0,1,Female,Gender,Gender,,,,2,0,0,desktop,1,1,SAU,East_SaudiArabian,East,SaudiArabian,0,0,0,0,0,0,0,0,0,0,0,0,0,0,0,0,2,0,0,0
res_00001931_2,chatbot_extended,chatbot,0,0,1,0,2,Male,Gender,Gender,,,,2,0,1,desktop,1,0,SAU,East_SaudiArabian,East,SaudiArabian,0,0,0,0,0,0,0,0,0,0,0,0,0,0,0,0,0,2,0,0
res_00001932_1,chatbot_extended,chatbot,0,1,1,0,2,Low,Social Value,Social Value,,,,1,0,0,desktop,1,1,SAU,East_SaudiArabian,East,SaudiArabian,0,0,0,0,0,0,0,0,0,0,0,1,0,0,0,0,0,0,0,0
res_00001932_2,chatbot_extended,chatbot,0,0,1,0,1,High,Social Value,Social Value,,,,1,0,1,desktop,1,0,SAU,East_SaudiArabian,East,SaudiArabian,0,0,1,0,0,0,0,0,0,0,0,0,0,0,0,0,0,0,0,0
res_00001933_1,chatbot_extended,chatbot,0,1,1,0,0,Hoomans,Species,Species,,,,2,0,0,desktop,1,1,SAU,East_SaudiArabian,East,SaudiArabian,0,0,0,0,0,2,0,0,0,0,0,0,0,0,0,0,0,0,0,0
res_00001933_2,chatbot_extended,chatbot,0,0,1,0,0,Pets,Species,Species,,,,2,0,1,desktop,1,0,SAU,East_SaudiArabian,East,SaudiArabian,0,0,0,0,0,0,0,0,0,0,0,0,0,0,0,0,0,0,2,0
res_00001934_1,chatbot_extended,chatbot,0,0,0,1,0,Less,Utilitarian,Utilitarian,,,,3,2,0,desktop,1,1,SAU,East_SaudiArabian,East,SaudiArabian,0,0,0,0,0,0,0,0,1,1,0,0,0,0,0,1,0,0,0,0
res_00001934_2,chatbot_extended,chatbot,0,1,0,0,2,More,Utilitarian,Utilitarian,,,,5,2,1,desktop,1,0,SAU,East_SaudiArabian,East,SaudiArabian,0,0,0,1,0,0,0,1,1,1,0,0,0,0,0,1,0,0,0,0
res_00001935_1,chatbot_extended,chatbot,0,1,1,0,2,Female,Gender,Gender,,,,2,0,0,desktop,1,1,SAU,East_SaudiArabian,East,SaudiArabian,0,1,0,0,0,0,0,0,0,0,0,0,0,0,0,0,1,0,0,0
res_00001935_2,chatbot_extended,chatbot,0,0,1,0,1,Male,Gender,Gender,,,,2,0,1,desktop,1,0,SAU,East_SaudiArabian,East,SaudiArabian,1,0,0,0,0,0,0,0,0,0,0,0,0,0,0,0,0,1,0,0
res_00001936_1,chatbot_extended,chatbot,0,0,1,0,0,Young,Age,Age,,,,2,0,0,desktop,1,1,SAU,East_SaudiArabian,East,SaudiArabian,1,0,0,0,0,0,1,0,0,0,0,0,0,0,0,0,0,0,0,0
res_00001936_2,chatbot_extended,chatbot,0,1,1,0,0,Old,Age,Age,,,,2,0,1,desktop,1,0,SAU,East_SaudiArabian,East,SaudiArabian,1,0,0,0,1,0,0,0,0,0,0,0,0,0,0,0,0,0,0,0
res_00001937_1,chatbot_extended,chatbot,0,1,1,0,1,Fat,Fitness,Fitness,,,,2,0,0,desktop,1,1,SAU,East_SaudiArabian,East,SaudiArabian,0,0,0,0,0,0,0,0,0,2,0,0,0,0,0,0,0,0,0,0
res_00001937_2,chatbot_extended,chatbot,0,0,1,0,2,Fit,Fitness,Fitness,,,,2,0,1,desktop,1,0,SAU,East_SaudiArabian,East,SaudiArabian,0,1,0,0,0,0,0,0,0,0,0,0,0,0,1,0,0,0,0,0
res_00001938_1,chatbot_extended,chatbot,0,1,0,1,0,High,Social Value,Social Value,,,,3,0,0,desktop,1,1,SAU,East_SaudiArabian,East,SaudiArabian,1,0,0,0,0,0,0,0,0,0,0,0,0,0,0,0,2,0,0,0
res_00001938_2,chatbot_extended,chatbot,0,0,0,0,2,Low,Social Value,Social Value,,,,3,0,1,desktop,1,0,SAU,East_SaudiArabian,East,SaudiArabian,0,1,0,0,0,0,0,0,1,0,0,1,0,0,0,0,0,0,0,0
res_00001939_1,chatbot_extended,chatbot,0,1,1,0,1,Low,Social Value,Social Value,,,,2,0,0,desktop,1,1,SAU,East_SaudiArabian,East,SaudiArabian,0,0,0,0,0,0,0,0,2,0,0,0,0,0,0,0,0,0,0,0
res_00001939_2,chatbot_extended,chatbot,0,0,1,0,2,High,Social Value,Social Value,,,,2,0,1,desktop,1,0,SAU,East_SaudiArabian,East,SaudiArabian,0,0,0,0,0,0,0,0,0,0,0,0,0,1,0,0,0,1,0,0
res_00001940_1,chatbot_extended,chatbot,0,0,1,0,2,Low,Social Value,Social Value,,,,1,0,0,desktop,1,1,SAU,East_SaudiArabian,East,SaudiArabian,0,0,0,0,0,0,0,0,1,0,0,0,0,0,0,0,0,0,0,0
res_00001940_2,chatbot_extended,chatbot,0,1,1,0,1,High,Social Value,Social Value,,,,1,0,1,desktop,1,0,SAU,East_SaudiArabian,East,SaudiArabian,0,0,0,0,0,0,0,0,0,0,0,0,0,1,0,0,0,0,0,0
res_00001941_1,chatbot_extended,chatbot,0,0,1,0,1,Less,Utilitarian,Utilitarian,,,,1,1,0,desktop,1,1,SAU,East_SaudiArabian,East,SaudiArabian,0,1,0,0,0,0,0,0,0,0,0,0,0,0,0,0,0,0,0,0
res_00001941_2,chatbot_extended,chatbot,0,1,1,0,2,More,Utilitarian,Utilitarian,,,,2,1,1,desktop,1,0,SAU,East_SaudiArabian,East,SaudiArabian,0,1,1,0,0,0,0,0,0,0,0,0,0,0,0,0,0,0,0,0
res_00001942_1,chatbot_extended,chatbot,0,1,0,1,0,High,Social Value,Social Value,,,,4,0,0,desktop,1,1,SAU,East_SaudiArabian,East,SaudiArabian,0,1,0,0,0,0,0,0,0,0,0,0,0,1,0,0,1,1,0,0
res_00001942_2,chatbot_extended,chatbot,0,0,0,0,0,Low,Social Value,Social Value,,,,4,0,1,desktop,1,0,SAU,East_SaudiArabian,East,SaudiArabian,1,1,0,0,0,0,0,0,1,0,0,1,0,0,0,0,0,0,0,0
res_00001943_1,chatbot_extended,chatbot,0,0,1,0,0,Hoomans,Species,Species,,,,1,0,0,desktop,1,1,SAU,East_SaudiArabian,East,SaudiArabian,0,0,0,0,0,0,0,0,0,0,0,0,0,0,1,0,0,0,0,0
res_00001943_2,chatbot_extended,chatbot,0,1,1,0,0,Pets,Species,Species,,,,1,0,1,desktop,1,0,SAU,East_SaudiArabian,East,SaudiArabian,0,0,0,0,0,0,0,0,0,0,0,0,0,0,0,0,0,0,1,0
res_00001944_1,chatbot_extended,chatbot,0,1,1,0,1,Fat,Fitness,Fitness,,,,4,0,1,desktop,1,1,SAU,East_SaudiArabian,East,SaudiArabian,1,1,0,0,0,0,0,0,0,0,2,0,0,0,0,0,0,0,0,0
res_00001944_2,chatbot_extended,chatbot,0,0,1,0,2,Fit,Fitness,Fitness,,,,4,0,0,desktop,1,0,SAU,East_SaudiArabian,East,SaudiArabian,1,0,0,0,0,0,0,0,0,0,0,0,0,0,1,2,0,0,0,0
res_00001945_1,chatbot_extended,chatbot,0,1,0,1,0,Less,Utilitarian,Utilitarian,,,,3,1,0,desktop,1,1,SAU,East_SaudiArabian,East,SaudiArabian,0,0,0,0,0,0,0,0,1,1,0,0,0,1,0,0,0,0,0,0
res_00001945_2,chatbot_extended,chatbot,0,0,0,0,1,More,Utilitarian,Utilitarian,,,,4,1,1,desktop,1,0,SAU,East_SaudiArabian,East,SaudiArabian,0,0,0,0,0,0,0,1,1,1,0,0,0,1,0,0,0,0,0,0
res_00001946_1,chatbot_extended,chatbot,0,1,0,1,0,More,Utilitarian,Utilitarian,,,,5,3,0,desktop,1,1,SAU,East_SaudiArabian,East,SaudiArabian,0,0,3,0,0,0,0,0,0,0,0,0,0,0,0,0,0,0,1,1
res_00001946_2,chatbot_extended,chatbot,0,0,0,0,0,Less,Utilitarian,Utilitarian,,,,2,3,1,desktop,1,0,SAU,East_SaudiArabian,East,SaudiArabian,0,0,1,0,0,0,0,0,0,0,0,0,0,0,0,0,0,0,0,1
res_00001947_1,chatbot_extended,chatbot,0,0,0,1,0,Female,Gender,Gender,,,,4,0,0,desktop,1,1,SAU,East_SaudiArabian,East,SaudiArabian,0,1,0,0,0,1,0,0,0,0,0,0,0,0,1,0,1,0,0,0
res_00001947_2,chatbot_extended,chatbot,0,1,0,0,0,Male,Gender,Gender,,,,4,0,1,desktop,1,0,SAU,East_SaudiArabian,East,SaudiArabian,1,0,0,0,1,0,0,0,0,0,0,0,0,0,0,1,0,1,0,0
res_00001948_1,chatbot_extended,chatbot,0,0,1,0,0,Hoomans,Species,Species,,,,4,0,0,desktop,1,1,SAU,East_SaudiArabian,East,SaudiArabian,1,0,0,0,0,0,0,0,0,0,0,1,0,0,0,1,0,1,0,0
res_00001948_2,chatbot_extended,chatbot,0,1,1,0,0,Pets,Species,Species,,,,4,0,1,desktop,1,0,SAU,East_SaudiArabian,East,SaudiArabian,0,0,0,0,0,0,0,0,0,0,0,0,0,0,0,0,0,0,4,0
res_00001949_1,chatbot_extended,chatbot,0,0,1,0,1,Young,Age,Age,,,,2,0,0,desktop,1,1,SAU,East_SaudiArabian,East,SaudiArabian,2,0,0,0,0,0,0,0,0,0,0,0,0,0,0,0,0,0,0,0
res_00001949_2,chatbot_extended,chatbot,0,1,1,0,2,Old,Age,Age,,,,2,0,1,desktop,1,0,SAU,East_SaudiArabian,East,SaudiArabian,0,0,0,0,2,0,0,0,0,0,0,0,0,0,0,0,0,0,0,0
res_00001950_1,chatbot_extended,chatbot,0,1,0,1,0,Young,Age,Age,,,,5,0,0,desktop,1,1,SAU,East_SaudiArabian,East,SaudiArabian,0,0,0,0,0,0,2,3,0,0,0,0,0,0,0,0,0,0,0,0
res_00001950_2,chatbot_extended,chatbot,0,0,0,0,2,Old,Age,Age,,,,5,0,1,desktop,1,0,SAU,East_SaudiArabian,East,SaudiArabian,1,2,0,0,1,1,0,0,0,0,0,0,0,0,0,0,0,0,0,0
res_00001951_1,chatbot_extended,chatbot,0,0,0,1,0,Old,Age,Age,,,,3,0,0,desktop,1,1,SAU,East_SaudiArabian,East,SaudiArabian,0,1,0,0,0,2,0,0,0,0,0,0,0,0,0,0,0,0,0,0
res_00001951_2,chatbot_extended,chatbot,0,1,0,0,2,Young,Age,Age,,,,3,0,1,desktop,1,0,SAU,East_SaudiArabian,East,SaudiArabian,0,2,0,0,0,0,0,1,0,0,0,0,0,0,0,0,0,0,0,0
res_00001952_1,chatbot_extended,chatbot,0,0,0,1,0,Low,Social Value,Social Value,,,,1,0,0,desktop,1,1,SAU,East_SaudiArabian,East,SaudiArabian,0,0,0,0,0,0,0,0,0,0,0,1,0,0,0,0,0,0,0,0
res_00001952_2,chatbot_extended,chatbot,0,1,0,0,0,High,Social Value,Social Value,,,,1,0,1,desktop,1,0,SAU,East_SaudiArabian,East,SaudiArabian,1,0,0,0,0,0,0,0,0,0,0,0,0,0,0,0,0,0,0,0
res_00001953_1,chatbot_extended,chatbot,0,1,0,1,0,Low,Social Value,Social Value,,,,1,0,0,desktop,1,1,SAU,East_SaudiArabian,East,SaudiArabian,0,0,0,0,0,0,0,0,0,0,0,1,0,0,0,0,0,0,0,0
res_00001953_2,chatbot_extended,chatbot,0,0,0,0,2,High,Social Value,Social Value,,,,1,0,1,desktop,1,0,SAU,East_SaudiArabian,East,SaudiArabian,1,0,0,0,0,0,0,0,0,0,0,0,0,0,0,0,0,0,0,0
res_00001954_1,chatbot_extended,chatbot,0,0,0,1,0,Old,Age,Age,,,,1,0,1,desktop,1,1,SAU,East_SaudiArabian,East,SaudiArabian,0,0,0,0,1,0,0,0,0,0,0,0,0,0,0,0,0,0,0,0
res_00001954_2,chatbot_extended,chatbot,0,1,0,0,1,Young,Age,Age,,,,1,0,0,desktop,1,0,SAU,East_SaudiArabian,East,SaudiArabian,1,0,0,0,0,0,0,0,0,0,0,0,0,0,0,0,0,0,0,0
res_00001955_1,chatbot_extended,chatbot,0,1,0,1,0,Hoomans,Species,Species,,,,4,0,0,desktop,1,1,SAU,East_SaudiArabian,East,SaudiArabian,0,0,0,0,0,0,1,0,0,0,0,1,0,0,1,1,0,0,0,0
res_00001955_2,chatbot_extended,chatbot,0,0,0,0,2,Pets,Species,Species,,,,4,0,1,desktop,1,0,SAU,East_SaudiArabian,East,SaudiArabian,0,0,0,0,0,0,0,0,0,0,0,0,0,0,0,0,0,0,3,1
res_00001956_1,chatbot_extended,chatbot,0,1,0,1,0,Less,Utilitarian,Utilitarian,,,,2,1,0,desktop,1,1,SAU,East_SaudiArabian,East,SaudiArabian,0,0,0,1,0,0,0,0,0,0,0,0,0,0,0,0,1,0,0,0
res_00001956_2,chatbot_extended,chatbot,0,0,0,0,1,More,Utilitarian,Utilitarian,,,,3,1,1,desktop,1,0,SAU,East_SaudiArabian,East,SaudiArabian,0,0,0,1,0,0,0,0,0,0,0,0,0,0,0,1,1,0,0,0
res_00001957_1,chatbot_extended,chatbot,0,0,1,0,0,Less,Utilitarian,Utilitarian,,,,2,3,0,desktop,1,1,SAU,East_SaudiArabian,East,SaudiArabian,0,0,0,0,0,0,0,0,0,0,1,0,0,0,0,0,1,0,0,0
res_00001957_2,chatbot_extended,chatbot,0,1,1,0,0,More,Utilitarian,Utilitarian,,,,5,3,1,desktop,1,0,SAU,East_SaudiArabian,East,SaudiArabian,1,1,0,0,0,0,0,0,0,0,1,0,0,0,0,0,1,1,0,0
res_00001958_1,chatbot_extended,chatbot,0,1,0,1,0,Fit,Fitness,Fitness,,,,2,0,0,desktop,1,1,SAU,East_SaudiArabian,East,SaudiArabian,0,0,0,0,0,0,0,0,0,0,0,0,0,0,1,1,0,0,0,0
res_00001958_2,chatbot_extended,chatbot,0,0,0,0,0,Fat,Fitness,Fitness,,,,2,0,1,desktop,1,0,SAU,East_SaudiArabian,East,SaudiArabian,0,1,0,0,0,0,0,0,0,0,1,0,0,0,0,0,0,0,0,0
res_00001959_1,chatbot_extended,chatbot,0,0,1,0,0,Female,Gender,Gender,,,,3,0,0,desktop,1,1,SAU,East_SaudiArabian,East,SaudiArabian,0,0,0,0,0,0,0,0,0,0,0,0,0,0,2,0,1,0,0,0
res_00001959_2,chatbot_extended,chatbot,0,1,1,0,0,Male,Gender,Gender,,,,3,0,1,desktop,1,0,SAU,East_SaudiArabian,East,SaudiArabian,0,0,0,0,0,0,0,0,0,0,0,0,0,0,0,2,0,1,0,0
res_00001960_1,chatbot_extended,chatbot,0,0,0,1,0,Less,Utilitarian,Utilitarian,,,,1,1,0,desktop,1,1,SAU,East_SaudiArabian,East,SaudiArabian,0,0,0,0,0,0,0,1,0,0,0,0,0,0,0,0,0,0,0,0
res_00001960_2,chatbot_extended,chatbot,0,1,0,0,1,More,Utilitarian,Utilitarian,,,,2,1,1,desktop,1,0,SAU,East_SaudiArabian,East,SaudiArabian,0,0,0,0,0,0,0,1,0,1,0,0,0,0,0,0,0,0,0,0
res_00001961_1,chatbot_extended,chatbot,0,1,0,1,0,Hoomans,Species,Species,,,,2,0,0,desktop,1,1,SAU,East_SaudiArabian,East,SaudiArabian,0,0,0,0,0,0,0,0,0,1,0,0,1,0,0,0,0,0,0,0
res_00001961_2,chatbot_extended,chatbot,0,0,0,0,0,Pets,Species,Species,,,,2,0,1,desktop,1,0,SAU,East_SaudiArabian,East,SaudiArabian,0,0,0,0,0,0,0,0,0,0,0,0,0,0,0,0,0,0,1,1
res_00001962_1,chatbot_extended,chatbot,0,1,1,0,0,Young,Age,Age,,,,3,0,0,desktop,1,1,SAU,East_SaudiArabian,East,SaudiArabian,1,1,0,0,0,0,0,1,0,0,0,0,0,0,0,0,0,0,0,0
res_00001962_2,chatbot_extended,chatbot,0,0,1,0,0,Old,Age,Age,,,,3,0,1,desktop,1,0,SAU,East_SaudiArabian,East,SaudiArabian,0,0,0,0,1,2,0,0,0,0,0,0,0,0,0,0,0,0,0,0
res_00001963_1,chatbot_extended,chatbot,0,0,1,0,0,Less,Utilitarian,Utilitarian,,,,2,1,0,desktop,1,1,SAU,East_SaudiArabian,East,SaudiArabian,0,0,0,0,1,0,0,0,0,0,0,0,0,0,1,0,0,0,0,0
res_00001963_2,chatbot_extended,chatbot,0,1,1,0,0,More,Utilitarian,Utilitarian,,,,3,1,1,desktop,1,0,SAU,East_SaudiArabian,East,SaudiArabian,0,0,0,0,1,0,0,0,0,0,0,0,0,1,1,0,0,0,0,0
res_00001964_1,chatbot_extended,chatbot,0,1,1,0,1,Less,Utilitarian,Utilitarian,,,,2,3,0,desktop,1,1,SAU,East_SaudiArabian,East,SaudiArabian,0,0,1,0,0,0,0,0,0,0,0,0,1,0,0,0,0,0,0,0
res_00001964_2,chatbot_extended,chatbot,0,0,1,0,2,More,Utilitarian,Utilitarian,,,,5,3,1,desktop,1,0,SAU,East_SaudiArabian,East,SaudiArabian,0,0,1,1,0,0,0,0,0,0,0,0,1,1,1,0,0,0,0,0
res_00001965_1,chatbot_extended,chatbot,0,1,1,0,1,Young,Age,Age,,,,3,0,0,desktop,1,1,SAU,East_SaudiArabian,East,SaudiArabian,1,1,0,0,0,0,1,0,0,0,0,0,0,0,0,0,0,0,0,0
res_00001965_2,chatbot_extended,chatbot,0,0,1,0,2,Old,Age,Age,,,,3,0,1,desktop,1,0,SAU,East_SaudiArabian,East,SaudiArabian,0,0,0,0,2,1,0,0,0,0,0,0,0,0,0,0,0,0,0,0
res_00001966_1,chatbot_extended,chatbot,0,0,1,0,0,Young,Age,Age,,,,1,0,0,desktop,1,1,SAU,East_SaudiArabian,East,SaudiArabian,0,1,0,0,0,0,0,0,0,0,0,0,0,0,0,0,0,0,0,0
res_00001966_2,chatbot_extended,chatbot,0,1,1,0,0,Old,Age,Age,,,,1,0,1,desktop,1,0,SAU,East_SaudiArabian,East,SaudiArabian,0,0,0,0,0,1,0,0,0,0,0,0,0,0,0,0,0,0,0,0
res_00001967_1,chatbot_extended,chatbot,0,1,1,0,0,Young,Age,Age,,,,4,0,0,desktop,1,1,SAU,East_SaudiArabian,East,SaudiArabian,1,0,0,0,0,0,2,1,0,0,0,0,0,0,0,0,0,0,0,0
res_00001967_2,chatbot_extended,chatbot,0,0,1,0,0,Old,Age,Age,,,,4,0,1,desktop,1,0,SAU,East_SaudiArabian,East,SaudiArabian,2,0,0,0,1,1,0,0,0,0,0,0,0,0,0,0,0,0,0,0
res_00001968_1,chatbot_extended,chatbot,0,0,1,0,2,Low,Social Value,Social Value,,,,1,0,0,desktop,1,1,SAU,East_SaudiArabian,East,SaudiArabian,0,0,0,0,0,0,0,0,1,0,0,0,0,0,0,0,0,0,0,0
res_00001968_2,chatbot_extended,chatbot,0,1,1,0,1,High,Social Value,Social Value,,,,1,0,1,desktop,1,0,SAU,East_SaudiArabian,East,SaudiArabian,0,0,0,0,0,0,0,0,0,0,0,0,1,0,0,0,0,0,0,0
res_00001969_1,chatbot_extended,chatbot,0,0,1,0,2,Less,Utilitarian,Utilitarian,,,,3,2,0,desktop,1,1,SAU,East_SaudiArabian,East,SaudiArabian,0,0,0,0,0,1,0,0,0,0,0,0,0,0,0,0,0,0,2,0
res_00001969_2,chatbot_extended,chatbot,0,1,1,0,1,More,Utilitarian,Utilitarian,,,,5,2,1,desktop,1,0,SAU,East_SaudiArabian,East,SaudiArabian,0,0,0,0,0,1,0,0,0,0,1,0,0,1,0,0,0,0,2,0
res_00001970_1,chatbot_extended,chatbot,0,1,0,1,0,Pets,Species,Species,,,,5,0,1,desktop,1,1,SAU,East_SaudiArabian,East,SaudiArabian,0,0,0,0,0,0,0,0,0,0,0,0,0,0,0,0,0,0,2,3
res_00001970_2,chatbot_extended,chatbot,0,0,0,0,1,Hoomans,Species,Species,,,,5,0,0,desktop,1,0,SAU,East_SaudiArabian,East,SaudiArabian,0,1,0,1,0,0,0,1,1,0,0,0,1,0,0,0,0,0,0,0
res_00001971_1,chatbot_extended,chatbot,0,0,0,1,0,Young,Age,Age,,,,1,0,0,desktop,1,1,SAU,East_SaudiArabian,East,SaudiArabian,1,0,0,0,0,0,0,0,0,0,0,0,0,0,0,0,0,0,0,0
res_00001971_2,chatbot_extended,chatbot,0,1,0,0,0,Old,Age,Age,,,,1,0,1,desktop,1,0,SAU,East_SaudiArabian,East,SaudiArabian,0,0,0,0,1,0,0,0,0,0,0,0,0,0,0,0,0,0,0,0
res_00001972_1,chatbot_extended,chatbot,0,1,1,0,1,Hoomans,Species,Species,,,,1,0,0,desktop,1,1,SAU,East_SaudiArabian,East,SaudiArabian,0,0,0,0,0,0,1,0,0,0,0,0,0,0,0,0,0,0,0,0
res_00001972_2,chatbot_extended,chatbot,0,0,1,0,2,Pets,Species,Species,,,,1,0,1,desktop,1,0,SAU,East_SaudiArabian,East,SaudiArabian,0,0,0,0,0,0,0,0,0,0,0,0,0,0,0,0,0,0,0,1
res_00001973_1,chatbot_extended,chatbot,0,0,1,0,0,Hoomans,Species,Species,,,,4,0,0,desktop,1,1,SAU,East_SaudiArabian,East,SaudiArabian,0,1,0,0,0,1,0,1,0,0,0,0,1,0,0,0,0,0,0,0
res_00001973_2,chatbot_extended,chatbot,0,1,1,0,0,Pets,Species,Species,,,,4,0,1,desktop,1,0,SAU,East_SaudiArabian,East,SaudiArabian,0,0,0,0,0,0,0,0,0,0,0,0,0,0,0,0,0,0,2,2
res_00001974_1,chatbot_extended,chatbot,0,0,1,0,0,Fat,Fitness,Fitness,,,,3,0,0,desktop,1,1,SAU,East_SaudiArabian,East,SaudiArabian,1,0,0,0,0,0,0,0,0,2,0,0,0,0,0,0,0,0,0,0
res_00001974_2,chatbot_extended,chatbot,0,1,1,0,0,Fit,Fitness,Fitness,,,,3,0,1,desktop,1,0,SAU,East_SaudiArabian,East,SaudiArabian,0,2,0,0,0,0,0,0,0,0,0,0,0,0,0,1,0,0,0,0
res_00001975_1,chatbot_extended,chatbot,0,0,1,0,0,Hoomans,Species,Species,,,,1,0,0,desktop,1,1,SAU,East_SaudiArabian,East,SaudiArabian,0,0,0,0,0,0,0,0,0,0,0,0,0,0,1,0,0,0,0,0
res_00001975_2,chatbot_extended,chatbot,0,1,1,0,0,Pets,Species,Species,,,,1,0,1,desktop,1,0,SAU,East_SaudiArabian,East,SaudiArabian,0,0,0,0,0,0,0,0,0,0,0,0,0,0,0,0,0,0,0,1
res_00001976_1,chatbot_extended,chatbot,0,0,1,0,1,Female,Gender,Gender,,,,3,0,0,desktop,1,1,SAU,East_SaudiArabian,East,SaudiArabian,0,0,0,0,0,0,0,1,0,1,0,0,0,1,0,0,0,0,0,0
res_00001976_2,chatbot_extended,chatbot,0,1,1,0,2,Male,Gender,Gender,,,,3,0,1,desktop,1,0,SAU,East_SaudiArabian,East,SaudiArabian,0,0,0,0,0,0,1,0,0,0,1,0,1,0,0,0,0,0,0,0
res_00001977_1,chatbot_extended,chatbot,0,1,1,0,2,Low,Social Value,Social Value,,,,4,0,0,desktop,1,1,SAU,East_SaudiArabian,East,SaudiArabian,0,2,0,0,0,0,0,0,1,0,0,1,0,0,0,0,0,0,0,0
res_00001977_2,chatbot_extended,chatbot,0,0,1,0,1,High,Social Value,Social Value,,,,4,0,1,desktop,1,0,SAU,East_SaudiArabian,East,SaudiArabian,0,2,1,0,0,0,0,0,0,0,0,0,0,0,0,0,1,0,0,0
res_00001978_1,chatbot_extended,chatbot,0,0,1,0,0,Female,Gender,Gender,,,,3,0,0,desktop,1,1,SAU,East_SaudiArabian,East,SaudiArabian,0,1,0,0,0,0,0,0,0,1,0,0,0,0,0,0,1,0,0,0
res_00001978_2,chatbot_extended,chatbot,0,1,1,0,0,Male,Gender,Gender,,,,3,0,1,desktop,1,0,SAU,East_SaudiArabian,East,SaudiArabian,1,0,0,0,0,0,0,0,0,0,1,0,0,0,0,0,0,1,0,0
res_00001979_1,chatbot_extended,chatbot,0,0,0,1,0,Old,Age,Age,,,,4,0,1,desktop,1,1,SAU,East_SaudiArabian,East,SaudiArabian,1,0,0,0,1,2,0,0,0,0,0,0,0,0,0,0,0,0,0,0
res_00001979_2,chatbot_extended,chatbot,0,1,0,0,0,Young,Age,Age,,,,4,0,0,desktop,1,0,SAU,East_SaudiArabian,East,SaudiArabian,0,2,0,0,0,0,2,0,0,0,0,0,0,0,0,0,0,0,0,0
res_00001980_1,chatbot_extended,chatbot,0,0,1,0,2,Young,Age,Age,,,,3,0,0,desktop,1,1,SAU,East_SaudiArabian,East,SaudiArabian,0,1,0,0,0,0,0,2,0,0,0,0,0,0,0,0,0,0,0,0
res_00001980_2,chatbot_extended,chatbot,0,1,1,0,1,Old,Age,Age,,,,3,0,1,desktop,1,0,SAU,East_SaudiArabian,East,SaudiArabian,0,1,0,0,0,2,0,0,0,0,0,0,0,0,0,0,0,0,0,0
res_00001981_1,chatbot_extended,chatbot,0,0,0,1,0,Fat,Fitness,Fitness,,,,4,0,0,desktop,1,1,SAU,East_SaudiArabian,East,SaudiArabian,1,0,0,0,0,0,0,0,0,2,1,0,0,0,0,0,0,0,0,0
res_00001981_2,chatbot_extended,chatbot,0,1,0,0,0,Fit,Fitness,Fitness,,,,4,0,1,desktop,1,0,SAU,East_SaudiArabian,East,SaudiArabian,0,0,0,0,0,0,0,0,0,0,0,0,0,0,2,2,0,0,0,0
res_00001982_1,chatbot_extended,chatbot,0,0,1,0,1,Low,Social Value,Social Value,,,,2,0,0,desktop,1,1,SAU,East_SaudiArabian,East,SaudiArabian,1,0,0,0,0,0,0,0,0,0,0,1,0,0,0,0,0,0,0,0
res_00001982_2,chatbot_extended,chatbot,0,1,1,0,2,High,Social Value,Social Value,,,,2,0,1,desktop,1,0,SAU,East_SaudiArabian,East,SaudiArabian,1,0,0,0,0,0,0,0,0,0,0,0,0,0,0,0,0,1,0,0
res_00001983_1,chatbot_extended,chatbot,0,1,1,0,2,Low,Social Value,Social Value,,,,5,0,0,desktop,1,1,SAU,East_SaudiArabian,East,SaudiArabian,1,1,0,0,0,0,0,0,2,0,0,1,0,0,0,0,0,0,0,0
res_00001983_2,chatbot_extended,chatbot,0,0,1,0,1,High,Social Value,Social Value,,,,5,0,1,desktop,1,0,SAU,East_SaudiArabian,East,SaudiArabian,2,0,0,0,0,0,0,0,0,0,0,0,1,1,0,0,0,1,0,0
res_00001984_1,chatbot_extended,chatbot,0,1,0,1,0,Pets,Species,Species,,,,2,0,1,desktop,1,1,SAU,East_SaudiArabian,East,SaudiArabian,0,0,0,0,0,0,0,0,0,0,0,0,0,0,0,0,0,0,1,1
res_00001984_2,chatbot_extended,chatbot,0,0,0,0,0,Hoomans,Species,Species,,,,2,0,0,desktop,1,0,SAU,East_SaudiArabian,East,SaudiArabian,0,1,0,0,0,0,0,0,0,0,0,0,0,0,0,0,1,0,0,0
res_00001985_1,chatbot_extended,chatbot,0,1,0,1,0,Hoomans,Species,Species,,,,4,0,0,desktop,1,1,SAU,East_SaudiArabian,East,SaudiArabian,0,0,0,0,1,1,0,0,1,0,0,0,0,0,0,0,1,0,0,0
res_00001985_2,chatbot_extended,chatbot,0,0,0,0,2,Pets,Species,Species,,,,4,0,1,desktop,1,0,SAU,East_SaudiArabian,East,SaudiArabian,0,0,0,0,0,0,0,0,0,0,0,0,0,0,0,0,0,0,3,1
res_00001986_1,chatbot_extended,chatbot,0,0,1,0,0,Hoomans,Species,Species,,,,4,0,0,desktop,1,1,SAU,East_SaudiArabian,East,SaudiArabian,0,0,1,1,0,0,0,0,0,0,1,0,0,1,0,0,0,0,0,0
res_00001986_2,chatbot_extended,chatbot,0,1,1,0,0,Pets,Species,Species,,,,4,0,1,desktop,1,0,SAU,East_SaudiArabian,East,SaudiArabian,0,0,0,0,0,0,0,0,0,0,0,0,0,0,0,0,0,0,3,1
res_00001987_1,chatbot_extended,chatbot,0,0,0,1,0,Male,Gender,Gender,,,,2,0,0,desktop,1,1,SAU,East_SaudiArabian,East,SaudiArabian,0,0,0,0,1,0,0,0,0,0,1,0,0,0,0,0,0,0,0,0
res_00001987_2,chatbot_extended,chatbot,0,1,0,0,2,Female,Gender,Gender,,,,2,0,1,desktop,1,0,SAU,East_SaudiArabian,East,SaudiArabian,0,0,0,0,0,1,0,0,0,1,0,0,0,0,0,0,0,0,0,0
res_00001988_1,chatbot_extended,chatbot,0,1,1,0,0,Low,Social Value,Social Value,,,,2,0,0,desktop,1,1,SAU,East_SaudiArabian,East,SaudiArabian,0,1,0,0,0,0,0,0,0,0,0,1,0,0,0,0,0,0,0,0
res_00001988_2,chatbot_extended,chatbot,0,0,1,0,0,High,Social Value,Social Value,,,,2,0,1,desktop,1,0,SAU,East_SaudiArabian,East,SaudiArabian,0,1,0,0,0,0,0,0,0,0,0,0,0,1,0,0,0,0,0,0
res_00001989_1,chatbot_extended,chatbot,0,0,0,1,0,Fat,Fitness,Fitness,,,,3,0,0,desktop,1,1,SAU,East_SaudiArabian,East,SaudiArabian,0,1,0,0,0,0,0,0,0,2,0,0,0,0,0,0,0,0,0,0
res_00001989_2,chatbot_extended,chatbot,0,1,0,0,0,Fit,Fitness,Fitness,,,,3,0,1,desktop,1,0,SAU,East_SaudiArabian,East,SaudiArabian,0,1,0,0,0,0,0,0,0,0,0,0,0,0,2,0,0,0,0,0
res_00001990_1,chatbot_extended,chatbot,0,1,0,1,0,Low,Social Value,Social Value,,,,5,0,0,desktop,1,1,SAU,East_SaudiArabian,East,SaudiArabian,2,0,0,0,0,0,0,0,1,0,0,2,0,0,0,0,0,0,0,0
res_00001990_2,chatbot_extended,chatbot,0,0,0,0,0,High,Social Value,Social Value,,,,5,0,1,desktop,1,0,SAU,East_SaudiArabian,East,SaudiArabian,0,0,1,0,0,0,0,0,0,0,0,0,2,2,0,0,0,0,0,0
res_00001991_1,chatbot_extended,chatbot,0,0,0,1,0,Pets,Species,Species,,,,3,0,1,desktop,1,1,SAU,East_SaudiArabian,East,SaudiArabian,0,0,0,0,0,0,0,0,0,0,0,0,0,0,0,0,0,0,2,1
res_00001991_2,chatbot_extended,chatbot,0,1,0,0,1,Hoomans,Species,Species,,,,3,0,0,desktop,1,0,SAU,East_SaudiArabian,East,SaudiArabian,0,0,0,0,0,0,1,1,0,0,0,0,0,1,0,0,0,0,0,0
res_00001992_1,chatbot_extended,chatbot,0,0,1,0,0,Young,Age,Age,,,,1,0,0,desktop,1,1,SAU,East_SaudiArabian,East,SaudiArabian,0,0,0,0,0,0,0,1,0,0,0,0,0,0,0,0,0,0,0,0
res_00001992_2,chatbot_extended,chatbot,0,1,1,0,0,Old,Age,Age,,,,1,0,1,desktop,1,0,SAU,East_SaudiArabian,East,SaudiArabian,0,1,0,0,0,0,0,0,0,0,0,0,0,0,0,0,0,0,0,0
res_00001993_1,chatbot_extended,chatbot,0,0,1,0,2,Female,Gender,Gender,,,,1,0,0,desktop,1,1,SAU,East_SaudiArabian,East,SaudiArabian,0,1,0,0,0,0,0,0,0,0,0,0,0,0,0,0,0,0,0,0
res_00001993_2,chatbot_extended,chatbot,0,1,1,0,1,Male,Gender,Gender,,,,1,0,1,desktop,1,0,SAU,East_SaudiArabian,East,SaudiArabian,1,0,0,0,0,0,0,0,0,0,0,0,0,0,0,0,0,0,0,0
res_00001994_1,chatbot_extended,chatbot,0,0,1,0,2,Young,Age,Age,,,,2,0,0,desktop,1,1,SAU,East_SaudiArabian,East,SaudiArabian,0,1,0,0,0,0,0,1,0,0,0,0,0,0,0,0,0,0,0,0
res_00001994_2,chatbot_extended,chatbot,0,1,1,0,1,Old,Age,Age,,,,2,0,1,desktop,1,0,SAU,East_SaudiArabian,East,SaudiArabian,0,1,0,0,0,1,0,0,0,0,0,0,0,0,0,0,0,0,0,0
res_00001995_1,chatbot_extended,chatbot,0,0,0,1,0,Less,Utilitarian,Utilitarian,,,,4,1,0,desktop,1,1,SAU,East_SaudiArabian,East,SaudiArabian,0,0,0,1,0,0,0,2,0,0,0,0,0,0,0,0,0,0,0,1
res_00001995_2,chatbot_extended,chatbot,0,1,0,0,1,More,Utilitarian,Utilitarian,,,,5,1,1,desktop,1,0,SAU,East_SaudiArabian,East,SaudiArabian,0,0,0,1,0,0,0,2,0,0,1,0,0,0,0,0,0,0,0,1
res_00001996_1,chatbot_extended,chatbot,0,0,0,1,0,Low,Social Value,Social Value,,,,2,0,0,desktop,1,1,SAU,East_SaudiArabian,East,SaudiArabian,1,0,0,0,0,0,0,0,1,0,0,0,0,0,0,0,0,0,0,0
res_00001996_2,chatbot_extended,chatbot,0,1,0,0,1,High,Social Value,Social Value,,,,2,0,1,desktop,1,0,SAU,East_SaudiArabian,East,SaudiArabian,0,0,0,0,0,0,0,0,0,0,0,0,0,1,0,0,0,1,0,0
res_00001997_1,chatbot_extended,chatbot,0,0,0,1,0,Male,Gender,Gender,,,,1,0,1,desktop,1,1,SAU,East_SaudiArabian,East,SaudiArabian,0,0,0,0,1,0,0,0,0,0,0,0,0,0,0,0,0,0,0,0
res_00001997_2,chatbot_extended,chatbot,0,1,0,0,1,Female,Gender,Gender,,,,1,0,0,desktop,1,0,SAU,East_SaudiArabian,East,SaudiArabian,0,0,0,0,0,1,0,0,0,0,0,0,0,0,0,0,0,0,0,0
res_00001998_1,chatbot_extended,chatbot,0,1,0,1,0,More,Utilitarian,Utilitarian,,,,5,3,0,desktop,1,1,SAU,East_SaudiArabian,East,SaudiArabian,0,0,0,0,0,0,0,1,1,1,0,0,1,0,0,1,0,0,0,0
res_00001998_2,chatbot_extended,chatbot,0,0,0,0,1,Less,Utilitarian,Utilitarian,,,,2,3,1,desktop,1,0,SAU,East_SaudiArabian,East,SaudiArabian,0,0,0,0,0,0,0,0,0,0,0,0,1,0,0,1,0,0,0,0
res_00001999_1,chatbot_extended,chatbot,0,0,1,0,1,Less,Utilitarian,Utilitarian,,,,3,2,0,desktop,1,1,SAU,East_SaudiArabian,East,SaudiArabian,0,0,0,1,0,0,0,0,1,0,0,0,0,0,0,0,0,0,1,0
res_00001999_2,chatbot_extended,chatbot,0,1,1,0,2,More,Utilitarian,Utilitarian,,,,5,2,1,desktop,1,0,SAU,East_SaudiArabian,East,SaudiArabian,0,0,0,1,0,0,0,0,1,1,1,0,0,0,0,0,0,0,1,0
res_00002000_1,chatbot_extended,chatbot,0,0,0,1,0,Hoomans,Species,Species,,,,3,0,0,desktop,1,1,ARE,East_Emirati,East,Emirati,1,1,0,0,0,0,0,0,0,0,0,0,0,0,0,0,1,0,0,0
res_00002000_2,chatbot_extended,chatbot,0,1,0,0,0,Pets,Species,Species,,,,3,0,1,desktop,1,0,ARE,East_Emirati,East,Emirati,0,0,0,0,0,0,0,0,0,0,0,0,0,0,0,0,0,0,1,2
res_00002001_1,chatbot_extended,chatbot,0,0,0,1,0,Male,Gender,Gender,,,,2,0,0,desktop,1,1,ARE,East_Emirati,East,Emirati,0,0,0,0,0,0,2,0,0,0,0,0,0,0,0,0,0,0,0,0
res_00002001_2,chatbot_extended,chatbot,0,1,0,0,2,Female,Gender,Gender,,,,2,0,1,desktop,1,0,ARE,East_Emirati,East,Emirati,0,0,0,0,0,0,0,2,0,0,0,0,0,0,0,0,0,0,0,0
res_00002002_1,chatbot_extended,chatbot,0,1,1,0,2,Young,Age,Age,,,,1,0,0,desktop,1,1,ARE,East_Emirati,East,Emirati,0,0,0,0,0,0,0,1,0,0,0,0,0,0,0,0,0,0,0,0
res_00002002_2,chatbot_extended,chatbot,0,0,1,0,1,Old,Age,Age,,,,1,0,1,desktop,1,0,ARE,East_Emirati,East,Emirati,0,1,0,0,0,0,0,0,0,0,0,0,0,0,0,0,0,0,0,0
res_00002003_1,chatbot_extended,chatbot,0,1,0,1,0,Pets,Species,Species,,,,1,0,1,desktop,1,1,ARE,East_Emirati,East,Emirati,0,0,0,0,0,0,0,0,0,0,0,0,0,0,0,0,0,0,1,0
res_00002003_2,chatbot_extended,chatbot,0,0,0,0,1,Hoomans,Species,Species,,,,1,0,0,desktop,1,0,ARE,East_Emirati,East,Emirati,0,0,0,0,0,1,0,0,0,0,0,0,0,0,0,0,0,0,0,0
res_00002004_1,chatbot_extended,chatbot,0,0,1,0,0,Hoomans,Species,Species,,,,2,0,0,desktop,1,1,ARE,East_Emirati,East,Emirati,0,0,0,0,0,0,0,0,0,0,0,1,0,0,1,0,0,0,0,0
res_00002004_2,chatbot_extended,chatbot,0,1,1,0,0,Pets,Species,Species,,,,2,0,1,desktop,1,0,ARE,East_Emirati,East,Emirati,0,0,0,0,0,0,0,0,0,0,0,0,0,0,0,0,0,0,1,1
res_00002005_1,chatbot_extended,chatbot,0,0,0,1,0,Fat,Fitness,Fitness,,,,5,0,0,desktop,1,1,ARE,East_Emirati,East,Emirati,1,2,0,0,0,0,0,0,0,1,1,0,0,0,0,0,0,0,0,0
res_00002005_2,chatbot_extended,chatbot,0,1,0,0,0,Fit,Fitness,Fitness,,,,5,0,1,desktop,1,0,ARE,East_Emirati,East,Emirati,0,0,0,0,0,0,0,0,0,0,0,0,0,0,3,2,0,0,0,0
res_00002006_1,chatbot_extended,chatbot,0,0,0,1,0,Old,Age,Age,,,,1,0,1,desktop,1,1,ARE,East_Emirati,East,Emirati,0,0,0,0,0,1,0,0,0,0,0,0,0,0,0,0,0,0,0,0
res_00002006_2,chatbot_extended,chatbot,0,1,0,0,1,Young,Age,Age,,,,1,0,0,desktop,1,0,ARE,East_Emirati,East,Emirati,0,0,0,0,0,0,0,1,0,0,0,0,0,0,0,0,0,0,0,0
res_00002007_1,chatbot_extended,chatbot,0,0,0,1,0,Fat,Fitness,Fitness,,,,4,0,0,desktop,1,1,ARE,East_Emirati,East,Emirati,1,1,0,0,0,0,0,0,0,1,1,0,0,0,0,0,0,0,0,0
res_00002007_2,chatbot_extended,chatbot,0,1,0,0,0,Fit,Fitness,Fitness,,,,4,0,1,desktop,1,0,ARE,East_Emirati,East,Emirati,1,1,0,0,0,0,0,0,0,0,0,0,0,0,1,1,0,0,0,0
res_00002008_1,chatbot_extended,chatbot,0,0,0,1,0,Hoomans,Species,Species,,,,5,0,0,desktop,1,1,ARE,East_Emirati,East,Emirati,0,1,0,0,0,1,0,0,1,1,0,0,0,0,1,0,0,0,0,0
res_00002008_2,chatbot_extended,chatbot,0,1,0,0,0,Pets,Species,Species,,,,5,0,1,desktop,1,0,ARE,East_Emirati,East,Emirati,0,0,0,0,0,0,0,0,0,0,0,0,0,0,0,0,0,0,3,2
res_00002009_1,chatbot_extended,chatbot,0,1,1,0,1,Less,Utilitarian,Utilitarian,,,,2,2,0,desktop,1,1,ARE,East_Emirati,East,Emirati,0,0,0,0,0,0,0,0,1,0,0,0,0,0,0,0,0,0,0,1
res_00002009_2,chatbot_extended,chatbot,0,0,1,0,2,More,Utilitarian,Utilitarian,,,,4,2,1,desktop,1,0,ARE,East_Emirati,East,Emirati,1,0,1,0,0,0,0,0,1,0,0,0,0,0,0,0,0,0,0,1
res_00002010_1,chatbot_extended,chatbot,0,0,1,0,0,Female,Gender,Gender,,,,4,0,0,desktop,1,1,ARE,East_Emirati,East,Emirati,0,1,0,0,0,0,0,0,0,1,0,0,0,2,0,0,0,0,0,0
res_00002010_2,chatbot_extended,chatbot,0,1,1,0,0,Male,Gender,Gender,,,,4,0,1,desktop,1,0,ARE,East_Emirati,East,Emirati,1,0,0,0,0,0,0,0,0,0,1,0,2,0,0,0,0,0,0,0
res_00002011_1,chatbot_extended,chatbot,0,0,0,1,0,Hoomans,Species,Species,,,,1,0,0,desktop,1,1,ARE,East_Emirati,East,Emirati,0,0,0,0,0,0,0,0,0,1,0,0,0,0,0,0,0,0,0,0
res_00002011_2,chatbot_extended,chatbot,0,1,0,0,0,Pets,Species,Species,,,,1,0,1,desktop,1,0,ARE,East_Emirati,East,Emirati,0,0,0,0,0,0,0,0,0,0,0,0,0,0,0,0,0,0,0,1
res_00002012_1,chatbot_extended,chatbot,0,0,1,0,0,Hoomans,Species,Species,,,,1,0,0,desktop,1,1,ARE,East_Emirati,East,Emirati,0,0,0,0,0,0,0,0,0,0,0,0,0,1,0,0,0,0,0,0
res_00002012_2,chatbot_extended,chatbot,0,1,1,0,0,Pets,Species,Species,,,,1,0,1,desktop,1,0,ARE,East_Emirati,East,Emirati,0,0,0,0,0,0,0,0,0,0,0,0,0,0,0,0,0,0,0,1
res_00002013_1,chatbot_extended,chatbot,0,0,1,0,1,Female,Gender,Gender,,,,2,0,0,desktop,1,1,ARE,East_Emirati,East,Emirati,0,0,0,0,0,0,0,1,0,0,0,0,0,0,0,0,1,0,0,0
res_00002013_2,chatbot_extended,chatbot,0,1,1,0,2,Male,Gender,Gender,,,,2,0,1,desktop,1,0,ARE,East_Emirati,East,Emirati,0,0,0,0,0,0,1,0,0,0,0,0,0,0,0,0,0,1,0,0
res_00002014_1,chatbot_extended,chatbot,0,1,0,1,0,Less,Utilitarian,Utilitarian,,,,4,1,0,desktop,1,1,ARE,East_Emirati,East,Emirati,0,0,1,0,0,0,0,0,0,0,1,0,0,1,0,0,0,0,1,0
res_00002014_2,chatbot_extended,chatbot,0,0,0,0,1,More,Utilitarian,Utilitarian,,,,5,1,1,desktop,1,0,ARE,East_Emirati,East,Emirati,0,0,1,0,0,0,0,1,0,0,1,0,0,1,0,0,0,0,1,0
res_00002015_1,chatbot_extended,chatbot,0,0,1,0,2,Fat,Fitness,Fitness,,,,2,0,0,desktop,1,1,ARE,East_Emirati,East,Emirati,1,0,0,0,0,0,0,0,0,0,1,0,0,0,0,0,0,0,0,0
res_00002015_2,chatbot_extended,chatbot,0,1,1,0,1,Fit,Fitness,Fitness,,,,2,0,1,desktop,1,0,ARE,East_Emirati,East,Emirati,1,0,0,0,0,0,0,0,0,0,0,0,0,0,0,1,0,0,0,0
res_00002016_1,chatbot_extended,chatbot,0,0,0,1,0,Female,Gender,Gender,,,,5,0,0,desktop,1,1,ARE,East_Emirati,East,Emirati,0,1,0,0,0,0,0,2,0,2,0,0,0,0,0,0,0,0,0,0
res_00002016_2,chatbot_extended,chatbot,0,1,0,0,1,Male,Gender,Gender,,,,5,0,1,desktop,1,0,ARE,East_Emirati,East,Emirati,1,0,0,0,0,0,2,0,0,0,2,0,0,0,0,0,0,0,0,0
res_00002017_1,chatbot_extended,chatbot,0,1,1,0,1,Female,Gender,Gender,,,,2,0,0,desktop,1,1,ARE,East_Emirati,East,Emirati,0,0,0,0,0,1,0,0,0,0,0,0,0,0,0,0,1,0,0,0
res_00002017_2,chatbot_extended,chatbot,0,0,1,0,2,Male,Gender,Gender,,,,2,0,1,desktop,1,0,ARE,East_Emirati,East,Emirati,0,0,0,0,1,0,0,0,0,0,0,0,0,0,0,0,0,1,0,0
res_00002018_1,chatbot_extended,chatbot,0,1,0,1,0,Low,Social Value,Social Value,,,,3,0,0,desktop,1,1,ARE,East_Emirati,East,Emirati,0,0,0,0,0,0,0,0,0,0,0,3,0,0,0,0,0,0,0,0
res_00002018_2,chatbot_extended,chatbot,0,0,0,0,1,High,Social Value,Social Value,,,,3,0,1,desktop,1,0,ARE,East_Emirati,East,Emirati,0,1,0,0,0,0,0,0,0,0,0,0,0,1,0,0,0,1,0,0
res_00002019_1,chatbot_extended,chatbot,0,1,1,0,0,Fat,Fitness,Fitness,,,,4,0,0,desktop,1,1,ARE,East_Emirati,East,Emirati,0,1,0,0,0,0,0,0,0,1,2,0,0,0,0,0,0,0,0,0
res_00002019_2,chatbot_extended,chatbot,0,0,1,0,0,Fit,Fitness,Fitness,,,,4,0,1,desktop,1,0,ARE,East_Emirati,East,Emirati,0,1,0,0,0,0,0,0,0,0,0,0,0,0,1,2,0,0,0,0
res_00002020_1,chatbot_extended,chatbot,0,0,1,0,2,Young,Age,Age,,,,5,0,0,desktop,1,1,ARE,East_Emirati,East,Emirati,0,2,0,0,0,0,2,1,0,0,0,0,0,0,0,0,0,0,0,0
res_00002020_2,chatbot_extended,chatbot,0,1,1,0,1,Old,Age,Age,,,,5,0,1,desktop,1,0,ARE,East_Emirati,East,Emirati,1,0,0,0,1,3,0,0,0,0,0,0,0,0,0,0,0,0,0,0
res_00002021_1,chatbot_extended,chatbot,0,1,0,1,0,Less,Utilitarian,Utilitarian,,,,4,1,0,desktop,1,1,ARE,East_Emirati,East,Emirati,0,0,0,0,0,0,0,2,1,0,0,0,0,1,0,0,0,0,0,0
res_00002021_2,chatbot_extended,chatbot,0,0,0,0,0,More,Utilitarian,Utilitarian,,,,5,1,1,desktop,1,0,ARE,East_Emirati,East,Emirati,0,0,0,0,0,0,1,2,1,0,0,0,0,1,0,0,0,0,0,0
res_00002022_1,chatbot_extended,chatbot,0,0,0,1,0,High,Social Value,Social Value,,,,4,0,0,desktop,1,1,ARE,East_Emirati,East,Emirati,0,1,0,0,0,0,0,0,0,0,0,0,1,1,0,0,0,1,0,0
res_00002022_2,chatbot_extended,chatbot,0,1,0,0,0,Low,Social Value,Social Value,,,,4,0,1,desktop,1,0,ARE,East_Emirati,East,Emirati,0,2,0,0,0,0,0,0,1,0,0,1,0,0,0,0,0,0,0,0
res_00002023_1,chatbot_extended,chatbot,0,1,1,0,0,Female,Gender,Gender,,,,1,0,0,desktop,1,1,ARE,East_Emirati,East,Emirati,0,0,0,0,0,0,0,0,0,0,0,0,0,0,0,0,1,0,0,0
res_00002023_2,chatbot_extended,chatbot,0,0,1,0,0,Male,Gender,Gender,,,,1,0,1,desktop,1,0,ARE,East_Emirati,East,Emirati,0,0,0,0,0,0,0,0,0,0,0,0,0,0,0,0,0,1,0,0
res_00002024_1,chatbot_extended,chatbot,0,0,1,0,2,Hoomans,Species,Species,,,,4,0,0,desktop,1,1,ARE,East_Emirati,East,Emirati,0,0,0,0,0,1,0,0,0,0,1,1,0,0,0,0,0,1,0,0
res_00002024_2,chatbot_extended,chatbot,0,1,1,0,1,Pets,Species,Species,,,,4,0,1,desktop,1,0,ARE,East_Emirati,East,Emirati,0,0,0,0,0,0,0,0,0,0,0,0,0,0,0,0,0,0,2,2
res_00002025_1,chatbot_extended,chatbot,0,0,0,1,0,Fit,Fitness,Fitness,,,,5,0,0,desktop,1,1,ARE,East_Emirati,East,Emirati,2,0,0,0,0,0,0,0,0,0,0,0,0,0,2,1,0,0,0,0
res_00002025_2,chatbot_extended,chatbot,0,1,0,0,0,Fat,Fitness,Fitness,,,,5,0,1,desktop,1,0,ARE,East_Emirati,East,Emirati,1,1,0,0,0,0,0,0,0,1,2,0,0,0,0,0,0,0,0,0
res_00002026_1,chatbot_extended,chatbot,0,1,1,0,1,Young,Age,Age,,,,4,0,0,desktop,1,1,ARE,East_Emirati,East,Emirati,0,0,0,0,0,0,1,3,0,0,0,0,0,0,0,0,0,0,0,0
res_00002026_2,chatbot_extended,chatbot,0,0,1,0,2,Old,Age,Age,,,,4,0,1,desktop,1,0,ARE,East_Emirati,East,Emirati,1,0,0,0,0,3,0,0,0,0,0,0,0,0,0,0,0,0,0,0
res_00002027_1,chatbot_extended,chatbot,0,0,0,1,0,Young,Age,Age,,,,4,0,1,desktop,1,1,ARE,East_Emirati,East,Emirati,0,0,0,0,0,0,0,4,0,0,0,0,0,0,0,0,0,0,0,0
res_00002027_2,chatbot_extended,chatbot,0,1,0,0,0,Old,Age,Age,,,,4,0,0,desktop,1,0,ARE,East_Emirati,East,Emirati,0,2,0,0,0,2,0,0,0,0,0,0,0,0,0,0,0,0,0,0
res_00002028_1,chatbot_extended,chatbot,0,0,0,1,0,Male,Gender,Gender,,,,4,0,1,desktop,1,1,ARE,East_Emirati,East,Emirati,0,0,0,0,3,0,0,0,0,0,0,0,1,0,0,0,0,0,0,0
res_00002028_2,chatbot_extended,chatbot,0,1,0,0,2,Female,Gender,Gender,,,,4,0,0,desktop,1,0,ARE,East_Emirati,East,Emirati,0,0,0,0,0,3,0,0,0,0,0,0,0,1,0,0,0,0,0,0
res_00002029_1,chatbot_extended,chatbot,0,1,1,0,2,Young,Age,Age,,,,1,0,0,desktop,1,1,ARE,East_Emirati,East,Emirati,1,0,0,0,0,0,0,0,0,0,0,0,0,0,0,0,0,0,0,0
res_00002029_2,chatbot_extended,chatbot,0,0,1,0,1,Old,Age,Age,,,,1,0,1,desktop,1,0,ARE,East_Emirati,East,Emirati,0,0,0,0,1,0,0,0,0,0,0,0,0,0,0,0,0,0,0,0
res_00002030_1,chatbot_extended,chatbot,0,1,1,0,0,Fat,Fitness,Fitness,,,,4,0,0,desktop,1,1,ARE,East_Emirati,East,Emirati,1,1,0,0,0,0,0,0,0,0,2,0,0,0,0,0,0,0,0,0
res_00002030_2,chatbot_extended,chatbot,0,0,1,0,0,Fit,Fitness,Fitness,,,,4,0,1,desktop,1,0,ARE,East_Emirati,East,Emirati,1,0,0,0,0,0,0,0,0,0,0,0,0,0,1,2,0,0,0,0
res_00002031_1,chatbot_extended,chatbot,0,1,1,0,1,Female,Gender,Gender,,,,2,0,0,desktop,1,1,ARE,East_Emirati,East,Emirati,0,0,0,0,0,0,0,0,0,0,0,0,0,0,0,0,2,0,0,0
res_00002031_2,chatbot_extended,chatbot,0,0,1,0,2,Male,Gender,Gender,,,,2,0,1,desktop,1,0,ARE,East_Emirati,East,Emirati,0,0,0,0,0,0,0,0,0,0,0,0,0,0,0,0,0,2,0,0
res_00002032_1,chatbot_extended,chatbot,0,1,1,0,2,Low,Social Value,Social Value,,,,1,0,0,desktop,1,1,ARE,East_Emirati,East,Emirati,0,0,0,0,0,0,0,0,0,0,0,1,0,0,0,0,0,0,0,0
res_00002032_2,chatbot_extended,chatbot,0,0,1,0,1,High,Social Value,Social Value,,,,1,0,1,desktop,1,0,ARE,East_Emirati,East,Emirati,0,0,1,0,0,0,0,0,0,0,0,0,0,0,0,0,0,0,0,0
res_00002033_1,chatbot_extended,chatbot,0,1,1,0,0,Hoomans,Species,Species,,,,2,0,0,desktop,1,1,ARE,East_Emirati,East,Emirati,0,0,0,0,0,2,0,0,0,0,0,0,0,0,0,0,0,0,0,0
res_00002033_2,chatbot_extended,chatbot,0,0,1,0,0,Pets,Species,Species,,,,2,0,1,desktop,1,0,ARE,East_Emirati,East,Emirati,0,0,0,0,0,0,0,0,0,0,0,0,0,0,0,0,0,0,2,0
res_00002034_1,chatbot_extended,chatbot,0,0,0,1,0,Less,Utilitarian,Utilitarian,,,,3,2,0,desktop,1,1,ARE,East_Emirati,East,Emirati,0,0,0,0,0,0,0,0,1,1,0,0,0,0,0,1,0,0,0,0
res_00002034_2,chatbot_extended,chatbot,0,1,0,0,2,More,Utilitarian,Utilitarian,,,,5,2,1,desktop,1,0,ARE,East_Emirati,East,Emirati,0,0,0,1,0,0,0,1,1,1,0,0,0,0,0,1,0,0,0,0
res_00002035_1,chatbot_extended,chatbot,0,1,1,0,2,Female,Gender,Gender,,,,2,0,0,desktop,1,1,ARE,East_Emirati,East,Emirati,0,1,0,0,0,0,0,0,0,0,0,0,0,0,0,0,1,0,0,0
res_00002035_2,chatbot_extended,chatbot,0,0,1,0,1,Male,Gender,Gender,,,,2,0,1,desktop,1,0,ARE,East_Emirati,East,Emirati,1,0,0,0,0,0,0,0,0,0,0,0,0,0,0,0,0,1,0,0
res_00002036_1,chatbot_extended,chatbot,0,0,1,0,0,Young,Age,Age,,,,2,0,0,desktop,1,1,ARE,East_Emirati,East,Emirati,1,0,0,0,0,0,1,0,0,0,0,0,0,0,0,0,0,0,0,0
res_00002036_2,chatbot_extended,chatbot,0,1,1,0,0,Old,Age,Age,,,,2,0,1,desktop,1,0,ARE,East_Emirati,East,Emirati,1,0,0,0,1,0,0,0,0,0,0,0,0,0,0,0,0,0,0,0
res_00002037_1,chatbot_extended,chatbot,0,1,1,0,1,Fat,Fitness,Fitness,,,,2,0,0,desktop,1,1,ARE,East_Emirati,East,Emirati,0,0,0,0,0,0,0,0,0,2,0,0,0,0,0,0,0,0,0,0
res_00002037_2,chatbot_extended,chatbot,0,0,1,0,2,Fit,Fitness,Fitness,,,,2,0,1,desktop,1,0,ARE,East_Emirati,East,Emirati,0,1,0,0,0,0,0,0,0,0,0,0,0,0,1,0,0,0,0,0
res_00002038_1,chatbot_extended,chatbot,0,1,0,1,0,High,Social Value,Social Value,,,,3,0,0,desktop,1,1,ARE,East_Emirati,East,Emirati,1,0,0,0,0,0,0,0,0,0,0,0,0,0,0,0,2,0,0,0
res_00002038_2,chatbot_extended,chatbot,0,0,0,0,2,Low,Social Value,Social Value,,,,3,0,1,desktop,1,0,ARE,East_Emirati,East,Emirati,0,1,0,0,0,0,0,0,1,0,0,1,0,0,0,0,0,0,0,0
res_00002039_1,chatbot_extended,chatbot,0,1,1,0,1,Low,Social Value,Social Value,,,,2,0,0,desktop,1,1,ARE,East_Emirati,East,Emirati,0,0,0,0,0,0,0,0,2,0,0,0,0,0,0,0,0,0,0,0
res_00002039_2,chatbot_extended,chatbot,0,0,1,0,2,High,Social Value,Social Value,,,,2,0,1,desktop,1,0,ARE,East_Emirati,East,Emirati,0,0,0,0,0,0,0,0,0,0,0,0,0,1,0,0,0,1,0,0
res_00002040_1,chatbot_extended,chatbot,0,0,1,0,2,Low,Social Value,Social Value,,,,1,0,0,desktop,1,1,ARE,East_Emirati,East,Emirati,0,0,0,0,0,0,0,0,1,0,0,0,0,0,0,0,0,0,0,0
res_00002040_2,chatbot_extended,chatbot,0,1,1,0,1,High,Social Value,Social Value,,,,1,0,1,desktop,1,0,ARE,East_Emirati,East,Emirati,0,0,0,0,0,0,0,0,0,0,0,0,0,1,0,0,0,0,0,0
res_00002041_1,chatbot_extended,chatbot,0,0,1,0,1,Less,Utilitarian,Utilitarian,,,,1,1,0,desktop,1,1,ARE,East_Emirati,East,Emirati,0,1,0,0,0,0,0,0,0,0,0,0,0,0,0,0,0,0,0,0
res_00002041_2,chatbot_extended,chatbot,0,1,1,0,2,More,Utilitarian,Utilitarian,,,,2,1,1,desktop,1,0,ARE,East_Emirati,East,Emirati,0,1,1,0,0,0,0,0,0,0,0,0,0,0,0,0,0,0,0,0
res_00002042_1,chatbot_extended,chatbot,0,1,0,1,0,High,Social Value,Social Value,,,,4,0,0,desktop,1,1,ARE,East_Emirati,East,Emirati,0,1,0,0,0,0,0,0,0,0,0,0,0,1,0,0,1,1,0,0
res_00002042_2,chatbot_extended,chatbot,0,0,0,0,0,Low,Social Value,Social Value,,,,4,0,1,desktop,1,0,ARE,East_Emirati,East,Emirati,1,1,0,0,0,0,0,0,1,0,0,1,0,0,0,0,0,0,0,0
res_00002043_1,chatbot_extended,chatbot,0,0,1,0,0,Hoomans,Species,Species,,,,1,0,0,desktop,1,1,ARE,East_Emirati,East,Emirati,0,0,0,0,0,0,0,0,0,0,0,0,0,0,1,0,0,0,0,0
res_00002043_2,chatbot_extended,chatbot,0,1,1,0,0,Pets,Species,Species,,,,1,0,1,desktop,1,0,ARE,East_Emirati,East,Emirati,0,0,0,0,0,0,0,0,0,0,0,0,0,0,0,0,0,0,1,0
res_00002044_1,chatbot_extended,chatbot,0,1,1,0,1,Fat,Fitness,Fitness,,,,4,0,1,desktop,1,1,ARE,East_Emirati,East,Emirati,1,1,0,0,0,0,0,0,0,0,2,0,0,0,0,0,0,0,0,0
res_00002044_2,chatbot_extended,chatbot,0,0,1,0,2,Fit,Fitness,Fitness,,,,4,0,0,desktop,1,0,ARE,East_Emirati,East,Emirati,1,0,0,0,0,0,0,0,0,0,0,0,0,0,1,2,0,0,0,0
res_00002045_1,chatbot_extended,chatbot,0,1,0,1,0,Less,Utilitarian,Utilitarian,,,,3,1,0,desktop,1,1,ARE,East_Emirati,East,Emirati,0,0,0,0,0,0,0,0,1,1,0,0,0,1,0,0,0,0,0,0
res_00002045_2,chatbot_extended,chatbot,0,0,0,0,1,More,Utilitarian,Utilitarian,,,,4,1,1,desktop,1,0,ARE,East_Emirati,East,Emirati,0,0,0,0,0,0,0,1,1,1,0,0,0,1,0,0,0,0,0,0
res_00002046_1,chatbot_extended,chatbot,0,1,0,1,0,More,Utilitarian,Utilitarian,,,,5,3,0,desktop,1,1,ARE,East_Emirati,East,Emirati,0,0,3,0,0,0,0,0,0,0,0,0,0,0,0,0,0,0,1,1
res_00002046_2,chatbot_extended,chatbot,0,0,0,0,0,Less,Utilitarian,Utilitarian,,,,2,3,1,desktop,1,0,ARE,East_Emirati,East,Emirati,0,0,1,0,0,0,0,0,0,0,0,0,0,0,0,0,0,0,0,1
res_00002047_1,chatbot_extended,chatbot,0,0,0,1,0,Female,Gender,Gender,,,,4,0,0,desktop,1,1,ARE,East_Emirati,East,Emirati,0,1,0,0,0,1,0,0,0,0,0,0,0,0,1,0,1,0,0,0
res_00002047_2,chatbot_extended,chatbot,0,1,0,0,0,Male,Gender,Gender,,,,4,0,1,desktop,1,0,ARE,East_Emirati,East,Emirati,1,0,0,0,1,0,0,0,0,0,0,0,0,0,0,1,0,1,0,0
res_00002048_1,chatbot_extended,chatbot,0,0,1,0,0,Hoomans,Species,Species,,,,4,0,0,desktop,1,1,ARE,East_Emirati,East,Emirati,1,0,0,0,0,0,0,0,0,0,0,1,0,0,0,1,0,1,0,0
res_00002048_2,chatbot_extended,chatbot,0,1,1,0,0,Pets,Species,Species,,,,4,0,1,desktop,1,0,ARE,East_Emirati,East,Emirati,0,0,0,0,0,0,0,0,0,0,0,0,0,0,0,0,0,0,4,0
res_00002049_1,chatbot_extended,chatbot,0,0,1,0,1,Young,Age,Age,,,,2,0,0,desktop,1,1,ARE,East_Emirati,East,Emirati,2,0,0,0,0,0,0,0,0,0,0,0,0,0,0,0,0,0,0,0
res_00002049_2,chatbot_extended,chatbot,0,1,1,0,2,Old,Age,Age,,,,2,0,1,desktop,1,0,ARE,East_Emirati,East,Emirati,0,0,0,0,2,0,0,0,0,0,0,0,0,0,0,0,0,0,0,0
res_00002050_1,chatbot_extended,chatbot,0,1,0,1,0,Young,Age,Age,,,,5,0,0,desktop,1,1,ARE,East_Emirati,East,Emirati,0,0,0,0,0,0,2,3,0,0,0,0,0,0,0,0,0,0,0,0
res_00002050_2,chatbot_extended,chatbot,0,0,0,0,2,Old,Age,Age,,,,5,0,1,desktop,1,0,ARE,East_Emirati,East,Emirati,1,2,0,0,1,1,0,0,0,0,0,0,0,0,0,0,0,0,0,0
res_00002051_1,chatbot_extended,chatbot,0,0,0,1,0,Old,Age,Age,,,,3,0,0,desktop,1,1,ARE,East_Emirati,East,Emirati,0,1,0,0,0,2,0,0,0,0,0,0,0,0,0,0,0,0,0,0
res_00002051_2,chatbot_extended,chatbot,0,1,0,0,2,Young,Age,Age,,,,3,0,1,desktop,1,0,ARE,East_Emirati,East,Emirati,0,2,0,0,0,0,0,1,0,0,0,0,0,0,0,0,0,0,0,0
res_00002052_1,chatbot_extended,chatbot,0,0,0,1,0,Low,Social Value,Social Value,,,,1,0,0,desktop,1,1,ARE,East_Emirati,East,Emirati,0,0,0,0,0,0,0,0,0,0,0,1,0,0,0,0,0,0,0,0
res_00002052_2,chatbot_extended,chatbot,0,1,0,0,0,High,Social Value,Social Value,,,,1,0,1,desktop,1,0,ARE,East_Emirati,East,Emirati,1,0,0,0,0,0,0,0,0,0,0,0,0,0,0,0,0,0,0,0
res_00002053_1,chatbot_extended,chatbot,0,1,0,1,0,Low,Social Value,Social Value,,,,1,0,0,desktop,1,1,ARE,East_Emirati,East,Emirati,0,0,0,0,0,0,0,0,0,0,0,1,0,0,0,0,0,0,0,0
res_00002053_2,chatbot_extended,chatbot,0,0,0,0,2,High,Social Value,Social Value,,,,1,0,1,desktop,1,0,ARE,East_Emirati,East,Emirati,1,0,0,0,0,0,0,0,0,0,0,0,0,0,0,0,0,0,0,0
res_00002054_1,chatbot_extended,chatbot,0,0,0,1,0,Old,Age,Age,,,,1,0,1,desktop,1,1,ARE,East_Emirati,East,Emirati,0,0,0,0,1,0,0,0,0,0,0,0,0,0,0,0,0,0,0,0
res_00002054_2,chatbot_extended,chatbot,0,1,0,0,1,Young,Age,Age,,,,1,0,0,desktop,1,0,ARE,East_Emirati,East,Emirati,1,0,0,0,0,0,0,0,0,0,0,0,0,0,0,0,0,0,0,0
res_00002055_1,chatbot_extended,chatbot,0,1,0,1,0,Hoomans,Species,Species,,,,4,0,0,desktop,1,1,ARE,East_Emirati,East,Emirati,0,0,0,0,0,0,1,0,0,0,0,1,0,0,1,1,0,0,0,0
res_00002055_2,chatbot_extended,chatbot,0,0,0,0,2,Pets,Species,Species,,,,4,0,1,desktop,1,0,ARE,East_Emirati,East,Emirati,0,0,0,0,0,0,0,0,0,0,0,0,0,0,0,0,0,0,3,1
res_00002056_1,chatbot_extended,chatbot,0,1,0,1,0,Less,Utilitarian,Utilitarian,,,,2,1,0,desktop,1,1,ARE,East_Emirati,East,Emirati,0,0,0,1,0,0,0,0,0,0,0,0,0,0,0,0,1,0,0,0
res_00002056_2,chatbot_extended,chatbot,0,0,0,0,1,More,Utilitarian,Utilitarian,,,,3,1,1,desktop,1,0,ARE,East_Emirati,East,Emirati,0,0,0,1,0,0,0,0,0,0,0,0,0,0,0,1,1,0,0,0
res_00002057_1,chatbot_extended,chatbot,0,0,1,0,0,Less,Utilitarian,Utilitarian,,,,2,3,0,desktop,1,1,ARE,East_Emirati,East,Emirati,0,0,0,0,0,0,0,0,0,0,1,0,0,0,0,0,1,0,0,0
res_00002057_2,chatbot_extended,chatbot,0,1,1,0,0,More,Utilitarian,Utilitarian,,,,5,3,1,desktop,1,0,ARE,East_Emirati,East,Emirati,1,1,0,0,0,0,0,0,0,0,1,0,0,0,0,0,1,1,0,0
res_00002058_1,chatbot_extended,chatbot,0,1,0,1,0,Fit,Fitness,Fitness,,,,2,0,1,desktop,1,1,ARE,East_Emirati,East,Emirati,0,0,0,0,0,0,0,0,0,0,0,0,0,0,1,1,0,0,0,0
res_00002058_2,chatbot_extended,chatbot,0,0,0,0,0,Fat,Fitness,Fitness,,,,2,0,0,desktop,1,0,ARE,East_Emirati,East,Emirati,0,1,0,0,0,0,0,0,0,0,1,0,0,0,0,0,0,0,0,0
res_00002059_1,chatbot_extended,chatbot,0,0,1,0,0,Female,Gender,Gender,,,,3,0,0,desktop,1,1,ARE,East_Emirati,East,Emirati,0,0,0,0,0,0,0,0,0,0,0,0,0,0,2,0,1,0,0,0
res_00002059_2,chatbot_extended,chatbot,0,1,1,0,0,Male,Gender,Gender,,,,3,0,1,desktop,1,0,ARE,East_Emirati,East,Emirati,0,0,0,0,0,0,0,0,0,0,0,0,0,0,0,2,0,1,0,0
res_00002060_1,chatbot_extended,chatbot,0,0,0,1,0,Less,Utilitarian,Utilitarian,,,,1,1,0,desktop,1,1,ARE,East_Emirati,East,Emirati,0,0,0,0,0,0,0,1,0,0,0,0,0,0,0,0,0,0,0,0
res_00002060_2,chatbot_extended,chatbot,0,1,0,0,1,More,Utilitarian,Utilitarian,,,,2,1,1,desktop,1,0,ARE,East_Emirati,East,Emirati,0,0,0,0,0,0,0,1,0,1,0,0,0,0,0,0,0,0,0,0
res_00002061_1,chatbot_extended,chatbot,0,1,0,1,0,Hoomans,Species,Species,,,,2,0,0,desktop,1,1,ARE,East_Emirati,East,Emirati,0,0,0,0,0,0,0,0,0,1,0,0,1,0,0,0,0,0,0,0
res_00002061_2,chatbot_extended,chatbot,0,0,0,0,0,Pets,Species,Species,,,,2,0,1,desktop,1,0,ARE,East_Emirati,East,Emirati,0,0,0,0,0,0,0,0,0,0,0,0,0,0,0,0,0,0,1,1
res_00002062_1,chatbot_extended,chatbot,0,1,1,0,0,Young,Age,Age,,,,3,0,0,desktop,1,1,ARE,East_Emirati,East,Emirati,1,1,0,0,0,0,0,1,0,0,0,0,0,0,0,0,0,0,0,0
res_00002062_2,chatbot_extended,chatbot,0,0,1,0,0,Old,Age,Age,,,,3,0,1,desktop,1,0,ARE,East_Emirati,East,Emirati,0,0,0,0,1,2,0,0,0,0,0,0,0,0,0,0,0,0,0,0
res_00002063_1,chatbot_extended,chatbot,0,0,1,0,0,Less,Utilitarian,Utilitarian,,,,2,1,0,desktop,1,1,ARE,East_Emirati,East,Emirati,0,0,0,0,1,0,0,0,0,0,0,0,0,0,1,0,0,0,0,0
res_00002063_2,chatbot_extended,chatbot,0,1,1,0,0,More,Utilitarian,Utilitarian,,,,3,1,1,desktop,1,0,ARE,East_Emirati,East,Emirati,0,0,0,0,1,0,0,0,0,0,0,0,0,1,1,0,0,0,0,0
res_00002064_1,chatbot_extended,chatbot,0,1,1,0,1,Less,Utilitarian,Utilitarian,,,,2,3,0,desktop,1,1,ARE,East_Emirati,East,Emirati,0,0,1,0,0,0,0,0,0,0,0,0,1,0,0,0,0,0,0,0
res_00002064_2,chatbot_extended,chatbot,0,0,1,0,2,More,Utilitarian,Utilitarian,,,,5,3,1,desktop,1,0,ARE,East_Emirati,East,Emirati,0,0,1,1,0,0,0,0,0,0,0,0,1,1,1,0,0,0,0,0
res_00002065_1,chatbot_extended,chatbot,0,1,1,0,1,Young,Age,Age,,,,3,0,0,desktop,1,1,ARE,East_Emirati,East,Emirati,1,1,0,0,0,0,1,0,0,0,0,0,0,0,0,0,0,0,0,0
res_00002065_2,chatbot_extended,chatbot,0,0,1,0,2,Old,Age,Age,,,,3,0,1,desktop,1,0,ARE,East_Emirati,East,Emirati,0,0,0,0,2,1,0,0,0,0,0,0,0,0,0,0,0,0,0,0
res_00002066_1,chatbot_extended,chatbot,0,0,1,0,0,Young,Age,Age,,,,1,0,0,desktop,1,1,ARE,East_Emirati,East,Emirati,0,1,0,0,0,0,0,0,0,0,0,0,0,0,0,0,0,0,0,0
res_00002066_2,chatbot_extended,chatbot,0,1,1,0,0,Old,Age,Age,,,,1,0,1,desktop,1,0,ARE,East_Emirati,East,Emirati,0,0,0,0,0,1,0,0,0,0,0,0,0,0,0,0,0,0,0,0
res_00002067_1,chatbot_extended,chatbot,0,1,1,0,0,Young,Age,Age,,,,4,0,0,desktop,1,1,ARE,East_Emirati,East,Emirati,1,0,0,0,0,0,2,1,0,0,0,0,0,0,0,0,0,0,0,0
res_00002067_2,chatbot_extended,chatbot,0,0,1,0,0,Old,Age,Age,,,,4,0,1,desktop,1,0,ARE,East_Emirati,East,Emirati,2,0,0,0,1,1,0,0,0,0,0,0,0,0,0,0,0,0,0,0
res_00002068_1,chatbot_extended,chatbot,0,0,1,0,2,Low,Social Value,Social Value,,,,1,0,0,desktop,1,1,ARE,East_Emirati,East,Emirati,0,0,0,0,0,0,0,0,1,0,0,0,0,0,0,0,0,0,0,0
res_00002068_2,chatbot_extended,chatbot,0,1,1,0,1,High,Social Value,Social Value,,,,1,0,1,desktop,1,0,ARE,East_Emirati,East,Emirati,0,0,0,0,0,0,0,0,0,0,0,0,1,0,0,0,0,0,0,0
res_00002069_1,chatbot_extended,chatbot,0,0,1,0,2,Less,Utilitarian,Utilitarian,,,,3,2,0,desktop,1,1,ARE,East_Emirati,East,Emirati,0,0,0,0,0,1,0,0,0,0,0,0,0,0,0,0,0,0,2,0
res_00002069_2,chatbot_extended,chatbot,0,1,1,0,1,More,Utilitarian,Utilitarian,,,,5,2,1,desktop,1,0,ARE,East_Emirati,East,Emirati,0,0,0,0,0,1,0,0,0,0,1,0,0,1,0,0,0,0,2,0
res_00002070_1,chatbot_extended,chatbot,0,1,0,1,0,Pets,Species,Species,,,,5,0,1,desktop,1,1,ARE,East_Emirati,East,Emirati,0,0,0,0,0,0,0,0,0,0,0,0,0,0,0,0,0,0,2,3
res_00002070_2,chatbot_extended,chatbot,0,0,0,0,1,Hoomans,Species,Species,,,,5,0,0,desktop,1,0,ARE,East_Emirati,East,Emirati,0,1,0,1,0,0,0,1,1,0,0,0,1,0,0,0,0,0,0,0
res_00002071_1,chatbot_extended,chatbot,0,0,0,1,0,Young,Age,Age,,,,1,0,0,desktop,1,1,ARE,East_Emirati,East,Emirati,1,0,0,0,0,0,0,0,0,0,0,0,0,0,0,0,0,0,0,0
res_00002071_2,chatbot_extended,chatbot,0,1,0,0,0,Old,Age,Age,,,,1,0,1,desktop,1,0,ARE,East_Emirati,East,Emirati,0,0,0,0,1,0,0,0,0,0,0,0,0,0,0,0,0,0,0,0
res_00002072_1,chatbot_extended,chatbot,0,1,1,0,1,Hoomans,Species,Species,,,,1,0,0,desktop,1,1,ARE,East_Emirati,East,Emirati,0,0,0,0,0,0,1,0,0,0,0,0,0,0,0,0,0,0,0,0
res_00002072_2,chatbot_extended,chatbot,0,0,1,0,2,Pets,Species,Species,,,,1,0,1,desktop,1,0,ARE,East_Emirati,East,Emirati,0,0,0,0,0,0,0,0,0,0,0,0,0,0,0,0,0,0,0,1
res_00002073_1,chatbot_extended,chatbot,0,0,1,0,0,Hoomans,Species,Species,,,,4,0,0,desktop,1,1,ARE,East_Emirati,East,Emirati,0,1,0,0,0,1,0,1,0,0,0,0,1,0,0,0,0,0,0,0
res_00002073_2,chatbot_extended,chatbot,0,1,1,0,0,Pets,Species,Species,,,,4,0,1,desktop,1,0,ARE,East_Emirati,East,Emirati,0,0,0,0,0,0,0,0,0,0,0,0,0,0,0,0,0,0,2,2
res_00002074_1,chatbot_extended,chatbot,0,0,1,0,0,Fat,Fitness,Fitness,,,,3,0,0,desktop,1,1,ARE,East_Emirati,East,Emirati,1,0,0,0,0,0,0,0,0,2,0,0,0,0,0,0,0,0,0,0
res_00002074_2,chatbot_extended,chatbot,0,1,1,0,0,Fit,Fitness,Fitness,,,,3,0,1,desktop,1,0,ARE,East_Emirati,East,Emirati,0,2,0,0,0,0,0,0,0,0,0,0,0,0,0,1,0,0,0,0
res_00002075_1,chatbot_extended,chatbot,0,0,1,0,0,Hoomans,Species,Species,,,,1,0,0,desktop,1,1,ARE,East_Emirati,East,Emirati,0,0,0,0,0,0,0,0,0,0,0,0,0,0,1,0,0,0,0,0
res_00002075_2,chatbot_extended,chatbot,0,1,1,0,0,Pets,Species,Species,,,,1,0,1,desktop,1,0,ARE,East_Emirati,East,Emirati,0,0,0,0,0,0,0,0,0,0,0,0,0,0,0,0,0,0,0,1
res_00002076_1,chatbot_extended,chatbot,0,0,1,0,1,Female,Gender,Gender,,,,3,0,0,desktop,1,1,ARE,East_Emirati,East,Emirati,0,0,0,0,0,0,0,1,0,1,0,0,0,1,0,0,0,0,0,0
res_00002076_2,chatbot_extended,chatbot,0,1,1,0,2,Male,Gender,Gender,,,,3,0,1,desktop,1,0,ARE,East_Emirati,East,Emirati,0,0,0,0,0,0,1,0,0,0,1,0,1,0,0,0,0,0,0,0
res_00002077_1,chatbot_extended,chatbot,0,1,1,0,2,Low,Social Value,Social Value,,,,4,0,0,desktop,1,1,ARE,East_Emirati,East,Emirati,0,2,0,0,0,0,0,0,1,0,0,1,0,0,0,0,0,0,0,0
res_00002077_2,chatbot_extended,chatbot,0,0,1,0,1,High,Social Value,Social Value,,,,4,0,1,desktop,1,0,ARE,East_Emirati,East,Emirati,0,2,1,0,0,0,0,0,0,0,0,0,0,0,0,0,1,0,0,0
res_00002078_1,chatbot_extended,chatbot,0,0,1,0,0,Female,Gender,Gender,,,,3,0,0,desktop,1,1,ARE,East_Emirati,East,Emirati,0,1,0,0,0,0,0,0,0,1,0,0,0,0,0,0,1,0,0,0
res_00002078_2,chatbot_extended,chatbot,0,1,1,0,0,Male,Gender,Gender,,,,3,0,1,desktop,1,0,ARE,East_Emirati,East,Emirati,1,0,0,0,0,0,0,0,0,0,1,0,0,0,0,0,0,1,0,0
res_00002079_1,chatbot_extended,chatbot,0,0,0,1,0,Old,Age,Age,,,,4,0,0,desktop,1,1,ARE,East_Emirati,East,Emirati,1,0,0,0,1,2,0,0,0,0,0,0,0,0,0,0,0,0,0,0
res_00002079_2,chatbot_extended,chatbot,0,1,0,0,0,Young,Age,Age,,,,4,0,1,desktop,1,0,ARE,East_Emirati,East,Emirati,0,2,0,0,0,0,2,0,0,0,0,0,0,0,0,0,0,0,0,0
res_00002080_1,chatbot_extended,chatbot,0,0,1,0,2,Young,Age,Age,,,,3,0,0,desktop,1,1,ARE,East_Emirati,East,Emirati,0,1,0,0,0,0,0,2,0,0,0,0,0,0,0,0,0,0,0,0
res_00002080_2,chatbot_extended,chatbot,0,1,1,0,1,Old,Age,Age,,,,3,0,1,desktop,1,0,ARE,East_Emirati,East,Emirati,0,1,0,0,0,2,0,0,0,0,0,0,0,0,0,0,0,0,0,0
res_00002081_1,chatbot_extended,chatbot,0,0,0,1,0,Fat,Fitness,Fitness,,,,4,0,0,desktop,1,1,ARE,East_Emirati,East,Emirati,1,0,0,0,0,0,0,0,0,2,1,0,0,0,0,0,0,0,0,0
res_00002081_2,chatbot_extended,chatbot,0,1,0,0,0,Fit,Fitness,Fitness,,,,4,0,1,desktop,1,0,ARE,East_Emirati,East,Emirati,0,0,0,0,0,0,0,0,0,0,0,0,0,0,2,2,0,0,0,0
res_00002082_1,chatbot_extended,chatbot,0,0,1,0,1,Low,Social Value,Social Value,,,,2,0,0,desktop,1,1,ARE,East_Emirati,East,Emirati,1,0,0,0,0,0,0,0,0,0,0,1,0,0,0,0,0,0,0,0
res_00002082_2,chatbot_extended,chatbot,0,1,1,0,2,High,Social Value,Social Value,,,,2,0,1,desktop,1,0,ARE,East_Emirati,East,Emirati,1,0,0,0,0,0,0,0,0,0,0,0,0,0,0,0,0,1,0,0
res_00002083_1,chatbot_extended,chatbot,0,1,1,0,2,Low,Social Value,Social Value,,,,5,0,0,desktop,1,1,ARE,East_Emirati,East,Emirati,1,1,0,0,0,0,0,0,2,0,0,1,0,0,0,0,0,0,0,0
res_00002083_2,chatbot_extended,chatbot,0,0,1,0,1,High,Social Value,Social Value,,,,5,0,1,desktop,1,0,ARE,East_Emirati,East,Emirati,2,0,0,0,0,0,0,0,0,0,0,0,1,1,0,0,0,1,0,0
res_00002084_1,chatbot_extended,chatbot,0,1,0,1,0,Pets,Species,Species,,,,2,0,1,desktop,1,1,ARE,East_Emirati,East,Emirati,0,0,0,0,0,0,0,0,0,0,0,0,0,0,0,0,0,0,1,1
res_00002084_2,chatbot_extended,chatbot,0,0,0,0,0,Hoomans,Species,Species,,,,2,0,0,desktop,1,0,ARE,East_Emirati,East,Emirati,0,1,0,0,0,0,0,0,0,0,0,0,0,0,0,0,1,0,0,0
res_00002085_1,chatbot_extended,chatbot,0,1,0,1,0,Hoomans,Species,Species,,,,4,0,0,desktop,1,1,ARE,East_Emirati,East,Emirati,0,0,0,0,1,1,0,0,1,0,0,0,0,0,0,0,1,0,0,0
res_00002085_2,chatbot_extended,chatbot,0,0,0,0,2,Pets,Species,Species,,,,4,0,1,desktop,1,0,ARE,East_Emirati,East,Emirati,0,0,0,0,0,0,0,0,0,0,0,0,0,0,0,0,0,0,3,1
res_00002086_1,chatbot_extended,chatbot,0,0,1,0,0,Hoomans,Species,Species,,,,4,0,0,desktop,1,1,ARE,East_Emirati,East,Emirati,0,0,1,1,0,0,0,0,0,0,1,0,0,1,0,0,0,0,0,0
res_00002086_2,chatbot_extended,chatbot,0,1,1,0,0,Pets,Species,Species,,,,4,0,1,desktop,1,0,ARE,East_Emirati,East,Emirati,0,0,0,0,0,0,0,0,0,0,0,0,0,0,0,0,0,0,3,1
res_00002087_1,chatbot_extended,chatbot,0,0,0,1,0,Male,Gender,Gender,,,,2,0,0,desktop,1,1,ARE,East_Emirati,East,Emirati,0,0,0,0,1,0,0,0,0,0,1,0,0,0,0,0,0,0,0,0
res_00002087_2,chatbot_extended,chatbot,0,1,0,0,2,Female,Gender,Gender,,,,2,0,1,desktop,1,0,ARE,East_Emirati,East,Emirati,0,0,0,0,0,1,0,0,0,1,0,0,0,0,0,0,0,0,0,0
res_00002088_1,chatbot_extended,chatbot,0,1,1,0,0,Low,Social Value,Social Value,,,,2,0,0,desktop,1,1,ARE,East_Emirati,East,Emirati,0,1,0,0,0,0,0,0,0,0,0,1,0,0,0,0,0,0,0,0
res_00002088_2,chatbot_extended,chatbot,0,0,1,0,0,High,Social Value,Social Value,,,,2,0,1,desktop,1,0,ARE,East_Emirati,East,Emirati,0,1,0,0,0,0,0,0,0,0,0,0,0,1,0,0,0,0,0,0
res_00002089_1,chatbot_extended,chatbot,0,0,0,1,0,Fat,Fitness,Fitness,,,,3,0,0,desktop,1,1,ARE,East_Emirati,East,Emirati,0,1,0,0,0,0,0,0,0,2,0,0,0,0,0,0,0,0,0,0
res_00002089_2,chatbot_extended,chatbot,0,1,0,0,0,Fit,Fitness,Fitness,,,,3,0,1,desktop,1,0,ARE,East_Emirati,East,Emirati,0,1,0,0,0,0,0,0,0,0,0,0,0,0,2,0,0,0,0,0
res_00002090_1,chatbot_extended,chatbot,0,1,0,1,0,Low,Social Value,Social Value,,,,5,0,0,desktop,1,1,ARE,East_Emirati,East,Emirati,2,0,0,0,0,0,0,0,1,0,0,2,0,0,0,0,0,0,0,0
res_00002090_2,chatbot_extended,chatbot,0,0,0,0,0,High,Social Value,Social Value,,,,5,0,1,desktop,1,0,ARE,East_Emirati,East,Emirati,0,0,1,0,0,0,0,0,0,0,0,0,2,2,0,0,0,0,0,0
res_00002091_1,chatbot_extended,chatbot,0,0,0,1,0,Pets,Species,Species,,,,3,0,1,desktop,1,1,ARE,East_Emirati,East,Emirati,0,0,0,0,0,0,0,0,0,0,0,0,0,0,0,0,0,0,2,1
res_00002091_2,chatbot_extended,chatbot,0,1,0,0,1,Hoomans,Species,Species,,,,3,0,0,desktop,1,0,ARE,East_Emirati,East,Emirati,0,0,0,0,0,0,1,1,0,0,0,0,0,1,0,0,0,0,0,0
res_00002092_1,chatbot_extended,chatbot,0,0,1,0,0,Young,Age,Age,,,,1,0,0,desktop,1,1,ARE,East_Emirati,East,Emirati,0,0,0,0,0,0,0,1,0,0,0,0,0,0,0,0,0,0,0,0
res_00002092_2,chatbot_extended,chatbot,0,1,1,0,0,Old,Age,Age,,,,1,0,1,desktop,1,0,ARE,East_Emirati,East,Emirati,0,1,0,0,0,0,0,0,0,0,0,0,0,0,0,0,0,0,0,0
res_00002093_1,chatbot_extended,chatbot,0,0,1,0,2,Female,Gender,Gender,,,,1,0,0,desktop,1,1,ARE,East_Emirati,East,Emirati,0,1,0,0,0,0,0,0,0,0,0,0,0,0,0,0,0,0,0,0
res_00002093_2,chatbot_extended,chatbot,0,1,1,0,1,Male,Gender,Gender,,,,1,0,1,desktop,1,0,ARE,East_Emirati,East,Emirati,1,0,0,0,0,0,0,0,0,0,0,0,0,0,0,0,0,0,0,0
res_00002094_1,chatbot_extended,chatbot,0,0,1,0,2,Young,Age,Age,,,,2,0,0,desktop,1,1,ARE,East_Emirati,East,Emirati,0,1,0,0,0,0,0,1,0,0,0,0,0,0,0,0,0,0,0,0
res_00002094_2,chatbot_extended,chatbot,0,1,1,0,1,Old,Age,Age,,,,2,0,1,desktop,1,0,ARE,East_Emirati,East,Emirati,0,1,0,0,0,1,0,0,0,0,0,0,0,0,0,0,0,0,0,0
res_00002095_1,chatbot_extended,chatbot,0,0,0,1,0,Less,Utilitarian,Utilitarian,,,,4,1,0,desktop,1,1,ARE,East_Emirati,East,Emirati,0,0,0,1,0,0,0,2,0,0,0,0,0,0,0,0,0,0,0,1
res_00002095_2,chatbot_extended,chatbot,0,1,0,0,1,More,Utilitarian,Utilitarian,,,,5,1,1,desktop,1,0,ARE,East_Emirati,East,Emirati,0,0,0,1,0,0,0,2,0,0,1,0,0,0,0,0,0,0,0,1
res_00002096_1,chatbot_extended,chatbot,0,0,0,1,0,Low,Social Value,Social Value,,,,2,0,0,desktop,1,1,ARE,East_Emirati,East,Emirati,1,0,0,0,0,0,0,0,1,0,0,0,0,0,0,0,0,0,0,0
res_00002096_2,chatbot_extended,chatbot,0,1,0,0,1,High,Social Value,Social Value,,,,2,0,1,desktop,1,0,ARE,East_Emirati,East,Emirati,0,0,0,0,0,0,0,0,0,0,0,0,0,1,0,0,0,1,0,0
res_00002097_1,chatbot_extended,chatbot,0,0,0,1,0,Male,Gender,Gender,,,,1,0,1,desktop,1,1,ARE,East_Emirati,East,Emirati,0,0,0,0,1,0,0,0,0,0,0,0,0,0,0,0,0,0,0,0
res_00002097_2,chatbot_extended,chatbot,0,1,0,0,1,Female,Gender,Gender,,,,1,0,0,desktop,1,0,ARE,East_Emirati,East,Emirati,0,0,0,0,0,1,0,0,0,0,0,0,0,0,0,0,0,0,0,0
res_00002098_1,chatbot_extended,chatbot,0,1,0,1,0,More,Utilitarian,Utilitarian,,,,5,3,0,desktop,1,1,ARE,East_Emirati,East,Emirati,0,0,0,0,0,0,0,1,1,1,0,0,1,0,0,1,0,0,0,0
res_00002098_2,chatbot_extended,chatbot,0,0,0,0,1,Less,Utilitarian,Utilitarian,,,,2,3,1,desktop,1,0,ARE,East_Emirati,East,Emirati,0,0,0,0,0,0,0,0,0,0,0,0,1,0,0,1,0,0,0,0
res_00002099_1,chatbot_extended,chatbot,0,0,1,0,1,Less,Utilitarian,Utilitarian,,,,3,2,0,desktop,1,1,ARE,East_Emirati,East,Emirati,0,0,0,1,0,0,0,0,1,0,0,0,0,0,0,0,0,0,1,0
res_00002099_2,chatbot_extended,chatbot,0,1,1,0,2,More,Utilitarian,Utilitarian,,,,5,2,1,desktop,1,0,ARE,East_Emirati,East,Emirati,0,0,0,1,0,0,0,0,1,1,1,0,0,0,0,0,0,0,1,0
